# https://github.com/mikedh/trimesh
v 0.00247456 0.00207684 -0.00687769
v 0.00251329 0.00217349 -0.00698699
v 0.00257425 0.00227418 -0.00687635
v 0.00253551 0.00217753 -0.00676706
v 0.00267664 0.00234753 -0.00677521
v 0.00263790 0.00225088 -0.00666591
v 0.00281044 0.00238636 -0.00669345
v 0.00277171 0.00228971 -0.00658415
v 0.00296256 0.00238687 -0.00663909
v 0.00292382 0.00229022 -0.00652979
v 0.00255639 0.00221957 -0.00704745
v 0.00261465 0.00231580 -0.00694172
v 0.00263086 0.00223747 -0.00709050
v 0.00261955 0.00213884 -0.00718172
v 0.00270767 0.00214331 -0.00717774
v 0.00271675 0.00222240 -0.00710460
v 0.00304082 0.00210287 -0.00709544
v 0.00275754 0.00228979 -0.00703055
v 0.00282606 0.00233887 -0.00696286
v 0.00291561 0.00236486 -0.00690815
v 0.00301741 0.00236520 -0.00687177
v 0.00312150 0.00233986 -0.00685728
v 0.00321770 0.00229133 -0.00686611
v 0.00329658 0.00222434 -0.00689738
v 0.00335042 0.00214546 -0.00694805
v 0.00337396 0.00206242 -0.00701313
v 0.00336489 0.00198333 -0.00708628
v 0.00332409 0.00191595 -0.00716032
v 0.00325557 0.00186686 -0.00722801
v 0.00316603 0.00184087 -0.00728273
v 0.00306422 0.00184053 -0.00731911
v 0.00296013 0.00186587 -0.00733359
v 0.00286394 0.00191441 -0.00732477
v 0.00276719 0.00238273 -0.00691374
v 0.00287887 0.00241514 -0.00684550
v 0.00284037 0.00242301 -0.00676692
v 0.00271250 0.00238590 -0.00684505
v 0.00268174 0.00232151 -0.00699816
v 0.00298575 0.00242349 -0.00671497
v 0.00300583 0.00241556 -0.00680013
v 0.00313564 0.00238396 -0.00678207
v 0.00313440 0.00238731 -0.00669428
v 0.00311810 0.00234901 -0.00661745
v 0.00296256 0.00238687 -0.00663909
v 0.00292382 0.00229022 -0.00652979
v 0.00307936 0.00225236 -0.00650815
v 0.00326184 0.00227648 -0.00663064
v 0.00322310 0.00217983 -0.00652134
v 0.00337970 0.00217639 -0.00667737
v 0.00334097 0.00207974 -0.00656807
v 0.00346016 0.00205853 -0.00675307
v 0.00342142 0.00196188 -0.00664377
v 0.00349533 0.00193444 -0.00685033
v 0.00345660 0.00183779 -0.00674103
v 0.00348178 0.00181626 -0.00695963
v 0.00344304 0.00171962 -0.00685032
v 0.00327177 0.00231800 -0.00670689
v 0.00325561 0.00232343 -0.00679308
v 0.00335398 0.00223989 -0.00683208
v 0.00338441 0.00222234 -0.00675155
v 0.00342114 0.00214152 -0.00689526
v 0.00346130 0.00210970 -0.00682389
v 0.00345049 0.00203796 -0.00697643
v 0.00349491 0.00199111 -0.00691684
v 0.00343918 0.00193933 -0.00706766
v 0.00348196 0.00187817 -0.00702130
v 0.00338830 0.00185529 -0.00716000
v 0.00342370 0.00178195 -0.00712703
v 0.00342082 0.00171557 -0.00707026
v 0.00348178 0.00181626 -0.00695963
v 0.00344304 0.00171962 -0.00685032
v 0.00338208 0.00161893 -0.00696096
v 0.00331843 0.00164222 -0.00717141
v 0.00327969 0.00154558 -0.00706211
v 0.00318463 0.00160339 -0.00725316
v 0.00314589 0.00150675 -0.00714386
v 0.00303251 0.00160288 -0.00730752
v 0.00299377 0.00150624 -0.00719822
v 0.00330284 0.00179407 -0.00724442
v 0.00332585 0.00171185 -0.00722370
v 0.00319117 0.00176166 -0.00731265
v 0.00319798 0.00167474 -0.00730183
v 0.00306421 0.00176124 -0.00735802
v 0.00305260 0.00167425 -0.00735378
v 0.00293439 0.00179284 -0.00737608
v 0.00290395 0.00171043 -0.00737446
v 0.00287697 0.00164075 -0.00732917
v 0.00303251 0.00160288 -0.00730752
v 0.00299377 0.00150624 -0.00719822
v 0.00283823 0.00154410 -0.00721987
v 0.00273323 0.00171327 -0.00731598
v 0.00269450 0.00161663 -0.00720668
v 0.00261536 0.00181336 -0.00726925
v 0.00257663 0.00171672 -0.00715995
v 0.00253491 0.00193122 -0.00719355
v 0.00249617 0.00183458 -0.00708425
v 0.00249974 0.00205531 -0.00709629
v 0.00246100 0.00195867 -0.00698699
v 0.00251329 0.00217349 -0.00698699
v 0.00247456 0.00207684 -0.00687769
v 0.00254344 0.00210663 -0.00715190
v 0.00276658 0.00177975 -0.00736186
v 0.00281443 0.00185337 -0.00736507
v 0.00271605 0.00193691 -0.00732607
v 0.00278506 0.00198139 -0.00729349
v 0.00273121 0.00206027 -0.00724283
v 0.00265394 0.00187540 -0.00731720
v 0.00264890 0.00203528 -0.00726289
v 0.00257705 0.00198804 -0.00724485
v 0.00437274 0.00138292 -0.00661832
v 0.00445431 0.00148425 -0.00674044
v 0.00450263 0.00156251 -0.00664322
v 0.00442106 0.00146118 -0.00652110
v 0.00458220 0.00161299 -0.00654819
v 0.00450063 0.00151166 -0.00642607
v 0.00436039 0.00128453 -0.00670820
v 0.00444197 0.00138587 -0.00683032
v 0.00438524 0.00117565 -0.00678195
v 0.00446681 0.00127698 -0.00690407
v 0.00444484 0.00106694 -0.00683234
v 0.00452641 0.00116827 -0.00695446
v 0.00449075 0.00142079 -0.00687084
v 0.00450255 0.00151482 -0.00678494
v 0.00456013 0.00143687 -0.00688590
v 0.00457043 0.00151898 -0.00681088
v 0.00463152 0.00142977 -0.00687145
v 0.00463978 0.00149561 -0.00681130
v 0.00488575 0.00135802 -0.00676115
v 0.00467212 0.00154799 -0.00674624
v 0.00472537 0.00158177 -0.00668264
v 0.00479432 0.00159365 -0.00662672
v 0.00487222 0.00158246 -0.00658396
v 0.00495144 0.00154931 -0.00655855
v 0.00502424 0.00149743 -0.00655297
v 0.00508348 0.00143190 -0.00656777
v 0.00512337 0.00135915 -0.00660149
v 0.00513999 0.00128628 -0.00665085
v 0.00513173 0.00122044 -0.00671100
v 0.00509940 0.00116806 -0.00677606
v 0.00504614 0.00113428 -0.00683966
v 0.00497719 0.00112240 -0.00689558
v 0.00489929 0.00113359 -0.00693834
v 0.00482007 0.00116674 -0.00696375
v 0.00474727 0.00121862 -0.00696933
v 0.00467717 0.00162643 -0.00665042
v 0.00476316 0.00164124 -0.00658069
v 0.00472323 0.00165482 -0.00652136
v 0.00462477 0.00163786 -0.00660121
v 0.00461076 0.00158430 -0.00672974
v 0.00454873 0.00158962 -0.00669203
v 0.00468523 0.00163074 -0.00646464
v 0.00458220 0.00161299 -0.00654819
v 0.00450063 0.00151166 -0.00642607
v 0.00460366 0.00152941 -0.00634251
v 0.00480164 0.00161403 -0.00640075
v 0.00472006 0.00151270 -0.00627862
v 0.00492002 0.00156449 -0.00636277
v 0.00483844 0.00146316 -0.00624065
v 0.00502880 0.00148697 -0.00635444
v 0.00494722 0.00138564 -0.00623231
v 0.00511731 0.00138906 -0.00637655
v 0.00503574 0.00128773 -0.00625442
v 0.00517691 0.00128034 -0.00642694
v 0.00509534 0.00117901 -0.00630482
v 0.00483448 0.00163885 -0.00646030
v 0.00486031 0.00162729 -0.00652737
v 0.00495912 0.00158595 -0.00649567
v 0.00494762 0.00159150 -0.00642401
v 0.00504990 0.00152125 -0.00648871
v 0.00505157 0.00151742 -0.00641604
v 0.00512378 0.00143953 -0.00650717
v 0.00513617 0.00142385 -0.00643717
v 0.00517353 0.00134879 -0.00654923
v 0.00519312 0.00131995 -0.00648534
v 0.00519426 0.00125792 -0.00661078
v 0.00521687 0.00121589 -0.00655582
v 0.00520176 0.00117146 -0.00650069
v 0.00517691 0.00128034 -0.00642694
v 0.00509534 0.00117901 -0.00630482
v 0.00512018 0.00107013 -0.00637856
v 0.00518942 0.00107307 -0.00659057
v 0.00510784 0.00097174 -0.00646845
v 0.00514109 0.00099481 -0.00668779
v 0.00505952 0.00089348 -0.00656566
v 0.00506152 0.00094433 -0.00678282
v 0.00497995 0.00084300 -0.00666070
v 0.00495849 0.00092658 -0.00686637
v 0.00487692 0.00082525 -0.00674425
v 0.00518396 0.00117580 -0.00668579
v 0.00520507 0.00112186 -0.00664171
v 0.00514363 0.00111048 -0.00676693
v 0.00515889 0.00104707 -0.00673462
v 0.00507722 0.00106836 -0.00684625
v 0.00508285 0.00099883 -0.00682545
v 0.00499123 0.00105354 -0.00691598
v 0.00498439 0.00098187 -0.00690529
v 0.00489408 0.00106749 -0.00696931
v 0.00487314 0.00099784 -0.00696635
v 0.00484209 0.00094330 -0.00693026
v 0.00495849 0.00092658 -0.00686637
v 0.00487692 0.00082525 -0.00674425
v 0.00476051 0.00084197 -0.00680814
v 0.00472371 0.00099284 -0.00696823
v 0.00464213 0.00089151 -0.00684611
v 0.00461493 0.00107036 -0.00697657
v 0.00453336 0.00096903 -0.00685445
v 0.00452641 0.00116827 -0.00695446
v 0.00444484 0.00106694 -0.00683234
v 0.00479527 0.00110884 -0.00700100
v 0.00476000 0.00104518 -0.00700264
v 0.00470449 0.00117354 -0.00700796
v 0.00465605 0.00111927 -0.00701061
v 0.00463061 0.00125525 -0.00698951
v 0.00468803 0.00128414 -0.00695453
v 0.00464814 0.00135690 -0.00692081
v 0.00457145 0.00121284 -0.00698948
v 0.00458087 0.00134599 -0.00694745
v 0.00451449 0.00131674 -0.00694132
v 0.00388718 -0.00000931 -0.00792507
v 0.00394061 0.00004712 -0.00802764
v 0.00399917 0.00013682 -0.00794778
v 0.00394574 0.00008039 -0.00784522
v 0.00408778 0.00019746 -0.00786826
v 0.00403435 0.00014104 -0.00776570
v 0.00419776 0.00022310 -0.00779686
v 0.00414433 0.00016668 -0.00769429
v 0.00386440 -0.00011929 -0.00799743
v 0.00391784 -0.00006287 -0.00810000
v 0.00387963 -0.00023879 -0.00805524
v 0.00393306 -0.00018236 -0.00815780
v 0.00396401 -0.00003659 -0.00814901
v 0.00398578 0.00006852 -0.00807985
v 0.00403222 -0.00002596 -0.00817170
v 0.00405124 0.00006583 -0.00811130
v 0.00410420 -0.00003384 -0.00816198
v 0.00411945 0.00003976 -0.00811355
v 0.00436407 -0.00009889 -0.00806238
v 0.00415864 0.00009979 -0.00806011
v 0.00421794 0.00014038 -0.00800689
v 0.00429154 0.00015754 -0.00795911
v 0.00437225 0.00014960 -0.00792143
v 0.00445215 0.00011734 -0.00789755
v 0.00452343 0.00006391 -0.00788981
v 0.00457911 -0.00000545 -0.00789896
v 0.00461374 -0.00008396 -0.00792410
v 0.00462393 -0.00016393 -0.00796279
v 0.00460869 -0.00023754 -0.00801122
v 0.00456950 -0.00029757 -0.00806466
v 0.00451020 -0.00033815 -0.00811788
v 0.00443660 -0.00035531 -0.00816566
v 0.00435589 -0.00034738 -0.00820334
v 0.00427599 -0.00031511 -0.00822721
v 0.00420471 -0.00026169 -0.00823496
v 0.00417406 0.00019131 -0.00797828
v 0.00426586 0.00021271 -0.00791869
v 0.00423153 0.00023671 -0.00785930
v 0.00412642 0.00021220 -0.00792754
v 0.00410011 0.00014070 -0.00804465
v 0.00404174 0.00015425 -0.00800354
v 0.00434678 0.00022537 -0.00780550
v 0.00436650 0.00020281 -0.00787170
v 0.00431835 0.00021124 -0.00774057
v 0.00419776 0.00022310 -0.00779686
v 0.00414433 0.00016668 -0.00769429
v 0.00426492 0.00015482 -0.00763800
v 0.00443775 0.00016304 -0.00770488
v 0.00438431 0.00010661 -0.00760232
v 0.00454426 0.00008320 -0.00769331
v 0.00449083 0.00002678 -0.00759074
v 0.00462746 -0.00002045 -0.00770698
v 0.00457403 -0.00007687 -0.00760442
v 0.00467921 -0.00013776 -0.00774456
v 0.00462578 -0.00019418 -0.00764199
v 0.00446615 0.00016258 -0.00784192
v 0.00455505 0.00009595 -0.00783226
v 0.00456267 0.00010301 -0.00776034
v 0.00446088 0.00017930 -0.00777140
v 0.00462449 0.00000944 -0.00784368
v 0.00464219 0.00000395 -0.00777341
v 0.00466768 -0.00008847 -0.00787504
v 0.00469164 -0.00010816 -0.00780932
v 0.00468039 -0.00018820 -0.00792328
v 0.00470620 -0.00022236 -0.00786455
v 0.00469444 -0.00025725 -0.00780236
v 0.00467921 -0.00013776 -0.00774456
v 0.00462578 -0.00019418 -0.00764199
v 0.00464101 -0.00031368 -0.00769979
v 0.00467166 -0.00036724 -0.00787473
v 0.00461823 -0.00042366 -0.00777216
v 0.00461310 -0.00045694 -0.00795458
v 0.00455967 -0.00051336 -0.00785201
v 0.00452449 -0.00051758 -0.00803410
v 0.00447106 -0.00057400 -0.00793153
v 0.00441451 -0.00054322 -0.00810550
v 0.00436108 -0.00059965 -0.00800293
v 0.00466138 -0.00028000 -0.00798368
v 0.00468443 -0.00032747 -0.00793372
v 0.00461250 -0.00035486 -0.00805032
v 0.00462846 -0.00041320 -0.00801003
v 0.00453855 -0.00040547 -0.00811669
v 0.00454378 -0.00047115 -0.00808602
v 0.00444676 -0.00042688 -0.00817628
v 0.00443867 -0.00049566 -0.00815426
v 0.00434611 -0.00041698 -0.00822327
v 0.00432343 -0.00048432 -0.00820807
v 0.00429392 -0.00053136 -0.00816180
v 0.00441451 -0.00054322 -0.00810550
v 0.00436108 -0.00059965 -0.00800293
v 0.00424049 -0.00058779 -0.00805923
v 0.00417453 -0.00048316 -0.00819748
v 0.00412109 -0.00053958 -0.00809491
v 0.00406802 -0.00040332 -0.00820905
v 0.00401458 -0.00045974 -0.00810648
v 0.00398481 -0.00029968 -0.00819538
v 0.00393138 -0.00035610 -0.00809281
v 0.00393306 -0.00018236 -0.00815780
v 0.00387963 -0.00023879 -0.00805524
v 0.00424646 -0.00037674 -0.00825305
v 0.00420932 -0.00043825 -0.00824216
v 0.00415757 -0.00031011 -0.00826271
v 0.00410753 -0.00036196 -0.00825322
v 0.00408813 -0.00022361 -0.00825130
v 0.00414903 -0.00019232 -0.00822581
v 0.00411440 -0.00011381 -0.00820066
v 0.00402802 -0.00026290 -0.00824016
v 0.00404494 -0.00012570 -0.00821994
v 0.00397856 -0.00015079 -0.00820425
v -0.00514279 0.00094282 -0.00646082
v -0.00523088 0.00105538 -0.00660246
v -0.00515461 0.00122527 -0.00651488
v -0.00506652 0.00111272 -0.00637324
v -0.00516322 0.00077650 -0.00658028
v -0.00525131 0.00088905 -0.00672192
v -0.00512583 0.00063003 -0.00671993
v -0.00521392 0.00074258 -0.00686157
v -0.00503427 0.00051775 -0.00686609
v -0.00512237 0.00063031 -0.00700773
v -0.00489751 0.00045066 -0.00700447
v -0.00498560 0.00056322 -0.00714611
v -0.00527217 0.00095814 -0.00680669
v -0.00525264 0.00111709 -0.00669252
v -0.00523509 0.00102669 -0.00688702
v -0.00521803 0.00116551 -0.00678732
v -0.00514999 0.00107635 -0.00694139
v -0.00513631 0.00118766 -0.00686144
v -0.00475463 0.00121210 -0.00707940
v -0.00508527 0.00130136 -0.00680283
v -0.00500187 0.00140632 -0.00677129
v -0.00489427 0.00149228 -0.00676991
v -0.00477299 0.00155081 -0.00679883
v -0.00464992 0.00157618 -0.00685521
v -0.00453710 0.00156591 -0.00693353
v -0.00444558 0.00152101 -0.00702614
v -0.00438430 0.00144587 -0.00712396
v -0.00435928 0.00134785 -0.00721741
v -0.00437296 0.00123654 -0.00729736
v -0.00442400 0.00112284 -0.00735597
v -0.00450740 0.00101787 -0.00738751
v -0.00461500 0.00093192 -0.00738889
v -0.00473628 0.00087339 -0.00735998
v -0.00485935 0.00084802 -0.00730360
v -0.00497217 0.00085829 -0.00722527
v -0.00505036 0.00143822 -0.00667489
v -0.00491617 0.00154541 -0.00667316
v -0.00490699 0.00155210 -0.00656181
v -0.00506066 0.00142936 -0.00656378
v -0.00515438 0.00130731 -0.00671422
v -0.00517976 0.00127946 -0.00660882
v -0.00502999 0.00138212 -0.00646775
v -0.00515461 0.00122527 -0.00651488
v -0.00506652 0.00111272 -0.00637324
v -0.00494190 0.00126956 -0.00632611
v -0.00486920 0.00151055 -0.00646569
v -0.00478111 0.00139800 -0.00632405
v -0.00468799 0.00159801 -0.00650890
v -0.00459990 0.00148545 -0.00636726
v -0.00450409 0.00163592 -0.00659314
v -0.00441600 0.00152337 -0.00645150
v -0.00433551 0.00162058 -0.00671018
v -0.00424742 0.00150803 -0.00656854
v -0.00473381 0.00163568 -0.00660310
v -0.00476492 0.00161840 -0.00670923
v -0.00461144 0.00165005 -0.00677954
v -0.00455806 0.00167191 -0.00668362
v -0.00447074 0.00163724 -0.00687722
v -0.00439696 0.00165725 -0.00679547
v -0.00435660 0.00158125 -0.00699271
v -0.00426625 0.00159313 -0.00692771
v -0.00419875 0.00155349 -0.00684855
v -0.00433551 0.00162058 -0.00671018
v -0.00424742 0.00150803 -0.00656854
v -0.00411066 0.00144094 -0.00670692
v -0.00410719 0.00144122 -0.00699472
v -0.00401910 0.00132866 -0.00685308
v -0.00406980 0.00129475 -0.00713436
v -0.00398171 0.00118219 -0.00699273
v -0.00409024 0.00112842 -0.00725383
v -0.00400215 0.00101587 -0.00711219
v -0.00416650 0.00095852 -0.00734141
v -0.00407841 0.00084597 -0.00719977
v -0.00428018 0.00148754 -0.00711470
v -0.00417875 0.00148584 -0.00706740
v -0.00424897 0.00136529 -0.00723125
v -0.00414302 0.00134586 -0.00720086
v -0.00426603 0.00122648 -0.00733096
v -0.00416255 0.00118690 -0.00731502
v -0.00432968 0.00108468 -0.00740406
v -0.00423544 0.00102453 -0.00739872
v -0.00443370 0.00095377 -0.00744339
v -0.00435454 0.00087464 -0.00744376
v -0.00429113 0.00080168 -0.00738854
v -0.00416650 0.00095852 -0.00734141
v -0.00407841 0.00084597 -0.00719977
v -0.00420304 0.00068912 -0.00724690
v -0.00445192 0.00067324 -0.00739060
v -0.00436383 0.00056069 -0.00724896
v -0.00463313 0.00058579 -0.00734739
v -0.00454504 0.00047323 -0.00720575
v -0.00481702 0.00054788 -0.00726314
v -0.00472893 0.00043532 -0.00712151
v -0.00498560 0.00056322 -0.00714611
v -0.00489751 0.00045066 -0.00700447
v -0.00456789 0.00084658 -0.00744511
v -0.00450820 0.00075190 -0.00744573
v -0.00471914 0.00077359 -0.00740905
v -0.00468138 0.00066832 -0.00740444
v -0.00487262 0.00074194 -0.00733873
v -0.00485713 0.00063208 -0.00732393
v -0.00501332 0.00075475 -0.00724105
v -0.00501824 0.00064674 -0.00721208
v -0.00512746 0.00081074 -0.00712556
v -0.00506369 0.00090318 -0.00713267
v -0.00512497 0.00097832 -0.00703485
v -0.00514894 0.00071086 -0.00707983
v -0.00520388 0.00090445 -0.00700357
v -0.00523644 0.00081816 -0.00694015
v -0.00456817 -0.00020228 -0.00768172
v -0.00462021 -0.00014845 -0.00777762
v -0.00457698 -0.00003001 -0.00773459
v -0.00452494 -0.00008384 -0.00763869
v -0.00457454 -0.00031976 -0.00774420
v -0.00462658 -0.00026593 -0.00784010
v -0.00454345 -0.00042478 -0.00782003
v -0.00459549 -0.00037095 -0.00791592
v -0.00447793 -0.00050707 -0.00790177
v -0.00452997 -0.00045324 -0.00799767
v -0.00438440 -0.00055857 -0.00798143
v -0.00443644 -0.00050474 -0.00807733
v -0.00463937 -0.00022952 -0.00790096
v -0.00463328 -0.00011724 -0.00784125
v -0.00461481 -0.00019158 -0.00795759
v -0.00460948 -0.00009353 -0.00790545
v -0.00455947 -0.00016230 -0.00799483
v -0.00455520 -0.00008367 -0.00795301
v -0.00430330 -0.00007714 -0.00808604
v -0.00452628 -0.00000441 -0.00792422
v -0.00447552 0.00006773 -0.00791126
v -0.00440791 0.00012569 -0.00791542
v -0.00433006 0.00016380 -0.00793628
v -0.00424959 0.00017832 -0.00797179
v -0.00417437 0.00016784 -0.00801849
v -0.00411178 0.00013337 -0.00807181
v -0.00406793 0.00007830 -0.00812651
v -0.00404712 0.00000802 -0.00817726
v -0.00405139 -0.00007061 -0.00821908
v -0.00408032 -0.00014987 -0.00824787
v -0.00413107 -0.00022201 -0.00826082
v -0.00419868 -0.00027997 -0.00825667
v -0.00427653 -0.00031808 -0.00823581
v -0.00435700 -0.00033260 -0.00820029
v -0.00443222 -0.00032212 -0.00815359
v -0.00451011 0.00009528 -0.00785338
v -0.00442579 0.00016757 -0.00785857
v -0.00442294 0.00018174 -0.00778757
v -0.00451949 0.00009897 -0.00778163
v -0.00457341 0.00000531 -0.00786954
v -0.00459197 -0.00000406 -0.00780013
v -0.00450115 0.00007779 -0.00771524
v -0.00457698 -0.00003001 -0.00773459
v -0.00452494 -0.00008384 -0.00763869
v -0.00444911 0.00002396 -0.00761934
v -0.00440012 0.00016440 -0.00772145
v -0.00434808 0.00011056 -0.00762555
v -0.00428379 0.00022134 -0.00775261
v -0.00423175 0.00016751 -0.00765671
v -0.00416354 0.00024304 -0.00780568
v -0.00411150 0.00018921 -0.00770979
v -0.00405115 0.00022737 -0.00787547
v -0.00399911 0.00017354 -0.00777957
v -0.00431177 0.00023615 -0.00781735
v -0.00432870 0.00021509 -0.00788458
v -0.00422834 0.00023321 -0.00792887
v -0.00419685 0.00025689 -0.00786807
v -0.00413454 0.00022013 -0.00798711
v -0.00408944 0.00024192 -0.00793476
v -0.00405648 0.00017715 -0.00805360
v -0.00400005 0.00019271 -0.00801089
v -0.00395762 0.00017587 -0.00795513
v -0.00405115 0.00022737 -0.00787547
v -0.00399911 0.00017354 -0.00777957
v -0.00390558 0.00012204 -0.00785923
v -0.00389210 0.00009359 -0.00803688
v -0.00384006 0.00003976 -0.00794098
v -0.00386101 -0.00001144 -0.00811270
v -0.00380897 -0.00006527 -0.00801680
v -0.00386739 -0.00012892 -0.00817518
v -0.00381535 -0.00018275 -0.00807928
v -0.00391061 -0.00024736 -0.00821821
v -0.00385857 -0.00030119 -0.00812231
v -0.00400180 0.00010847 -0.00812183
v -0.00393744 0.00011407 -0.00808902
v -0.00397584 0.00002082 -0.00818511
v -0.00390772 0.00001369 -0.00816148
v -0.00398117 -0.00007724 -0.00823726
v -0.00391382 -0.00009858 -0.00822120
v -0.00401724 -0.00017608 -0.00827317
v -0.00395512 -0.00021177 -0.00826232
v -0.00408054 -0.00026605 -0.00828933
v -0.00402760 -0.00031479 -0.00828081
v -0.00398645 -0.00035515 -0.00823757
v -0.00391061 -0.00024736 -0.00821821
v -0.00385857 -0.00030119 -0.00812231
v -0.00393441 -0.00040898 -0.00814166
v -0.00408748 -0.00044176 -0.00823135
v -0.00403543 -0.00049559 -0.00813545
v -0.00420381 -0.00049870 -0.00820019
v -0.00415176 -0.00055253 -0.00810429
v -0.00432405 -0.00052040 -0.00814712
v -0.00427201 -0.00057423 -0.00805122
v -0.00443644 -0.00050474 -0.00807733
v -0.00438440 -0.00055857 -0.00798143
v -0.00416486 -0.00033834 -0.00828414
v -0.00412415 -0.00039756 -0.00827488
v -0.00426195 -0.00038586 -0.00825813
v -0.00423533 -0.00045198 -0.00824509
v -0.00436231 -0.00040398 -0.00821384
v -0.00435024 -0.00047272 -0.00819437
v -0.00445611 -0.00039090 -0.00815559
v -0.00445765 -0.00045775 -0.00812768
v -0.00453417 -0.00034792 -0.00808911
v -0.00449481 -0.00028765 -0.00810028
v -0.00453866 -0.00023258 -0.00804557
v -0.00454704 -0.00040853 -0.00805155
v -0.00458885 -0.00027924 -0.00802088
v -0.00460966 -0.00032989 -0.00797343
v -0.00665155 0.00078513 -0.00532269
v -0.00671318 0.00084037 -0.00538523
v -0.00665702 0.00096631 -0.00532935
v -0.00659538 0.00091107 -0.00526682
v -0.00657094 0.00108588 -0.00530858
v -0.00650931 0.00103064 -0.00524604
v -0.00646339 0.00118737 -0.00532494
v -0.00640175 0.00113214 -0.00526240
v -0.00634488 0.00126086 -0.00537683
v -0.00628324 0.00120563 -0.00531429
v -0.00622702 0.00129915 -0.00545917
v -0.00616538 0.00124391 -0.00539664
v -0.00674331 0.00088443 -0.00544547
v -0.00668963 0.00100478 -0.00539207
v -0.00673331 0.00092207 -0.00551640
v -0.00675064 0.00082194 -0.00558777
v -0.00669975 0.00086293 -0.00563623
v -0.00668586 0.00094322 -0.00557901
v -0.00644380 0.00098396 -0.00578159
v -0.00664827 0.00102751 -0.00554162
v -0.00659066 0.00110753 -0.00552772
v -0.00651869 0.00117545 -0.00553867
v -0.00643937 0.00122463 -0.00557339
v -0.00636050 0.00125025 -0.00562850
v -0.00628978 0.00124981 -0.00569859
v -0.00623413 0.00122334 -0.00577681
v -0.00619901 0.00117344 -0.00585549
v -0.00618785 0.00110500 -0.00592694
v -0.00620175 0.00102470 -0.00598417
v -0.00623934 0.00094042 -0.00602156
v -0.00629694 0.00086040 -0.00603546
v -0.00636892 0.00079247 -0.00602451
v -0.00644823 0.00074329 -0.00598978
v -0.00652711 0.00071767 -0.00593468
v -0.00659783 0.00071811 -0.00586459
v -0.00661459 0.00112698 -0.00545243
v -0.00652482 0.00121169 -0.00546609
v -0.00650458 0.00121605 -0.00538786
v -0.00660737 0.00111906 -0.00537222
v -0.00668643 0.00102719 -0.00546977
v -0.00639133 0.00128628 -0.00543745
v -0.00642591 0.00127302 -0.00550939
v -0.00632754 0.00130498 -0.00557812
v -0.00627869 0.00132287 -0.00551614
v -0.00623935 0.00130442 -0.00566553
v -0.00617770 0.00132224 -0.00561624
v -0.00612134 0.00129848 -0.00556391
v -0.00622702 0.00129915 -0.00545917
v -0.00616538 0.00124391 -0.00539664
v -0.00605971 0.00124325 -0.00550137
v -0.00603820 0.00125893 -0.00568079
v -0.00597656 0.00120370 -0.00561825
v -0.00598572 0.00118437 -0.00579836
v -0.00592408 0.00112914 -0.00573582
v -0.00596904 0.00108209 -0.00590512
v -0.00590741 0.00102686 -0.00584258
v -0.00598981 0.00096211 -0.00599063
v -0.00592817 0.00090688 -0.00592809
v -0.00616995 0.00127142 -0.00576308
v -0.00609823 0.00128444 -0.00572793
v -0.00612615 0.00120918 -0.00586121
v -0.00604808 0.00121318 -0.00584029
v -0.00611223 0.00112382 -0.00595031
v -0.00603215 0.00111544 -0.00594233
v -0.00612957 0.00102368 -0.00602168
v -0.00605199 0.00100078 -0.00602404
v -0.00617644 0.00091857 -0.00606831
v -0.00610567 0.00088042 -0.00607744
v -0.00604597 0.00083617 -0.00604650
v -0.00598981 0.00096211 -0.00599063
v -0.00592817 0.00090688 -0.00592809
v -0.00598434 0.00078094 -0.00598396
v -0.00613205 0.00071660 -0.00606727
v -0.00607041 0.00066137 -0.00600473
v -0.00623960 0.00061511 -0.00605091
v -0.00617797 0.00055987 -0.00598837
v -0.00635811 0.00054162 -0.00599902
v -0.00629647 0.00048639 -0.00593648
v -0.00647597 0.00050333 -0.00591668
v -0.00641433 0.00044810 -0.00585414
v -0.00624828 0.00081878 -0.00608565
v -0.00618793 0.00076615 -0.00609729
v -0.00633805 0.00073407 -0.00607199
v -0.00629071 0.00066915 -0.00608166
v -0.00643696 0.00067273 -0.00602869
v -0.00640397 0.00059892 -0.00603207
v -0.00653532 0.00064078 -0.00595996
v -0.00651661 0.00056233 -0.00595337
v -0.00662352 0.00064133 -0.00587255
v -0.00661760 0.00056296 -0.00585328
v -0.00658164 0.00050400 -0.00581194
v -0.00647597 0.00050333 -0.00591668
v -0.00641433 0.00044810 -0.00585414
v -0.00652001 0.00044877 -0.00574940
v -0.00666479 0.00054355 -0.00569507
v -0.00660316 0.00048831 -0.00563253
v -0.00671727 0.00061811 -0.00557749
v -0.00665564 0.00056288 -0.00551496
v -0.00673394 0.00072039 -0.00547073
v -0.00667231 0.00066515 -0.00540819
v -0.00671318 0.00084037 -0.00538523
v -0.00665155 0.00078513 -0.00532269
v -0.00676315 0.00076976 -0.00552719
v -0.00669706 0.00060076 -0.00574158
v -0.00674722 0.00067202 -0.00562922
v -0.00669292 0.00067434 -0.00577500
v -0.00665347 0.00074458 -0.00578637
v -0.00668859 0.00079448 -0.00570768
v -0.00673672 0.00073658 -0.00567687
v -0.00336126 0.00196300 -0.00672282
v -0.00338839 0.00202903 -0.00679968
v -0.00332347 0.00214827 -0.00672015
v -0.00329634 0.00208223 -0.00664328
v -0.00321925 0.00225333 -0.00666666
v -0.00319213 0.00218729 -0.00658980
v -0.00308594 0.00233392 -0.00664446
v -0.00305882 0.00226788 -0.00656760
v -0.00293660 0.00238216 -0.00665572
v -0.00290947 0.00231612 -0.00657886
v -0.00278583 0.00239332 -0.00669934
v -0.00275870 0.00232729 -0.00662248
v -0.00338896 0.00207961 -0.00686814
v -0.00332692 0.00219357 -0.00679213
v -0.00334806 0.00211437 -0.00693479
v -0.00336415 0.00201275 -0.00701642
v -0.00328953 0.00204251 -0.00704723
v -0.00327663 0.00212398 -0.00698178
v -0.00296455 0.00210683 -0.00710665
v -0.00323318 0.00220378 -0.00692855
v -0.00316343 0.00227409 -0.00689276
v -0.00307422 0.00232802 -0.00687790
v -0.00297427 0.00236031 -0.00688544
v -0.00287337 0.00236778 -0.00691462
v -0.00278140 0.00234971 -0.00696261
v -0.00270735 0.00230786 -0.00702469
v -0.00265848 0.00224633 -0.00709480
v -0.00263957 0.00217115 -0.00716607
v -0.00265247 0.00208968 -0.00723152
v -0.00269592 0.00200988 -0.00728474
v -0.00276566 0.00193957 -0.00732054
v -0.00285488 0.00188564 -0.00733539
v -0.00295483 0.00185335 -0.00732786
v -0.00305572 0.00184588 -0.00729867
v -0.00314770 0.00186395 -0.00725069
v -0.00320689 0.00230157 -0.00682377
v -0.00309563 0.00236883 -0.00680525
v -0.00309992 0.00237099 -0.00671980
v -0.00322732 0.00229397 -0.00674102
v -0.00329387 0.00221388 -0.00686841
v -0.00295719 0.00241709 -0.00673056
v -0.00297099 0.00240909 -0.00681464
v -0.00284515 0.00241841 -0.00685104
v -0.00281311 0.00242776 -0.00677224
v -0.00273045 0.00239587 -0.00691089
v -0.00268176 0.00240195 -0.00684077
v -0.00264839 0.00236632 -0.00677104
v -0.00278583 0.00239332 -0.00669934
v -0.00275870 0.00232729 -0.00662248
v -0.00262127 0.00230028 -0.00669418
v -0.00253775 0.00230379 -0.00686381
v -0.00251063 0.00223775 -0.00678695
v -0.00246473 0.00221186 -0.00696856
v -0.00243760 0.00214582 -0.00689170
v -0.00243647 0.00209952 -0.00707505
v -0.00240935 0.00203348 -0.00699819
v -0.00245575 0.00197777 -0.00717285
v -0.00242862 0.00191173 -0.00709599
v -0.00263810 0.00234368 -0.00698832
v -0.00257602 0.00234219 -0.00692943
v -0.00257715 0.00226695 -0.00707575
v -0.00250623 0.00225433 -0.00702954
v -0.00255357 0.00217319 -0.00716462
v -0.00247923 0.00214697 -0.00713131
v -0.00256966 0.00207158 -0.00724625
v -0.00249765 0.00203062 -0.00722477
v -0.00262384 0.00197206 -0.00731263
v -0.00255970 0.00191667 -0.00730078
v -0.00252067 0.00185853 -0.00725238
v -0.00245575 0.00197777 -0.00717285
v -0.00242862 0.00191173 -0.00709599
v -0.00249354 0.00179250 -0.00717552
v -0.00262488 0.00175347 -0.00730587
v -0.00259776 0.00168744 -0.00722901
v -0.00275819 0.00167288 -0.00732807
v -0.00273107 0.00160685 -0.00725121
v -0.00290754 0.00162464 -0.00731681
v -0.00288041 0.00155861 -0.00723995
v -0.00305830 0.00161348 -0.00727319
v -0.00303118 0.00154744 -0.00719633
v -0.00271082 0.00188438 -0.00735727
v -0.00265930 0.00181626 -0.00735190
v -0.00282208 0.00181712 -0.00737579
v -0.00278669 0.00173924 -0.00737311
v -0.00294673 0.00177686 -0.00736640
v -0.00292942 0.00169314 -0.00736235
v -0.00307256 0.00176754 -0.00732999
v -0.00307351 0.00168247 -0.00732067
v -0.00318727 0.00179008 -0.00727015
v -0.00320485 0.00170828 -0.00725214
v -0.00319574 0.00164049 -0.00720149
v -0.00305830 0.00161348 -0.00727319
v -0.00303118 0.00154744 -0.00719633
v -0.00316861 0.00157445 -0.00712463
v -0.00330638 0.00170302 -0.00710872
v -0.00327926 0.00163698 -0.00703186
v -0.00337941 0.00179495 -0.00700397
v -0.00335228 0.00172891 -0.00692711
v -0.00340766 0.00190729 -0.00689748
v -0.00338054 0.00184125 -0.00682062
v -0.00338839 0.00202903 -0.00679968
v -0.00336126 0.00196300 -0.00672282
v -0.00340739 0.00196326 -0.00696160
v -0.00331059 0.00176804 -0.00716349
v -0.00338038 0.00185590 -0.00706337
v -0.00327961 0.00184227 -0.00719272
v -0.00322175 0.00190580 -0.00718860
v -0.00327062 0.00196733 -0.00711849
v -0.00334056 0.00191900 -0.00710529
v -0.00614940 0.00318740 -0.00313726
v -0.00618157 0.00318989 -0.00303810
v -0.00619624 0.00323827 -0.00304663
v -0.00616488 0.00323584 -0.00314331
v -0.00622170 0.00327081 -0.00306271
v -0.00619254 0.00326855 -0.00315259
v -0.00625111 0.00327879 -0.00308200
v -0.00622496 0.00327676 -0.00316261
v -0.00641582 0.00324656 -0.00319197
v -0.00629136 0.00327750 -0.00301839
v -0.00634379 0.00327319 -0.00297177
v -0.00640328 0.00326627 -0.00294671
v -0.00646399 0.00325742 -0.00294565
v -0.00651999 0.00324751 -0.00296870
v -0.00656579 0.00323750 -0.00301361
v -0.00659691 0.00322838 -0.00307598
v -0.00661031 0.00322105 -0.00314970
v -0.00660419 0.00321580 -0.00323408
v -0.00635160 0.00323209 -0.00352038
v -0.00654247 0.00320189 -0.00354973
v -0.00651632 0.00319986 -0.00363034
v -0.00657096 0.00318340 -0.00355781
v -0.00654180 0.00318115 -0.00364769
v -0.00658790 0.00314317 -0.00356178
v -0.00655654 0.00314074 -0.00365845
v -0.00647607 0.00320115 -0.00369395
v -0.00642364 0.00320546 -0.00374057
v -0.00636415 0.00321238 -0.00376564
v -0.00630344 0.00322123 -0.00376669
v -0.00624744 0.00323115 -0.00374364
v -0.00620164 0.00324115 -0.00369873
v -0.00617052 0.00325027 -0.00363637
v -0.00615712 0.00325760 -0.00356265
v -0.00616324 0.00326285 -0.00347826
v -0.00612957 0.00325436 -0.00347462
v -0.00612275 0.00324851 -0.00356872
v -0.00613838 0.00323995 -0.00365472
v -0.00617469 0.00322931 -0.00372748
v -0.00622812 0.00321764 -0.00377988
v -0.00629345 0.00320608 -0.00380677
v -0.00636428 0.00319575 -0.00380554
v -0.00612957 0.00325436 -0.00347462
v -0.00610100 0.00322144 -0.00347001
v -0.00608518 0.00317292 -0.00346567
v -0.00598116 0.00246544 -0.00341415
v -0.00604538 0.00247991 -0.00308574
v -0.00618157 0.00318989 -0.00303810
v -0.00607755 0.00248241 -0.00298658
v -0.00623523 0.00318818 -0.00295329
v -0.00613121 0.00248069 -0.00290177
v -0.00630514 0.00318242 -0.00289113
v -0.00620112 0.00247494 -0.00283961
v -0.00638445 0.00317320 -0.00285771
v -0.00628043 0.00246571 -0.00280619
v -0.00646539 0.00316140 -0.00285630
v -0.00636138 0.00245392 -0.00280478
v -0.00654005 0.00314818 -0.00288703
v -0.00643604 0.00244070 -0.00283551
v -0.00660112 0.00313484 -0.00294691
v -0.00649710 0.00242736 -0.00289539
v -0.00664262 0.00312269 -0.00303006
v -0.00653860 0.00241520 -0.00297854
v -0.00666048 0.00311290 -0.00312835
v -0.00655646 0.00240542 -0.00307683
v -0.00665295 0.00310645 -0.00323216
v -0.00654893 0.00239897 -0.00318064
v -0.00658873 0.00309198 -0.00356057
v -0.00648471 0.00238449 -0.00350905
v -0.00645255 0.00238200 -0.00360821
v -0.00655657 0.00308949 -0.00365973
v -0.00639888 0.00238372 -0.00369303
v -0.00650290 0.00309120 -0.00374455
v -0.00632897 0.00238947 -0.00375518
v -0.00643299 0.00309695 -0.00380670
v -0.00624966 0.00239870 -0.00378860
v -0.00635368 0.00310618 -0.00384012
v -0.00616872 0.00241049 -0.00379001
v -0.00627274 0.00311798 -0.00384153
v -0.00609406 0.00242371 -0.00375928
v -0.00619807 0.00313119 -0.00381080
v -0.00603299 0.00243705 -0.00369940
v -0.00613701 0.00314453 -0.00375092
v -0.00599150 0.00244920 -0.00361625
v -0.00609551 0.00315669 -0.00366777
v -0.00597363 0.00245899 -0.00351796
v -0.00607765 0.00316647 -0.00356948
v -0.00598116 0.00246544 -0.00341415
v -0.00608518 0.00317292 -0.00346567
v -0.00655654 0.00314074 -0.00365845
v -0.00658873 0.00309198 -0.00356057
v -0.00655657 0.00308949 -0.00365973
v -0.00650467 0.00314240 -0.00374042
v -0.00650290 0.00309120 -0.00374455
v -0.00643710 0.00314796 -0.00380050
v -0.00643299 0.00309695 -0.00380670
v -0.00636045 0.00315688 -0.00383280
v -0.00636428 0.00319575 -0.00380554
v -0.00629345 0.00320608 -0.00380677
v -0.00628221 0.00316828 -0.00383416
v -0.00622812 0.00321764 -0.00377988
v -0.00621005 0.00318105 -0.00380446
v -0.00617469 0.00322931 -0.00372748
v -0.00615103 0.00319395 -0.00374659
v -0.00613838 0.00323995 -0.00365472
v -0.00611093 0.00320570 -0.00366622
v -0.00612275 0.00324851 -0.00356872
v -0.00609366 0.00321515 -0.00357122
v -0.00607765 0.00316647 -0.00356948
v -0.00609551 0.00315669 -0.00366777
v -0.00613701 0.00314453 -0.00375092
v -0.00619807 0.00313119 -0.00381080
v -0.00627274 0.00311798 -0.00384153
v -0.00635368 0.00310618 -0.00384012
v -0.00626866 0.00326931 -0.00298849
v -0.00632983 0.00326428 -0.00293411
v -0.00639923 0.00325620 -0.00290486
v -0.00647006 0.00324588 -0.00290363
v -0.00653538 0.00323431 -0.00293052
v -0.00658882 0.00322264 -0.00298292
v -0.00662513 0.00321201 -0.00305568
v -0.00660175 0.00318507 -0.00295850
v -0.00654273 0.00319796 -0.00290063
v -0.00654005 0.00314818 -0.00288703
v -0.00646539 0.00316140 -0.00285630
v -0.00647057 0.00321073 -0.00287092
v -0.00638445 0.00317320 -0.00285771
v -0.00639233 0.00322214 -0.00287229
v -0.00630514 0.00318242 -0.00289113
v -0.00631568 0.00323105 -0.00290459
v -0.00623523 0.00318818 -0.00295329
v -0.00624811 0.00323661 -0.00296466
v -0.00626866 0.00326931 -0.00298849
v -0.00632983 0.00326428 -0.00293411
v -0.00639923 0.00325620 -0.00290486
v -0.00647006 0.00324588 -0.00290363
v -0.00653538 0.00323431 -0.00293052
v -0.00660112 0.00313484 -0.00294691
v -0.00664185 0.00317332 -0.00303887
v -0.00664262 0.00312269 -0.00303006
v -0.00665912 0.00316386 -0.00313387
v -0.00666048 0.00311290 -0.00312835
v -0.00664075 0.00320345 -0.00314168
v -0.00663394 0.00319760 -0.00323578
v -0.00665178 0.00315757 -0.00323507
v -0.00665295 0.00310645 -0.00323216
v -0.00663394 0.00319760 -0.00323578
v -0.00643368 0.00318768 -0.00377629
v -0.00649485 0.00318264 -0.00372190
v -0.00650467 0.00314240 -0.00374042
v -0.00643368 0.00318768 -0.00377629
v 0.00674624 0.00311413 -0.00321029
v 0.00675963 0.00311523 -0.00309882
v 0.00675626 0.00317026 -0.00310160
v 0.00674320 0.00316919 -0.00321027
v 0.00673485 0.00321262 -0.00310665
v 0.00672271 0.00321162 -0.00320770
v 0.00670114 0.00323095 -0.00311264
v 0.00669025 0.00323006 -0.00320325
v 0.00648903 0.00325412 -0.00314652
v 0.00669042 0.00323404 -0.00303235
v 0.00665999 0.00323909 -0.00296324
v 0.00661282 0.00324562 -0.00291206
v 0.00655354 0.00325298 -0.00288384
v 0.00648794 0.00326045 -0.00288133
v 0.00642245 0.00326730 -0.00290478
v 0.00636348 0.00327286 -0.00295189
v 0.00631680 0.00327658 -0.00301806
v 0.00628447 0.00327824 -0.00310340
v 0.00640303 0.00325564 -0.00349674
v 0.00620181 0.00327970 -0.00344001
v 0.00619092 0.00327881 -0.00353063
v 0.00616608 0.00326920 -0.00343489
v 0.00615394 0.00326820 -0.00353593
v 0.00613666 0.00323257 -0.00343047
v 0.00612360 0.00323150 -0.00353914
v 0.00620164 0.00327572 -0.00361091
v 0.00623207 0.00327066 -0.00368003
v 0.00627924 0.00326414 -0.00373120
v 0.00633852 0.00325678 -0.00375942
v 0.00640412 0.00324931 -0.00376193
v 0.00646961 0.00324246 -0.00373848
v 0.00652858 0.00323690 -0.00369137
v 0.00657527 0.00323317 -0.00362521
v 0.00660759 0.00323152 -0.00353987
v 0.00663838 0.00321311 -0.00355111
v 0.00660233 0.00321496 -0.00364627
v 0.00654787 0.00321931 -0.00372346
v 0.00647907 0.00322579 -0.00377843
v 0.00640267 0.00323379 -0.00380578
v 0.00632614 0.00324250 -0.00380286
v 0.00625698 0.00325109 -0.00376993
v 0.00663838 0.00321311 -0.00355111
v 0.00665765 0.00317070 -0.00355867
v 0.00666023 0.00311565 -0.00356051
v 0.00661888 0.00317269 -0.00366102
v 0.00660233 0.00321496 -0.00364627
v 0.00662047 0.00311769 -0.00366549
v 0.00655872 0.00317749 -0.00374628
v 0.00654787 0.00321931 -0.00372346
v 0.00655823 0.00312265 -0.00375371
v 0.00648273 0.00318466 -0.00380699
v 0.00647907 0.00322579 -0.00377843
v 0.00647960 0.00313007 -0.00381652
v 0.00639833 0.00319348 -0.00383721
v 0.00640267 0.00323379 -0.00380578
v 0.00639228 0.00313920 -0.00384779
v 0.00631380 0.00320311 -0.00383397
v 0.00632614 0.00324250 -0.00380286
v 0.00630482 0.00314916 -0.00384444
v 0.00623741 0.00321259 -0.00379761
v 0.00625698 0.00325109 -0.00376993
v 0.00622578 0.00315897 -0.00380681
v 0.00617663 0.00322100 -0.00373166
v 0.00620195 0.00325870 -0.00371023
v 0.00616290 0.00316768 -0.00373859
v 0.00613741 0.00322752 -0.00364260
v 0.00616645 0.00326460 -0.00362960
v 0.00612232 0.00317442 -0.00364644
v 0.00613741 0.00322752 -0.00364260
v 0.00620195 0.00325870 -0.00371023
v 0.00610803 0.00317854 -0.00353939
v 0.00612360 0.00323150 -0.00353914
v 0.00612142 0.00317963 -0.00342792
v 0.00620743 0.00317811 -0.00307770
v 0.00612079 0.00241127 -0.00305975
v 0.00616055 0.00240924 -0.00295477
v 0.00624719 0.00317608 -0.00297272
v 0.00622279 0.00240427 -0.00286655
v 0.00630943 0.00317111 -0.00288450
v 0.00630141 0.00239685 -0.00280374
v 0.00638806 0.00316369 -0.00282169
v 0.00638873 0.00238772 -0.00277248
v 0.00647537 0.00315456 -0.00279042
v 0.00647619 0.00237776 -0.00277582
v 0.00656283 0.00314460 -0.00279377
v 0.00655523 0.00236795 -0.00281345
v 0.00664188 0.00313479 -0.00283140
v 0.00661812 0.00235925 -0.00288168
v 0.00670476 0.00312609 -0.00289962
v 0.00665869 0.00235251 -0.00297382
v 0.00674533 0.00311935 -0.00299177
v 0.00667299 0.00234839 -0.00308087
v 0.00675963 0.00311523 -0.00309882
v 0.00665959 0.00234729 -0.00319234
v 0.00674624 0.00311413 -0.00321029
v 0.00657359 0.00234881 -0.00354257
v 0.00666023 0.00311565 -0.00356051
v 0.00662047 0.00311769 -0.00366549
v 0.00653383 0.00235085 -0.00364755
v 0.00655823 0.00312265 -0.00375371
v 0.00647159 0.00235582 -0.00373576
v 0.00647960 0.00313007 -0.00381652
v 0.00639296 0.00236323 -0.00379858
v 0.00639228 0.00313920 -0.00384779
v 0.00630564 0.00237236 -0.00382984
v 0.00630482 0.00314916 -0.00384444
v 0.00621818 0.00238232 -0.00382649
v 0.00622578 0.00315897 -0.00380681
v 0.00613914 0.00239213 -0.00378887
v 0.00616290 0.00316768 -0.00373859
v 0.00607625 0.00240084 -0.00372064
v 0.00612232 0.00317442 -0.00364644
v 0.00603568 0.00240758 -0.00362849
v 0.00610803 0.00317854 -0.00353939
v 0.00602139 0.00241170 -0.00352144
v 0.00612142 0.00317963 -0.00342792
v 0.00603478 0.00241279 -0.00340997
v 0.00603478 0.00241279 -0.00340997
v 0.00672234 0.00321622 -0.00301298
v 0.00668684 0.00322212 -0.00293235
v 0.00663181 0.00322973 -0.00287266
v 0.00656265 0.00323832 -0.00283973
v 0.00648612 0.00324703 -0.00283680
v 0.00640972 0.00325503 -0.00286416
v 0.00634092 0.00326151 -0.00291912
v 0.00639713 0.00321710 -0.00283375
v 0.00648152 0.00320828 -0.00280353
v 0.00647537 0.00315456 -0.00279042
v 0.00656283 0.00314460 -0.00279377
v 0.00656605 0.00319865 -0.00280676
v 0.00664188 0.00313479 -0.00283140
v 0.00664245 0.00318917 -0.00284313
v 0.00670476 0.00312609 -0.00289962
v 0.00670323 0.00318076 -0.00290907
v 0.00674533 0.00311935 -0.00299177
v 0.00674245 0.00317424 -0.00299813
v 0.00672234 0.00321622 -0.00301298
v 0.00668684 0.00322212 -0.00293235
v 0.00663181 0.00322973 -0.00287266
v 0.00656265 0.00323832 -0.00283973
v 0.00648612 0.00324703 -0.00283680
v 0.00638806 0.00316369 -0.00282169
v 0.00632114 0.00322427 -0.00289445
v 0.00630943 0.00317111 -0.00288450
v 0.00626098 0.00322907 -0.00297972
v 0.00624719 0.00317608 -0.00297272
v 0.00628646 0.00326586 -0.00299631
v 0.00625041 0.00326771 -0.00309147
v 0.00622221 0.00323106 -0.00308206
v 0.00625041 0.00326771 -0.00309147
v -0.00931623 0.00189823 -0.00007408
v -0.00931623 0.00209095 -0.00007408
v -0.00914638 0.00209095 0.00004933
v -0.00914638 0.00189823 0.00004933
v -0.00938111 0.00189823 -0.00027375
v -0.00938111 0.00209095 -0.00027375
v -0.00931623 0.00189823 -0.00047342
v -0.00931623 0.00209095 -0.00047342
v -0.00914638 0.00189823 -0.00059682
v -0.00914638 0.00209095 -0.00059682
v -0.00914438 0.00233532 0.00004933
v -0.00931623 0.00233532 -0.00007408
v -0.00929669 0.00242106 -0.00008828
v -0.00914438 0.00242106 0.00002635
v -0.00924330 0.00248382 -0.00012707
v -0.00914438 0.00248382 -0.00003641
v -0.00920413 0.00250679 -0.00015553
v -0.00914438 0.00250679 -0.00008247
v -0.00938111 0.00233532 -0.00027375
v -0.00935696 0.00242106 -0.00027375
v -0.00929669 0.00242106 -0.00008828
v -0.00929096 0.00248382 -0.00027375
v -0.00924330 0.00248382 -0.00012707
v -0.00924253 0.00250679 -0.00027375
v -0.00920413 0.00250679 -0.00015553
v -0.00920413 0.00250679 -0.00039197
v -0.00924330 0.00248382 -0.00042043
v -0.00929669 0.00242106 -0.00045922
v -0.00931623 0.00233532 -0.00047342
v -0.00914438 0.00250679 -0.00046503
v -0.00914438 0.00250679 -0.00008247
v -0.00914438 0.00233532 -0.00059682
v -0.00914438 0.00242106 -0.00057385
v -0.00929669 0.00242106 -0.00045922
v -0.00914438 0.00248382 -0.00051109
v -0.00924330 0.00248382 -0.00042043
v -0.00914438 0.00250679 -0.00046503
v -0.00920413 0.00250679 -0.00039197
v -0.00914638 0.00189823 0.00004933
v -0.00914638 0.00209095 0.00004933
v -0.00893643 0.00209095 0.00004933
v -0.00893643 0.00189823 0.00004933
v -0.00893643 0.00209095 0.00003654
v -0.00914638 0.00209095 0.00003654
v -0.00893844 0.00233364 0.00003654
v -0.00893844 0.00233532 0.00004933
v -0.00893844 0.00241444 0.00001489
v -0.00893844 0.00242106 0.00002635
v -0.00893844 0.00247358 -0.00004378
v -0.00893844 0.00248382 -0.00003641
v -0.00893844 0.00249401 -0.00008548
v -0.00893844 0.00250679 -0.00008247
v -0.00893844 0.00249401 -0.00046202
v -0.00893844 0.00250679 -0.00046503
v -0.00893844 0.00247358 -0.00050372
v -0.00893844 0.00248382 -0.00051109
v -0.00893844 0.00241444 -0.00056239
v -0.00893844 0.00242106 -0.00057385
v -0.00893844 0.00233364 -0.00058404
v -0.00893844 0.00233532 -0.00059682
v -0.00893643 0.00209095 -0.00058404
v -0.00893643 0.00209095 -0.00059682
v -0.00893643 0.00209095 -0.00058404
v -0.00914638 0.00209095 -0.00058404
v -0.00893643 0.00209095 -0.00059682
v -0.00914638 0.00209095 -0.00059682
v -0.00914438 0.00233532 0.00004933
v -0.00914438 0.00233364 0.00003654
v -0.00914438 0.00242106 0.00002635
v -0.00914438 0.00241444 0.00001489
v -0.00914438 0.00248382 -0.00003641
v -0.00914438 0.00247358 -0.00004378
v -0.00914438 0.00250679 -0.00008247
v -0.00914438 0.00249401 -0.00008548
v -0.00914438 0.00250679 -0.00046503
v -0.00914438 0.00249401 -0.00046202
v -0.00914438 0.00248382 -0.00051109
v -0.00914438 0.00247358 -0.00050372
v -0.00914438 0.00242106 -0.00057385
v -0.00914438 0.00241444 -0.00056239
v -0.00914438 0.00233532 -0.00059682
v -0.00914438 0.00233364 -0.00058404
v -0.00914638 0.00209095 -0.00059682
v -0.00914638 0.00209095 -0.00058404
v -0.00893643 0.00189823 0.00004933
v -0.00893643 0.00209095 0.00004933
v -0.00876658 0.00209095 -0.00007408
v -0.00876658 0.00189823 -0.00007408
v -0.00870171 0.00209095 -0.00027375
v -0.00870171 0.00189823 -0.00027375
v -0.00876658 0.00209095 -0.00047342
v -0.00876658 0.00189823 -0.00047342
v -0.00893643 0.00209095 -0.00059682
v -0.00893643 0.00189823 -0.00059682
v -0.00893844 0.00233532 -0.00059682
v -0.00876658 0.00233532 -0.00047342
v -0.00878612 0.00242106 -0.00045922
v -0.00893844 0.00242106 -0.00057385
v -0.00883951 0.00248382 -0.00042043
v -0.00893844 0.00248382 -0.00051109
v -0.00887869 0.00250679 -0.00039197
v -0.00893844 0.00250679 -0.00046503
v -0.00870171 0.00233532 -0.00027375
v -0.00872586 0.00242106 -0.00027375
v -0.00878612 0.00242106 -0.00008828
v -0.00883951 0.00248382 -0.00012707
v -0.00879186 0.00248382 -0.00027375
v -0.00887869 0.00250679 -0.00015553
v -0.00884028 0.00250679 -0.00027375
v -0.00876658 0.00233532 -0.00007408
v -0.00883951 0.00248382 -0.00042043
v -0.00887869 0.00250679 -0.00039197
v -0.00878612 0.00242106 -0.00045922
v -0.00893844 0.00250679 -0.00046503
v -0.00893844 0.00250679 -0.00008247
v -0.00893844 0.00233532 0.00004933
v -0.00893844 0.00242106 0.00002635
v -0.00878612 0.00242106 -0.00008828
v -0.00893844 0.00248382 -0.00003641
v -0.00883951 0.00248382 -0.00012707
v -0.00893844 0.00250679 -0.00008247
v -0.00887869 0.00250679 -0.00015553
v -0.00893643 0.00189823 -0.00059682
v -0.00893643 0.00209095 -0.00059682
v -0.00914638 0.00209095 -0.00059682
v -0.00914638 0.00189823 -0.00059682
v -0.00937059 0.00036007 -0.00003458
v -0.00937059 0.00186628 -0.00003458
v -0.00916714 0.00186628 0.00011323
v -0.00916714 0.00036007 0.00011323
v -0.00944830 0.00036007 -0.00027375
v -0.00944830 0.00186628 -0.00027375
v -0.00937059 0.00036007 -0.00051292
v -0.00937059 0.00186628 -0.00051292
v -0.00916714 0.00036007 -0.00066073
v -0.00916714 0.00186628 -0.00066073
v -0.00891567 0.00036007 -0.00066073
v -0.00891567 0.00186628 -0.00066073
v -0.00891567 0.00036007 0.00011323
v -0.00891567 0.00186628 0.00011323
v -0.00871222 0.00186628 -0.00003458
v -0.00871222 0.00036007 -0.00003458
v -0.00863452 0.00186628 -0.00027375
v -0.00863452 0.00036007 -0.00027375
v -0.00871222 0.00186628 -0.00051292
v -0.00871222 0.00036007 -0.00051292
v -0.00891567 0.00186628 -0.00066073
v -0.00891567 0.00036007 -0.00066073
v -0.00891871 0.00188887 0.00010387
v -0.00916410 0.00188887 0.00010387
v -0.00915676 0.00189823 0.00008128
v -0.00934342 0.00189823 -0.00005433
v -0.00914638 0.00189823 0.00004933
v -0.00931623 0.00189823 -0.00007408
v -0.00893643 0.00189823 0.00004933
v -0.00892605 0.00189823 0.00008128
v -0.00876658 0.00189823 -0.00007408
v -0.00873940 0.00189823 -0.00005433
v -0.00870171 0.00189823 -0.00027375
v -0.00866811 0.00189823 -0.00027375
v -0.00876658 0.00189823 -0.00047342
v -0.00873940 0.00189823 -0.00049317
v -0.00893643 0.00189823 -0.00059682
v -0.00892605 0.00189823 -0.00062878
v -0.00941471 0.00189823 -0.00027375
v -0.00938111 0.00189823 -0.00027375
v -0.00934342 0.00189823 -0.00049317
v -0.00931623 0.00189823 -0.00047342
v -0.00915676 0.00189823 -0.00062878
v -0.00914638 0.00189823 -0.00059682
v -0.00892605 0.00189823 -0.00062878
v -0.00893643 0.00189823 -0.00059682
v -0.00864436 0.00188887 -0.00027375
v -0.00872018 0.00188887 -0.00004037
v -0.00872018 0.00188887 -0.00050713
v -0.00891871 0.00188887 -0.00065137
v -0.00916410 0.00188887 -0.00065137
v -0.00936263 0.00188887 -0.00050713
v -0.00891871 0.00188887 -0.00065137
v -0.00943846 0.00188887 -0.00027375
v -0.00936263 0.00188887 -0.00004037
v -0.00909794 0.00955227 0.00979274
v -0.00905641 0.00952787 0.00981039
v -0.00906027 0.00950875 0.00980428
v -0.00910806 0.00953683 0.00978397
v -0.00911384 0.00959179 0.00976414
v -0.00912636 0.00958231 0.00975106
v -0.00909803 0.00963132 0.00973552
v -0.00910817 0.00962780 0.00971813
v -0.00905656 0.00965577 0.00971780
v -0.00906044 0.00965593 0.00969774
v -0.00900525 0.00965580 0.00971776
v -0.00900140 0.00965597 0.00969770
v -0.00896372 0.00963140 0.00973541
v -0.00895361 0.00962788 0.00971800
v -0.00894782 0.00959188 0.00976401
v -0.00893531 0.00958242 0.00975091
v -0.00896363 0.00955235 0.00979263
v -0.00895350 0.00953693 0.00978385
v -0.00900511 0.00952790 0.00981035
v -0.00900123 0.00950879 0.00980423
v -0.00905641 0.00952787 0.00981039
v -0.00906027 0.00950875 0.00980428
v -0.00906077 0.00926179 0.00946517
v -0.00900096 0.00926183 0.00946512
v -0.00895260 0.00929033 0.00944447
v -0.00893417 0.00933642 0.00941110
v -0.00895271 0.00938249 0.00937775
v -0.00900113 0.00941094 0.00935718
v -0.00906094 0.00941090 0.00935722
v -0.00910930 0.00938240 0.00937788
v -0.00912773 0.00933631 0.00941125
v -0.00910919 0.00929024 0.00944459
v -0.00906077 0.00926179 0.00946517
v -0.00897600 0.00973582 0.00967431
v -0.00908597 0.00973575 0.00967439
v -0.00908253 0.00972121 0.00967231
v -0.00897943 0.00972127 0.00967223
v -0.00888698 0.00968351 0.00971214
v -0.00889596 0.00967223 0.00970770
v -0.00885290 0.00959881 0.00977344
v -0.00886401 0.00959282 0.00976518
v -0.00916588 0.00967207 0.00970791
v -0.00917487 0.00968334 0.00971236
v -0.00919765 0.00959262 0.00976543
v -0.00920876 0.00959861 0.00977371
v -0.00916570 0.00951322 0.00982291
v -0.00917468 0.00951391 0.00983502
v -0.00908223 0.00946418 0.00985838
v -0.00908565 0.00946160 0.00987285
v -0.00888678 0.00951408 0.00983479
v -0.00889578 0.00951338 0.00982270
v -0.00897569 0.00946167 0.00987276
v -0.00897913 0.00946424 0.00985830
v -0.00908565 0.00946160 0.00987285
v -0.00908223 0.00946418 0.00985838
v -0.00909794 0.00955227 0.00979274
v -0.00905641 0.00952787 0.00981039
v -0.00905641 0.00952787 0.00981039
v -0.00900511 0.00952790 0.00981035
v -0.00896363 0.00955235 0.00979263
v -0.00894782 0.00959188 0.00976401
v -0.00896372 0.00963140 0.00973541
v -0.00900525 0.00965580 0.00971776
v -0.00905656 0.00965577 0.00971780
v -0.00909803 0.00963132 0.00973552
v -0.00911384 0.00959179 0.00976414
v -0.00897896 0.00976947 0.00973649
v -0.00908295 0.00976942 0.00973657
v -0.00908595 0.00977157 0.00972386
v -0.00897598 0.00977163 0.00972377
v -0.00889478 0.00972001 0.00977228
v -0.00888696 0.00971933 0.00976161
v -0.00886255 0.00963992 0.00983023
v -0.00885288 0.00963462 0.00982291
v -0.00917486 0.00971916 0.00976183
v -0.00916702 0.00971986 0.00977248
v -0.00920874 0.00963442 0.00982318
v -0.00919906 0.00963973 0.00983050
v -0.00917466 0.00954973 0.00988449
v -0.00916684 0.00955964 0.00988846
v -0.00908563 0.00949742 0.00992233
v -0.00908265 0.00951017 0.00992425
v -0.00889459 0.00955979 0.00988826
v -0.00888676 0.00954989 0.00988427
v -0.00897866 0.00951024 0.00992417
v -0.00897567 0.00949749 0.00992224
v -0.00908265 0.00951017 0.00992425
v -0.00908563 0.00949742 0.00992233
v -0.00903081 0.00963811 0.00982799
v -0.00919906 0.00963973 0.00983050
v -0.00916702 0.00971986 0.00977248
v -0.00908295 0.00976942 0.00973657
v -0.00897896 0.00976947 0.00973649
v -0.00889478 0.00972001 0.00977228
v -0.00886255 0.00963992 0.00983023
v -0.00889459 0.00955979 0.00988826
v -0.00897866 0.00951024 0.00992417
v -0.00908265 0.00951017 0.00992425
v -0.00912300 0.00928210 0.00945049
v -0.00906603 0.00924863 0.00947470
v -0.00907133 0.00922583 0.00947106
v -0.00913688 0.00926435 0.00944319
v -0.00914481 0.00933630 0.00941126
v -0.00916198 0.00932671 0.00939805
v -0.00899035 0.00922588 0.00947099
v -0.00899567 0.00924867 0.00947464
v -0.00912313 0.00939052 0.00937200
v -0.00913702 0.00938911 0.00935288
v -0.00906623 0.00942405 0.00934770
v -0.00907156 0.00942771 0.00932492
v -0.00899587 0.00942410 0.00934765
v -0.00899058 0.00942775 0.00932485
v -0.00893890 0.00939063 0.00937186
v -0.00892503 0.00938924 0.00935272
v -0.00891709 0.00933643 0.00941109
v -0.00889993 0.00932687 0.00939785
v -0.00893877 0.00928221 0.00945034
v -0.00892488 0.00926448 0.00944303
v -0.00899567 0.00924867 0.00947464
v -0.00899035 0.00922588 0.00947099
v -0.00899036 0.00888441 0.00900010
v -0.00892465 0.00892315 0.00897203
v -0.00889960 0.00898578 0.00892668
v -0.00892479 0.00904838 0.00888137
v -0.00899059 0.00908704 0.00885341
v -0.00907187 0.00908699 0.00885347
v -0.00895260 0.00929033 0.00944447
v -0.00900096 0.00926183 0.00946512
v -0.00906603 0.00924863 0.00947470
v -0.00906077 0.00926179 0.00946517
v -0.00912300 0.00928210 0.00945049
v -0.00910919 0.00929024 0.00944459
v -0.00914481 0.00933630 0.00941126
v -0.00912773 0.00933631 0.00941125
v -0.00912313 0.00939052 0.00937200
v -0.00910930 0.00938240 0.00937788
v -0.00906623 0.00942405 0.00934770
v -0.00906094 0.00941090 0.00935722
v -0.00899587 0.00942410 0.00934765
v -0.00900113 0.00941094 0.00935718
v -0.00893890 0.00939063 0.00937186
v -0.00895271 0.00938249 0.00937775
v -0.00891709 0.00933643 0.00941109
v -0.00893417 0.00933642 0.00941110
v -0.00913744 0.00892302 0.00897219
v -0.00907164 0.00888437 0.00900015
v -0.00899036 0.00888441 0.00900010
v -0.00916262 0.00898563 0.00892688
v -0.00913758 0.00904825 0.00888153
v -0.00915740 0.00891125 0.00898072
v -0.00907925 0.00886534 0.00901393
v -0.00908651 0.00883406 0.00900894
v -0.00917645 0.00888690 0.00897071
v -0.00918732 0.00898561 0.00892690
v -0.00921087 0.00897247 0.00890878
v -0.00897541 0.00883413 0.00900885
v -0.00898270 0.00886539 0.00901387
v -0.00915757 0.00906000 0.00887304
v -0.00917664 0.00905807 0.00884680
v -0.00907952 0.00910601 0.00883971
v -0.00908683 0.00911102 0.00880843
v -0.00898298 0.00910607 0.00883963
v -0.00897573 0.00911109 0.00880835
v -0.00890482 0.00906015 0.00887285
v -0.00888579 0.00905824 0.00884657
v -0.00887491 0.00898579 0.00892666
v -0.00885137 0.00897268 0.00890850
v -0.00890465 0.00891141 0.00898053
v -0.00888560 0.00888708 0.00897048
v -0.00898270 0.00886539 0.00901387
v -0.00897541 0.00883413 0.00900885
v -0.00897753 0.00836859 0.00835584
v -0.00889077 0.00841973 0.00831879
v -0.00885771 0.00850242 0.00825891
v -0.00889096 0.00858507 0.00819909
v -0.00897784 0.00863611 0.00816217
v -0.00908515 0.00863605 0.00816226
v -0.00892465 0.00892315 0.00897203
v -0.00899036 0.00888441 0.00900010
v -0.00907925 0.00886534 0.00901393
v -0.00907164 0.00888437 0.00900015
v -0.00915740 0.00891125 0.00898072
v -0.00913744 0.00892302 0.00897219
v -0.00918732 0.00898561 0.00892690
v -0.00916262 0.00898563 0.00892688
v -0.00915757 0.00906000 0.00887304
v -0.00913758 0.00904825 0.00888153
v -0.00907952 0.00910601 0.00883971
v -0.00907187 0.00908699 0.00885347
v -0.00898298 0.00910607 0.00883963
v -0.00899059 0.00908704 0.00885341
v -0.00890482 0.00906015 0.00887285
v -0.00892479 0.00904838 0.00888137
v -0.00887491 0.00898579 0.00892666
v -0.00889960 0.00898578 0.00892668
v -0.00917172 0.00841956 0.00831899
v -0.00908484 0.00836852 0.00835592
v -0.00897753 0.00836859 0.00835584
v -0.00920497 0.00850221 0.00825918
v -0.00917190 0.00858491 0.00819931
v -0.00919859 0.00840372 0.00833047
v -0.00909508 0.00834290 0.00837447
v -0.00910470 0.00830148 0.00836784
v -0.00922381 0.00837146 0.00831723
v -0.00923822 0.00850219 0.00825920
v -0.00926941 0.00848478 0.00823520
v -0.00895757 0.00830157 0.00836773
v -0.00896723 0.00834298 0.00837437
v -0.00919882 0.00860072 0.00818787
v -0.00922407 0.00859815 0.00815312
v -0.00909545 0.00866165 0.00814372
v -0.00910512 0.00866828 0.00810232
v -0.00896759 0.00866173 0.00814362
v -0.00895799 0.00866836 0.00810220
v -0.00886408 0.00860092 0.00818761
v -0.00883888 0.00859838 0.00815282
v -0.00882446 0.00850244 0.00825889
v -0.00879329 0.00848507 0.00823484
v -0.00886386 0.00840392 0.00833023
v -0.00883862 0.00837169 0.00831693
v -0.00896723 0.00834298 0.00837437
v -0.00895757 0.00830157 0.00836773
v -0.00895867 0.00768828 0.00751630
v -0.00884103 0.00775763 0.00746606
v -0.00879619 0.00786976 0.00738487
v -0.00884128 0.00798183 0.00730376
v -0.00895908 0.00805104 0.00725370
v -0.00910459 0.00805095 0.00725380
v -0.00889077 0.00841973 0.00831879
v -0.00897753 0.00836859 0.00835584
v -0.00909508 0.00834290 0.00837447
v -0.00908484 0.00836852 0.00835592
v -0.00919859 0.00840372 0.00833047
v -0.00917172 0.00841956 0.00831899
v -0.00923822 0.00850219 0.00825920
v -0.00920497 0.00850221 0.00825918
v -0.00919882 0.00860072 0.00818787
v -0.00917190 0.00858491 0.00819931
v -0.00909545 0.00866165 0.00814372
v -0.00908515 0.00863605 0.00816226
v -0.00896759 0.00866173 0.00814362
v -0.00897784 0.00863611 0.00816217
v -0.00886408 0.00860092 0.00818761
v -0.00889096 0.00858507 0.00819909
v -0.00882446 0.00850244 0.00825889
v -0.00885771 0.00850242 0.00825891
v -0.00922198 0.00775741 0.00746635
v -0.00910418 0.00768820 0.00751642
v -0.00895867 0.00768828 0.00751630
v -0.00926707 0.00786948 0.00738523
v -0.00922224 0.00798160 0.00730405
v -0.00930755 0.00239265 0.00015880
v -0.00913832 0.00229323 0.00023072
v -0.00912470 0.00230264 0.00017196
v -0.00927180 0.00238907 0.00010944
v -0.00937234 0.00255366 0.00004226
v -0.00932811 0.00252901 0.00000815
v -0.00894300 0.00230275 0.00017182
v -0.00892928 0.00229335 0.00023056
v -0.00930792 0.00271474 -0.00007437
v -0.00927212 0.00266903 -0.00009323
v -0.00913892 0.00281437 -0.00014655
v -0.00912522 0.00275563 -0.00015597
v -0.00892988 0.00281449 -0.00014671
v -0.00894352 0.00275573 -0.00015611
v -0.00876065 0.00271506 -0.00007479
v -0.00879642 0.00266931 -0.00009359
v -0.00869586 0.00255406 0.00004175
v -0.00874011 0.00252936 0.00000770
v -0.00876028 0.00239298 0.00015838
v -0.00879610 0.00238935 0.00010908
v -0.00892928 0.00229335 0.00023056
v -0.00894300 0.00230275 0.00017182
v -0.00903411 0.00252919 0.00000793
v -0.00912470 0.00230264 0.00017196
v -0.00927180 0.00238907 0.00010944
v -0.00874011 0.00252936 0.00000770
v -0.00879642 0.00266931 -0.00009359
v -0.00894352 0.00275573 -0.00015611
v -0.00912522 0.00275563 -0.00015597
v -0.00927212 0.00266903 -0.00009323
v -0.00932811 0.00252901 0.00000815
v -0.00875782 0.00768403 0.00746729
v -0.00892682 0.00758440 0.00753948
v -0.00894054 0.00764323 0.00754891
v -0.00879367 0.00772981 0.00748618
v -0.00869341 0.00784511 0.00735067
v -0.00873770 0.00786979 0.00738483
v -0.00875819 0.00800611 0.00723413
v -0.00879400 0.00800971 0.00728356
v -0.00892742 0.00810554 0.00716221
v -0.00894106 0.00809611 0.00722106
v -0.00913646 0.00810542 0.00716237
v -0.00912272 0.00809601 0.00722120
v -0.00930547 0.00800579 0.00723455
v -0.00926959 0.00800942 0.00728393
v -0.00936988 0.00784471 0.00735118
v -0.00932556 0.00786945 0.00738528
v -0.00930510 0.00768371 0.00746771
v -0.00926927 0.00772953 0.00748655
v -0.00913586 0.00758428 0.00753964
v -0.00912220 0.00764313 0.00754905
v -0.00892682 0.00758440 0.00753948
v -0.00894054 0.00764323 0.00754891
v -0.00932556 0.00786945 0.00738528
v -0.00926707 0.00786948 0.00738523
v -0.00922198 0.00775741 0.00746635
v -0.00926927 0.00772953 0.00748655
v -0.00910418 0.00768820 0.00751642
v -0.00912220 0.00764313 0.00754905
v -0.00895867 0.00768828 0.00751630
v -0.00884103 0.00775763 0.00746606
v -0.00879619 0.00786976 0.00738487
v -0.00873770 0.00786979 0.00738483
v -0.00884128 0.00798183 0.00730376
v -0.00879400 0.00800971 0.00728356
v -0.00895908 0.00805104 0.00725370
v -0.00894106 0.00809611 0.00722106
v -0.00910459 0.00805095 0.00725380
v -0.00912272 0.00809601 0.00722120
v -0.00922224 0.00798160 0.00730405
v -0.00926959 0.00800942 0.00728393
v -0.00899849 0.00214505 -0.00027845
v -0.00906983 0.00214416 -0.00027845
v -0.00906955 0.00212153 -0.00024200
v -0.00899821 0.00212242 -0.00024199
v -0.00906967 0.00213130 -0.00020021
v -0.00899834 0.00213219 -0.00020020
v -0.00900129 0.00237066 -0.00044037
v -0.00895553 0.00215517 -0.00026510
v -0.00895833 0.00238077 -0.00042702
v -0.00907263 0.00236977 -0.00044037
v -0.00900181 0.00241244 -0.00045014
v -0.00907315 0.00241155 -0.00045015
v -0.00911583 0.00237880 -0.00042704
v -0.00911303 0.00215320 -0.00026512
v -0.00900372 0.00255980 0.00039568
v -0.00896081 0.00257368 0.00038611
v -0.00895542 0.00214607 -0.00020978
v -0.00907506 0.00255891 0.00039567
v -0.00907551 0.00259537 0.00041831
v -0.00900418 0.00259626 0.00041831
v -0.00907604 0.00263715 0.00040853
v -0.00900470 0.00263804 0.00040854
v -0.00907884 0.00286275 0.00024661
v -0.00911899 0.00262704 0.00039519
v -0.00912180 0.00285264 0.00023327
v -0.00900750 0.00286364 0.00024662
v -0.00896430 0.00285460 0.00023328
v -0.00896150 0.00262900 0.00039520
v -0.00907912 0.00288538 0.00021016
v -0.00900778 0.00288628 0.00021016
v -0.00896904 0.00259837 0.00040815
v -0.00897249 0.00287655 0.00020849
v -0.00911830 0.00257171 0.00038609
v -0.00911292 0.00214411 -0.00020979
v -0.00913116 0.00217609 -0.00023291
v -0.00913655 0.00260370 0.00036298
v -0.00913396 0.00240170 -0.00039483
v -0.00911303 0.00215320 -0.00026512
v -0.00911583 0.00237880 -0.00042704
v -0.00913935 0.00282930 0.00020106
v -0.00912180 0.00285264 0.00023327
v -0.00911899 0.00262704 0.00039519
v -0.00911652 0.00243413 -0.00041794
v -0.00912190 0.00286173 0.00017794
v -0.00907361 0.00244801 -0.00042751
v -0.00907899 0.00287561 0.00016837
v -0.00900227 0.00244890 -0.00042751
v -0.00907315 0.00241155 -0.00045015
v -0.00900181 0.00241244 -0.00045014
v -0.00900766 0.00287650 0.00016838
v -0.00895903 0.00243609 -0.00041793
v -0.00896441 0.00286370 0.00017796
v -0.00894078 0.00240411 -0.00039481
v -0.00894616 0.00283171 0.00020107
v -0.00900778 0.00288628 0.00021016
v -0.00907912 0.00288538 0.00021016
v -0.00893798 0.00217850 -0.00023289
v -0.00895833 0.00238077 -0.00042702
v -0.00895553 0.00215517 -0.00026510
v -0.00894336 0.00260611 0.00036299
v -0.00895542 0.00214607 -0.00020978
v -0.00896081 0.00257368 0.00038611
v -0.00896150 0.00262900 0.00039520
v -0.00896430 0.00285460 0.00023328
v -0.00895542 0.00214607 -0.00020978
v -0.00896318 0.00213303 -0.00024032
v -0.00896663 0.00241121 -0.00043997
v -0.00896081 0.00257368 0.00038611
v -0.00896904 0.00259837 0.00040815
v -0.00897249 0.00287655 0.00020849
v -0.00897249 0.00287655 0.00020849
v -0.00910484 0.00213126 -0.00024033
v -0.00910484 0.00213126 -0.00024033
v -0.00896318 0.00213303 -0.00024032
v -0.00896663 0.00241121 -0.00043997
v -0.00896663 0.00241121 -0.00043997
v -0.00911070 0.00259660 0.00040814
v -0.00911070 0.00259660 0.00040814
v -0.00911415 0.00287478 0.00020848
v -0.00911415 0.00287478 0.00020848
v -0.00911415 0.00287478 0.00020848
v -0.00910829 0.00240944 -0.00043998
v -0.00907315 0.00241155 -0.00045015
v -0.00910829 0.00240944 -0.00043998
v 0.00781936 0.00177515 0.00175516
v 0.00782188 0.00155087 0.00198910
v 0.00784002 0.00126648 0.00181538
v 0.00783769 0.00168571 0.00153556
v 0.00778093 0.00231735 0.00155203
v 0.00776532 0.00218006 0.00186607
v 0.00775575 0.00195992 0.00221568
v 0.00802173 0.00102627 0.00168012
v 0.00800579 0.00079210 0.00221315
v 0.00852943 0.00098055 0.00176645
v 0.00843247 0.00079391 0.00229052
v 0.00837505 0.00083247 0.00276703
v 0.00878739 0.00078276 0.00241372
v 0.00876178 0.00091181 0.00282547
v 0.00862734 0.00139069 0.00321838
v 0.00828975 0.00131583 0.00315674
v 0.00796758 0.00126579 0.00312008
v 0.00797524 0.00080016 0.00274362
v 0.00779899 0.00102295 0.00266464
v 0.00783193 0.00106095 0.00224807
v 0.00780056 0.00124383 0.00262506
v 0.00773538 0.00131088 0.00305630
v 0.00773946 0.00150899 0.00288569
v 0.00774559 0.00171500 0.00259597
v 0.00781420 0.00134595 0.00234734
v 0.00760311 0.00178528 0.00349100
v 0.00759999 0.00195725 0.00329726
v 0.00736228 0.00249616 0.00376134
v 0.00736534 0.00233555 0.00395465
v 0.00736656 0.00274548 0.00345438
v 0.00760410 0.00219318 0.00299060
v 0.00737275 0.00308661 0.00302343
v 0.00761472 0.00249596 0.00256992
v 0.00737952 0.00340492 0.00261664
v 0.00762670 0.00277102 0.00217172
v 0.00738565 0.00360883 0.00234801
v 0.00764022 0.00294856 0.00187941
v 0.00739124 0.00372875 0.00218466
v 0.00765240 0.00307250 0.00166312
v 0.00778975 0.00244718 0.00124857
v 0.00747598 0.00381463 0.00212757
v 0.00778197 0.00318306 0.00158617
v 0.00803894 0.00260423 0.00120443
v 0.00829958 0.00161565 0.00121680
v 0.00791777 0.00156895 0.00122318
v 0.00823545 0.00252546 0.00139906
v 0.00864254 0.00169161 0.00132057
v 0.00901864 0.00106449 0.00175208
v 0.00837402 0.00235284 0.00174310
v 0.00867444 0.00175777 0.00171304
v 0.00871161 0.00184042 0.00202783
v 0.00892992 0.00134617 0.00198349
v 0.00887323 0.00161631 0.00229262
v 0.00872755 0.00200863 0.00262708
v 0.00853441 0.00222645 0.00216995
v 0.00907798 0.00116644 0.00228291
v 0.00903016 0.00139484 0.00258627
v 0.00920964 0.00094691 0.00230520
v 0.00917499 0.00118318 0.00276845
v 0.00804987 0.00298551 0.00204884
v 0.00792999 0.00312431 0.00176014
v 0.00761207 0.00378823 0.00226415
v 0.00772352 0.00365513 0.00252134
v 0.00792319 0.00342950 0.00294169
v 0.00824873 0.00280386 0.00248524
v 0.00817227 0.00313489 0.00346985
v 0.00848089 0.00254265 0.00301089
v 0.00838096 0.00288715 0.00391197
v 0.00802946 0.00348120 0.00443096
v 0.00782620 0.00372874 0.00399346
v 0.00742395 0.00431297 0.00454573
v 0.00757262 0.00403882 0.00347079
v 0.00717986 0.00462153 0.00401462
v 0.00671870 0.00516519 0.00453772
v 0.00697620 0.00488452 0.00356353
v 0.00652175 0.00543662 0.00405500
v 0.00600310 0.00594229 0.00451711
v 0.00642024 0.00560955 0.00374759
v 0.00590388 0.00612368 0.00418970
v 0.00533110 0.00659211 0.00460071
v 0.00575449 0.00609505 0.00401036
v 0.00519120 0.00656651 0.00440172
v 0.00457852 0.00699715 0.00475817
v 0.00504854 0.00643931 0.00430554
v 0.00444655 0.00686253 0.00465598
v 0.00379536 0.00723725 0.00496622
v 0.00435509 0.00670208 0.00466117
v 0.00371497 0.00707435 0.00496721
v 0.00303971 0.00739908 0.00525146
v 0.00372780 0.00687931 0.00521079
v 0.00305224 0.00721295 0.00548840
v 0.00232892 0.00747136 0.00569821
v 0.00306986 0.00688161 0.00588042
v 0.00235122 0.00715385 0.00609060
v 0.00158198 0.00731090 0.00619644
v 0.00237880 0.00676628 0.00656244
v 0.00160415 0.00693631 0.00667492
v 0.00079846 0.00697671 0.00668546
v 0.00162201 0.00664399 0.00703651
v 0.00080731 0.00668490 0.00705514
v -0.00000012 0.00697324 0.00667491
v -0.00000012 0.00734614 0.00619595
v 0.00078654 0.00735015 0.00620764
v -0.00000012 0.00766371 0.00580786
v 0.00077572 0.00766406 0.00581755
v 0.00000014 0.00785552 0.00555142
v 0.00076821 0.00784852 0.00557283
v -0.00000012 0.00805642 0.00564472
v 0.00077269 0.00803429 0.00562646
v -0.00000012 0.00824382 0.00579378
v 0.00078832 0.00821174 0.00576837
v -0.00000012 0.00819978 0.00609293
v 0.00080468 0.00816196 0.00605561
v -0.00000013 0.00798987 0.00652706
v 0.00083495 0.00795724 0.00647617
v -0.00000014 0.00771582 0.00710949
v 0.00089438 0.00769016 0.00705186
v 0.00000015 0.00746194 0.00761286
v 0.00095223 0.00743624 0.00756097
v -0.00000015 0.00731019 0.00791439
v 0.00097607 0.00728040 0.00787139
v 0.00000015 0.00714988 0.00800592
v 0.00096468 0.00712552 0.00798342
v 0.00000015 0.00701191 0.00787039
v 0.00092982 0.00698675 0.00784915
v -0.00000013 0.00684203 0.00772898
v 0.00089107 0.00682133 0.00771244
v -0.00000013 0.00665561 0.00759572
v 0.00085623 0.00664277 0.00758178
v -0.00000014 0.00651547 0.00745822
v 0.00083010 0.00650833 0.00744607
v 0.00000011 0.00650673 0.00727450
v 0.00081506 0.00651453 0.00727180
v 0.00163538 0.00647059 0.00723701
v 0.00166711 0.00645167 0.00739869
v 0.00246906 0.00630063 0.00728973
v 0.00241830 0.00630327 0.00712289
v 0.00254999 0.00644898 0.00741600
v 0.00172146 0.00658408 0.00752957
v 0.00263812 0.00662075 0.00754615
v 0.00178690 0.00675398 0.00765634
v 0.00272279 0.00678135 0.00767921
v 0.00185414 0.00691266 0.00778899
v 0.00279792 0.00692932 0.00781650
v 0.00191330 0.00705517 0.00792166
v 0.00279010 0.00705206 0.00760928
v 0.00192175 0.00719772 0.00776097
v 0.00272923 0.00722051 0.00725302
v 0.00187277 0.00735799 0.00742777
v 0.00261572 0.00747238 0.00671171
v 0.00177144 0.00760575 0.00690280
v 0.00250822 0.00773280 0.00616194
v 0.00167532 0.00786962 0.00634460
v 0.00245190 0.00792254 0.00578952
v 0.00162705 0.00806470 0.00595131
v 0.00240161 0.00794406 0.00554309
v 0.00159741 0.00811267 0.00568706
v 0.00234179 0.00779601 0.00542765
v 0.00156323 0.00795360 0.00555955
v 0.00231642 0.00764995 0.00546722
v 0.00155183 0.00780112 0.00557658
v 0.00156288 0.00761860 0.00580242
v 0.00309080 0.00755423 0.00522689
v 0.00317826 0.00769620 0.00533816
v 0.00390787 0.00737594 0.00507435
v 0.00401432 0.00740245 0.00529575
v 0.00470476 0.00702146 0.00497224
v 0.00479407 0.00683384 0.00532751
v 0.00542966 0.00640773 0.00494503
v 0.00560525 0.00612930 0.00546331
v 0.00619245 0.00566658 0.00502235
v 0.00639437 0.00536653 0.00556553
v 0.00693965 0.00485906 0.00507912
v 0.00709390 0.00464132 0.00549213
v 0.00760897 0.00407966 0.00497346
v 0.00773866 0.00394724 0.00526013
v 0.00817627 0.00334172 0.00471695
v 0.00853043 0.00273863 0.00419574
v 0.00867448 0.00230203 0.00343480
v 0.00881471 0.00214382 0.00369798
v 0.00800647 0.00321700 0.00474437
v 0.00837434 0.00261594 0.00424642
v 0.00866727 0.00202469 0.00374696
v 0.00902449 0.00160445 0.00321888
v 0.00891105 0.00146170 0.00328181
v 0.00813023 0.00254614 0.00417370
v 0.00841387 0.00195246 0.00368297
v 0.00862734 0.00139069 0.00321838
v 0.00910799 0.00096385 0.00288608
v 0.00876178 0.00091181 0.00282547
v 0.00811486 0.00187056 0.00361571
v 0.00828975 0.00131583 0.00315674
v 0.00889401 0.00177981 0.00299157
v 0.00784388 0.00245598 0.00410037
v 0.00776734 0.00314025 0.00466531
v 0.00754649 0.00382514 0.00523363
v 0.00719124 0.00452067 0.00576349
v 0.00652766 0.00516260 0.00596056
v 0.00579061 0.00583620 0.00600204
v 0.00495135 0.00656050 0.00585724
v 0.00408872 0.00721658 0.00565731
v 0.00325934 0.00771576 0.00557103
v 0.00332401 0.00753390 0.00593786
v 0.00343841 0.00727649 0.00648839
v 0.00422129 0.00695408 0.00620095
v 0.00435905 0.00668813 0.00675575
v 0.00511598 0.00627817 0.00639871
v 0.00355685 0.00702040 0.00704517
v 0.00363078 0.00685353 0.00742328
v 0.00444937 0.00651364 0.00713487
v 0.00364647 0.00671363 0.00764140
v 0.00447953 0.00638062 0.00736177
v 0.00354826 0.00656274 0.00749771
v 0.00435177 0.00623695 0.00722979
v 0.00344083 0.00639733 0.00736296
v 0.00421165 0.00607683 0.00709727
v 0.00332545 0.00622255 0.00722184
v 0.00406012 0.00590293 0.00695577
v 0.00321749 0.00606048 0.00709782
v 0.00392218 0.00573901 0.00683603
v 0.00382281 0.00570070 0.00666216
v 0.00458673 0.00536372 0.00652352
v 0.00446259 0.00531900 0.00635693
v 0.00313992 0.00602917 0.00692272
v 0.00000011 0.00650673 0.00727450
v 0.00081506 0.00651453 0.00727180
v -0.00000013 0.00667631 0.00704617
v 0.00163538 0.00647059 0.00723701
v 0.00240237 0.00647253 0.00692029
v 0.00241830 0.00630327 0.00712289
v 0.00313992 0.00602917 0.00692272
v 0.00311700 0.00618590 0.00670275
v 0.00309567 0.00648444 0.00634855
v 0.00379865 0.00585846 0.00643876
v 0.00377255 0.00614775 0.00607782
v 0.00374475 0.00654250 0.00560633
v 0.00440886 0.00576471 0.00576871
v 0.00438424 0.00615917 0.00529944
v 0.00436671 0.00649838 0.00490367
v 0.00497402 0.00571888 0.00495857
v 0.00495866 0.00606072 0.00456320
v 0.00494524 0.00627238 0.00431408
v 0.00556763 0.00561218 0.00424660
v 0.00555901 0.00582701 0.00400497
v 0.00561170 0.00597971 0.00392486
v 0.00611636 0.00533452 0.00366026
v 0.00611892 0.00548312 0.00351047
v 0.00626630 0.00558481 0.00358830
v 0.00660176 0.00493985 0.00311742
v 0.00672341 0.00504093 0.00313590
v 0.00687281 0.00504845 0.00328035
v 0.00712359 0.00445447 0.00265284
v 0.00725793 0.00443867 0.00278686
v 0.00736633 0.00428899 0.00304701
v 0.00703258 0.00436115 0.00268209
v 0.00703404 0.00423134 0.00283063
v 0.00660859 0.00480389 0.00326985
v 0.00703528 0.00401200 0.00308856
v 0.00661379 0.00458095 0.00352289
v 0.00612393 0.00511539 0.00390640
v 0.00661831 0.00423986 0.00391882
v 0.00613070 0.00477424 0.00430032
v 0.00557718 0.00527031 0.00463958
v 0.00613213 0.00439701 0.00474760
v 0.00557982 0.00488090 0.00509886
v 0.00499408 0.00532901 0.00542889
v 0.00557122 0.00459263 0.00543843
v 0.00501142 0.00504414 0.00578912
v 0.00442941 0.00547278 0.00612714
v 0.00505707 0.00490268 0.00602464
v 0.00446259 0.00531900 0.00635693
v 0.00382281 0.00570070 0.00666216
v 0.00612468 0.00412218 0.00507168
v 0.00561773 0.00446060 0.00566504
v 0.00614030 0.00396753 0.00527630
v 0.00662677 0.00345060 0.00485530
v 0.00661404 0.00360429 0.00466258
v 0.00703629 0.00289906 0.00441361
v 0.00703364 0.00305862 0.00422423
v 0.00662052 0.00387131 0.00435323
v 0.00703494 0.00331579 0.00391858
v 0.00703557 0.00367512 0.00348909
v 0.00522680 0.00609380 0.00677157
v 0.00591358 0.00564391 0.00638067
v 0.00596075 0.00551900 0.00661592
v 0.00659862 0.00504587 0.00621803
v 0.00642000 0.00492331 0.00614273
v 0.00700681 0.00439890 0.00571100
v 0.00678887 0.00428504 0.00561418
v 0.00731570 0.00372564 0.00515149
v 0.00704528 0.00360734 0.00505216
v 0.00748615 0.00303860 0.00458236
v 0.00722929 0.00294142 0.00450804
v 0.00757531 0.00237291 0.00403484
v 0.00782954 0.00179980 0.00356200
v 0.00796758 0.00126579 0.00312008
v 0.00736534 0.00233555 0.00395465
v 0.00760311 0.00178528 0.00349100
v 0.00773538 0.00131088 0.00305630
v 0.00653447 0.00414892 0.00549998
v 0.00621435 0.00479732 0.00603862
v 0.00579855 0.00538917 0.00653321
v 0.00526505 0.00596446 0.00700020
v 0.00511491 0.00582937 0.00689339
v 0.00494329 0.00568255 0.00677132
v 0.00560664 0.00525696 0.00641837
v 0.00539260 0.00510312 0.00629020
v 0.00598011 0.00465004 0.00591601
v 0.00577103 0.00450566 0.00581585
v 0.00630702 0.00401238 0.00541143
v 0.00680224 0.00349065 0.00497038
v 0.00614030 0.00396753 0.00527630
v 0.00662677 0.00345060 0.00485530
v 0.00703629 0.00289906 0.00441361
v 0.00561773 0.00446060 0.00566504
v 0.00520103 0.00495303 0.00618365
v 0.00505707 0.00490268 0.00602464
v 0.00475512 0.00552039 0.00663577
v 0.00907713 0.00078670 0.00242734
v 0.00878739 0.00078276 0.00241372
v 0.00879187 0.00081555 0.00210343
v 0.00897581 0.00081091 0.00209026
v 0.00879187 0.00081555 0.00210343
v -0.00781938 0.00177505 0.00175506
v -0.00783780 0.00168534 0.00153500
v -0.00784121 0.00126612 0.00181508
v -0.00782185 0.00155085 0.00198907
v -0.00778090 0.00231746 0.00155181
v -0.00776538 0.00217988 0.00186598
v -0.00775576 0.00195991 0.00221567
v -0.00802177 0.00102586 0.00168008
v -0.00800679 0.00079294 0.00221371
v -0.00852923 0.00098230 0.00176780
v -0.00843257 0.00079368 0.00229087
v -0.00837553 0.00083361 0.00276684
v -0.00878719 0.00078213 0.00241407
v -0.00876207 0.00091039 0.00282707
v -0.00862776 0.00139114 0.00321801
v -0.00829002 0.00131585 0.00315678
v -0.00796796 0.00126645 0.00311968
v -0.00797569 0.00080003 0.00274458
v -0.00779914 0.00102264 0.00266488
v -0.00783064 0.00106041 0.00224787
v -0.00780160 0.00124385 0.00262510
v -0.00773653 0.00131060 0.00305642
v -0.00774037 0.00150897 0.00288596
v -0.00774550 0.00171492 0.00259606
v -0.00781429 0.00134575 0.00234721
v -0.00759856 0.00178131 0.00349358
v -0.00760124 0.00195712 0.00329797
v -0.00736479 0.00249674 0.00376257
v -0.00736040 0.00233115 0.00395735
v -0.00736656 0.00274538 0.00345451
v -0.00760424 0.00219321 0.00299064
v -0.00737263 0.00308689 0.00302343
v -0.00761474 0.00249597 0.00256992
v -0.00737950 0.00340490 0.00261665
v -0.00762670 0.00277102 0.00217172
v -0.00738579 0.00360892 0.00234799
v -0.00764027 0.00294856 0.00187937
v -0.00739088 0.00372867 0.00218455
v -0.00765236 0.00307236 0.00166314
v -0.00778940 0.00244699 0.00124795
v -0.00747543 0.00381416 0.00212840
v -0.00778226 0.00318303 0.00158571
v -0.00803903 0.00260402 0.00120388
v -0.00829939 0.00161574 0.00121714
v -0.00791689 0.00156841 0.00122100
v -0.00823646 0.00252597 0.00139851
v -0.00864279 0.00169155 0.00131983
v -0.00901616 0.00106497 0.00175438
v -0.00837397 0.00235243 0.00174301
v -0.00867446 0.00175776 0.00171293
v -0.00871168 0.00184043 0.00202777
v -0.00892978 0.00134629 0.00198387
v -0.00887309 0.00161625 0.00229264
v -0.00872753 0.00200881 0.00262717
v -0.00853441 0.00222644 0.00216993
v -0.00907771 0.00116648 0.00228309
v -0.00903009 0.00139483 0.00258634
v -0.00921119 0.00094720 0.00230507
v -0.00917445 0.00118255 0.00276901
v -0.00804993 0.00298549 0.00204887
v -0.00793035 0.00312406 0.00176011
v -0.00761215 0.00378794 0.00226463
v -0.00772324 0.00365488 0.00252147
v -0.00792318 0.00342949 0.00294170
v -0.00824866 0.00280393 0.00248507
v -0.00817226 0.00313491 0.00346983
v -0.00848087 0.00254267 0.00301086
v -0.00838189 0.00288765 0.00391199
v -0.00803011 0.00348137 0.00443124
v -0.00782617 0.00372871 0.00399348
v -0.00742410 0.00431276 0.00454561
v -0.00757263 0.00403882 0.00347079
v -0.00717974 0.00462144 0.00401461
v -0.00671869 0.00516519 0.00453772
v -0.00697545 0.00488406 0.00356339
v -0.00652153 0.00543665 0.00405474
v -0.00600303 0.00594234 0.00451695
v -0.00642006 0.00560966 0.00374726
v -0.00590399 0.00612427 0.00418915
v -0.00533117 0.00659240 0.00460051
v -0.00575431 0.00609388 0.00401153
v -0.00519113 0.00656690 0.00440112
v -0.00457817 0.00699683 0.00475851
v -0.00504874 0.00643905 0.00430556
v -0.00444647 0.00686251 0.00465588
v -0.00379533 0.00723749 0.00496593
v -0.00435285 0.00670088 0.00465915
v -0.00371544 0.00707488 0.00496775
v -0.00304108 0.00740038 0.00525296
v -0.00372770 0.00687924 0.00521068
v -0.00305216 0.00721280 0.00548837
v -0.00232915 0.00747133 0.00569809
v -0.00307004 0.00688162 0.00588014
v -0.00235120 0.00715395 0.00609041
v -0.00158197 0.00731082 0.00619636
v -0.00237907 0.00676648 0.00656229
v -0.00160412 0.00693620 0.00667480
v -0.00079846 0.00697675 0.00668547
v -0.00162243 0.00664500 0.00703722
v -0.00080731 0.00668486 0.00705511
v -0.00078654 0.00735016 0.00620765
v -0.00077571 0.00766409 0.00581755
v -0.00076837 0.00784839 0.00557255
v -0.00077267 0.00803426 0.00562644
v -0.00078833 0.00821202 0.00576820
v -0.00080459 0.00816128 0.00605520
v -0.00083496 0.00795730 0.00647622
v -0.00089439 0.00769017 0.00705186
v -0.00095221 0.00743587 0.00756097
v -0.00097657 0.00728292 0.00787261
v -0.00096461 0.00712547 0.00798323
v -0.00092974 0.00698648 0.00784908
v -0.00089131 0.00682118 0.00771236
v -0.00085621 0.00664385 0.00758038
v -0.00083004 0.00650839 0.00744600
v -0.00081477 0.00651470 0.00727193
v -0.00163532 0.00646970 0.00723692
v -0.00166698 0.00644938 0.00739939
v -0.00246962 0.00630327 0.00728840
v -0.00241867 0.00630534 0.00712241
v -0.00255005 0.00644920 0.00741585
v -0.00172144 0.00658424 0.00752910
v -0.00263797 0.00662045 0.00754577
v -0.00178679 0.00675358 0.00765635
v -0.00272232 0.00677900 0.00767987
v -0.00185383 0.00691262 0.00778769
v -0.00279691 0.00692869 0.00781257
v -0.00191319 0.00705479 0.00792238
v -0.00279040 0.00705398 0.00760919
v -0.00192095 0.00719572 0.00775928
v -0.00272919 0.00722073 0.00725271
v -0.00187304 0.00735823 0.00742761
v -0.00261572 0.00747240 0.00671167
v -0.00177144 0.00760577 0.00690278
v -0.00250821 0.00773280 0.00616193
v -0.00167531 0.00786960 0.00634459
v -0.00245213 0.00792239 0.00578942
v -0.00162714 0.00806512 0.00595150
v -0.00240159 0.00794398 0.00554308
v -0.00159735 0.00811230 0.00568715
v -0.00234179 0.00779581 0.00542776
v -0.00156295 0.00795354 0.00555948
v -0.00231630 0.00764964 0.00546689
v -0.00155162 0.00780028 0.00557513
v -0.00156291 0.00761896 0.00580253
v -0.00309087 0.00755389 0.00522750
v -0.00317827 0.00769630 0.00533806
v -0.00390779 0.00737588 0.00507423
v -0.00401426 0.00740229 0.00529577
v -0.00470475 0.00702149 0.00497220
v -0.00479406 0.00683382 0.00532752
v -0.00542962 0.00640773 0.00494498
v -0.00560544 0.00612917 0.00546318
v -0.00619239 0.00566668 0.00502218
v -0.00639437 0.00536649 0.00556558
v -0.00693961 0.00485911 0.00507903
v -0.00709386 0.00464092 0.00549250
v -0.00760938 0.00407961 0.00497386
v -0.00773902 0.00394641 0.00526162
v -0.00817632 0.00334093 0.00471821
v -0.00852737 0.00273665 0.00419620
v -0.00867427 0.00230160 0.00343481
v -0.00881609 0.00214441 0.00369824
v -0.00800576 0.00322156 0.00473879
v -0.00837336 0.00262213 0.00423835
v -0.00866680 0.00202594 0.00374529
v -0.00903197 0.00160738 0.00321850
v -0.00891137 0.00145666 0.00328809
v -0.00812973 0.00254538 0.00417429
v -0.00841384 0.00195225 0.00368318
v -0.00862776 0.00139114 0.00321801
v -0.00910792 0.00096529 0.00288451
v -0.00876207 0.00091039 0.00282707
v -0.00811490 0.00187052 0.00361581
v -0.00829002 0.00131585 0.00315678
v -0.00889331 0.00177931 0.00299184
v -0.00784386 0.00245594 0.00410040
v -0.00776714 0.00313944 0.00466569
v -0.00754629 0.00382553 0.00523297
v -0.00719262 0.00451976 0.00576567
v -0.00652759 0.00516241 0.00596072
v -0.00579064 0.00583614 0.00600213
v -0.00495133 0.00656047 0.00585724
v -0.00408875 0.00721662 0.00565735
v -0.00325986 0.00771633 0.00557109
v -0.00332372 0.00753390 0.00593789
v -0.00343841 0.00727650 0.00648838
v -0.00422129 0.00695409 0.00620096
v -0.00435896 0.00668798 0.00675572
v -0.00511604 0.00627818 0.00639882
v -0.00355677 0.00702036 0.00704497
v -0.00363056 0.00685390 0.00742341
v -0.00444838 0.00651139 0.00713434
v -0.00364730 0.00671355 0.00764432
v -0.00448049 0.00638098 0.00736444
v -0.00354824 0.00656272 0.00749738
v -0.00435205 0.00623798 0.00722914
v -0.00344075 0.00639758 0.00736228
v -0.00421165 0.00607646 0.00709768
v -0.00332562 0.00622030 0.00722503
v -0.00406023 0.00590453 0.00695412
v -0.00321844 0.00606347 0.00709671
v -0.00392285 0.00574209 0.00683417
v -0.00382459 0.00570528 0.00666142
v -0.00458696 0.00536425 0.00652344
v -0.00446288 0.00532054 0.00635649
v -0.00314270 0.00603630 0.00692225
v -0.00520138 0.00495205 0.00618524
v -0.00475518 0.00552061 0.00663565
v -0.00539270 0.00510253 0.00629106
v -0.00598032 0.00465021 0.00591609
v -0.00621439 0.00479733 0.00603868
v -0.00560670 0.00525691 0.00641854
v -0.00579921 0.00539103 0.00653217
v -0.00494334 0.00568249 0.00677150
v -0.00511591 0.00583123 0.00689242
v -0.00526990 0.00596523 0.00700946
v -0.00522447 0.00608981 0.00677175
v -0.00591009 0.00563888 0.00638026
v -0.00596496 0.00551947 0.00662208
v -0.00659659 0.00504515 0.00621614
v -0.00641984 0.00492333 0.00614254
v -0.00700674 0.00440051 0.00570894
v -0.00678891 0.00428485 0.00561446
v -0.00731566 0.00372557 0.00515156
v -0.00704527 0.00360725 0.00505229
v -0.00748622 0.00303834 0.00458228
v -0.00722939 0.00294145 0.00450764
v -0.00757496 0.00237496 0.00403219
v -0.00782939 0.00180266 0.00355811
v -0.00796796 0.00126645 0.00311968
v -0.00736040 0.00233115 0.00395735
v -0.00759856 0.00178131 0.00349358
v -0.00773653 0.00131060 0.00305642
v -0.00653465 0.00414894 0.00550021
v -0.00577196 0.00450735 0.00581512
v -0.00630744 0.00401739 0.00540680
v -0.00680193 0.00349054 0.00497081
v -0.00614171 0.00397052 0.00527545
v -0.00662587 0.00344960 0.00485588
v -0.00703736 0.00289952 0.00441330
v -0.00562088 0.00446529 0.00566394
v -0.00505834 0.00490509 0.00602392
v -0.00081477 0.00651470 0.00727193
v -0.00163532 0.00646970 0.00723692
v -0.00240169 0.00647147 0.00691872
v -0.00241867 0.00630534 0.00712241
v -0.00314270 0.00603630 0.00692225
v -0.00311688 0.00618643 0.00670170
v -0.00309567 0.00648455 0.00634843
v -0.00379927 0.00585995 0.00643849
v -0.00377239 0.00614771 0.00607754
v -0.00374463 0.00654242 0.00560620
v -0.00440906 0.00576501 0.00576872
v -0.00438350 0.00615823 0.00529860
v -0.00436709 0.00649885 0.00490377
v -0.00497311 0.00571831 0.00495824
v -0.00495846 0.00606035 0.00456270
v -0.00494442 0.00627190 0.00431316
v -0.00556756 0.00561216 0.00424652
v -0.00555900 0.00582704 0.00400490
v -0.00561167 0.00597984 0.00392461
v -0.00611643 0.00533455 0.00366031
v -0.00611881 0.00548335 0.00351049
v -0.00626639 0.00558496 0.00358822
v -0.00660289 0.00494005 0.00311884
v -0.00672357 0.00504067 0.00313637
v -0.00687301 0.00504893 0.00327993
v -0.00712317 0.00445268 0.00265475
v -0.00725851 0.00443910 0.00278720
v -0.00736682 0.00428931 0.00304698
v -0.00703224 0.00436098 0.00268210
v -0.00703408 0.00423133 0.00283067
v -0.00660843 0.00480369 0.00326993
v -0.00703525 0.00401198 0.00308856
v -0.00661378 0.00458093 0.00352289
v -0.00612394 0.00511539 0.00390641
v -0.00661828 0.00423984 0.00391881
v -0.00613068 0.00477424 0.00430029
v -0.00557698 0.00527046 0.00463961
v -0.00613214 0.00439712 0.00474749
v -0.00558008 0.00488128 0.00509882
v -0.00499404 0.00532908 0.00542867
v -0.00556993 0.00459245 0.00543671
v -0.00500970 0.00504308 0.00578749
v -0.00442916 0.00547296 0.00612658
v -0.00505834 0.00490509 0.00602392
v -0.00446288 0.00532054 0.00635649
v -0.00382459 0.00570528 0.00666142
v -0.00612410 0.00412242 0.00507082
v -0.00562088 0.00446529 0.00566394
v -0.00614171 0.00397052 0.00527545
v -0.00662587 0.00344960 0.00485588
v -0.00661553 0.00360521 0.00466354
v -0.00703736 0.00289952 0.00441330
v -0.00703360 0.00305825 0.00422416
v -0.00662041 0.00387125 0.00435319
v -0.00703511 0.00331550 0.00391861
v -0.00703554 0.00367510 0.00348908
v -0.00907639 0.00078663 0.00242754
v -0.00878719 0.00078213 0.00241407
v -0.00879151 0.00081644 0.00210432
v -0.00897527 0.00080912 0.00209029
v -0.00879151 0.00081644 0.00210432
v 0.00317048 -0.00942316 0.00482671
v 0.00348946 -0.00913612 0.00523267
v 0.00413405 -0.00914382 0.00467752
v 0.00345187 -0.00950633 0.00431443
v 0.00265506 -0.00966054 0.00416106
v 0.00257959 -0.00950059 0.00491398
v 0.00273691 -0.00917474 0.00560865
v 0.00178347 -0.00971648 0.00413491
v 0.00287042 -0.00972185 0.00334684
v 0.00189440 -0.00976037 0.00325284
v 0.00093845 -0.00976784 0.00323430
v 0.00204867 -0.00976896 0.00238606
v 0.00101040 -0.00977144 0.00234836
v -0.00000010 -0.00977162 0.00234291
v -0.00000011 -0.00977163 0.00147095
v 0.00108346 -0.00977163 0.00148118
v -0.00000007 -0.00977163 0.00060944
v 0.00114002 -0.00977163 0.00062230
v 0.00000004 -0.00977163 -0.00025546
v 0.00117058 -0.00977163 -0.00024178
v -0.00000008 -0.00977163 -0.00113895
v 0.00117146 -0.00977163 -0.00112464
v -0.00000012 -0.00977163 -0.00205761
v 0.00114403 -0.00977163 -0.00204108
v -0.00000008 -0.00977161 -0.00302887
v 0.00109715 -0.00977143 -0.00300816
v 0.00105343 -0.00976662 -0.00403676
v 0.00222712 -0.00976967 -0.00296323
v 0.00213045 -0.00975753 -0.00397817
v 0.00210405 -0.00968647 -0.00504089
v 0.00323837 -0.00971489 -0.00393125
v 0.00316473 -0.00959661 -0.00493528
v 0.00219671 -0.00944405 -0.00610341
v 0.00325204 -0.00930786 -0.00589622
v 0.00347379 -0.00881544 -0.00675040
v 0.00237748 -0.00896636 -0.00708170
v 0.00120962 -0.00907085 -0.00728600
v 0.00256903 -0.00830436 -0.00791007
v 0.00131548 -0.00841263 -0.00819442
v 0.00000014 -0.00845416 -0.00829655
v 0.00000015 -0.00765740 -0.00902018
v 0.00138494 -0.00761666 -0.00890097
v 0.00000015 -0.00674836 -0.00954499
v 0.00139573 -0.00671028 -0.00942433
v 0.00000010 -0.00572627 -0.00988983
v 0.00134837 -0.00569551 -0.00977890
v -0.00000008 -0.00459581 -0.01006539
v 0.00127270 -0.00457998 -0.00996900
v -0.00000012 -0.00338329 -0.01007625
v 0.00121000 -0.00338782 -0.00999157
v -0.00000012 -0.00213699 -0.00990550
v 0.00116924 -0.00215945 -0.00982576
v -0.00000012 -0.00090081 -0.00951740
v 0.00113102 -0.00093337 -0.00944510
v -0.00000008 0.00028901 -0.00891034
v 0.00110322 0.00025586 -0.00884662
v 0.00000008 0.00137766 -0.00814725
v 0.00110692 0.00135367 -0.00807842
v 0.00218170 0.00128514 -0.00789804
v 0.00217713 0.00016648 -0.00866570
v 0.00323926 0.00112879 -0.00765180
v 0.00322049 0.00002624 -0.00839238
v 0.00423527 -0.00017193 -0.00804241
v 0.00426899 0.00078720 -0.00740589
v 0.00449825 0.00166277 -0.00655916
v 0.00521777 0.00034359 -0.00712201
v 0.00545394 0.00103475 -0.00641765
v 0.00495090 0.00232498 -0.00556880
v 0.00583512 0.00161448 -0.00556379
v 0.00630630 0.00204751 -0.00458552
v 0.00549538 0.00277085 -0.00450017
v 0.00466509 0.00338915 -0.00430953
v 0.00519534 0.00366061 -0.00320148
v 0.00600946 0.00307308 -0.00336767
v 0.00641486 0.00331066 -0.00218221
v 0.00558243 0.00389055 -0.00204350
v 0.00467465 0.00430811 -0.00195808
v 0.00580489 0.00408118 -0.00082241
v 0.00483373 0.00447612 -0.00082371
v 0.00373484 0.00457465 -0.00193628
v 0.00384202 0.00473216 -0.00087528
v 0.00279004 0.00473133 -0.00198194
v 0.00286035 0.00489759 -0.00095248
v 0.00190011 0.00501061 -0.00103897
v 0.00185447 0.00482830 -0.00206173
v 0.00092703 0.00488782 -0.00213238
v 0.00095015 0.00507840 -0.00111317
v -0.00000014 0.00510135 -0.00114365
v -0.00000014 0.00522583 -0.00015514
v 0.00093712 0.00520451 -0.00012269
v -0.00000007 0.00528577 0.00086706
v 0.00088713 0.00526812 0.00089260
v 0.00000006 0.00528548 0.00197780
v 0.00083066 0.00526934 0.00198415
v 0.00000005 0.00522327 0.00317970
v 0.00080739 0.00520704 0.00316082
v 0.00084422 0.00506125 0.00436950
v -0.00000006 0.00507729 0.00440787
v -0.00000007 0.00490780 -0.00216031
v 0.00090409 0.00461642 -0.00320320
v 0.00000006 0.00463197 -0.00323714
v 0.00000006 0.00425253 -0.00434903
v 0.00092354 0.00424537 -0.00430094
v 0.00098743 0.00373957 -0.00535785
v -0.00000007 0.00374039 -0.00542299
v 0.00180921 0.00457451 -0.00311142
v 0.00270228 0.00450516 -0.00299161
v 0.00274533 0.00418704 -0.00393911
v 0.00338357 0.00417493 -0.00364867
v 0.00354667 0.00437126 -0.00292715
v 0.00436155 0.00409753 -0.00302873
v 0.00388572 0.00387935 -0.00399425
v 0.00308853 0.00361822 -0.00495131
v 0.00185124 0.00422072 -0.00416539
v 0.00197446 0.00372217 -0.00518961
v 0.00282889 0.00306919 -0.00591945
v 0.00206262 0.00309035 -0.00613147
v 0.00334952 0.00230341 -0.00655678
v 0.00217800 0.00229197 -0.00701052
v 0.00404982 0.00298360 -0.00539346
v 0.00110611 0.00230624 -0.00722528
v 0.00105971 0.00309579 -0.00632759
v 0.00000008 0.00231477 -0.00730662
v -0.00000007 0.00309645 -0.00640766
v -0.00110607 0.00230624 -0.00722528
v -0.00110688 0.00135367 -0.00807842
v -0.00218169 0.00128516 -0.00789803
v -0.00110325 0.00025586 -0.00884661
v -0.00217712 0.00016649 -0.00866570
v -0.00323925 0.00112887 -0.00765174
v -0.00322050 0.00002629 -0.00839236
v -0.00423530 -0.00017177 -0.00804231
v -0.00426913 0.00078731 -0.00740571
v -0.00449827 0.00166282 -0.00655910
v -0.00521783 0.00034359 -0.00712196
v -0.00545407 0.00103466 -0.00641761
v -0.00495089 0.00232499 -0.00556880
v -0.00583515 0.00161445 -0.00556378
v -0.00630633 0.00204749 -0.00458552
v -0.00549537 0.00277086 -0.00450017
v -0.00466506 0.00338916 -0.00430953
v -0.00519523 0.00366068 -0.00320146
v -0.00600943 0.00307310 -0.00336766
v -0.00641485 0.00331067 -0.00218222
v -0.00558236 0.00389058 -0.00204354
v -0.00467463 0.00430812 -0.00195809
v -0.00580474 0.00408121 -0.00082261
v -0.00483369 0.00447613 -0.00082375
v -0.00373484 0.00457465 -0.00193628
v -0.00384205 0.00473214 -0.00087531
v -0.00279007 0.00473132 -0.00198197
v -0.00286048 0.00489755 -0.00095261
v -0.00190018 0.00501060 -0.00103899
v -0.00185449 0.00482830 -0.00206174
v -0.00092709 0.00488782 -0.00213238
v -0.00095036 0.00507840 -0.00111313
v -0.00093733 0.00520451 -0.00012258
v -0.00088720 0.00526812 0.00089250
v -0.00083063 0.00526934 0.00198411
v -0.00080739 0.00520704 0.00316082
v -0.00084425 0.00506125 0.00436950
v -0.00090405 0.00461642 -0.00320320
v -0.00092351 0.00424537 -0.00430095
v -0.00098746 0.00373956 -0.00535784
v -0.00180921 0.00457451 -0.00311143
v -0.00270228 0.00450516 -0.00299161
v -0.00274532 0.00418703 -0.00393911
v -0.00338357 0.00417493 -0.00364867
v -0.00354667 0.00437126 -0.00292715
v -0.00436152 0.00409754 -0.00302873
v -0.00388571 0.00387935 -0.00399425
v -0.00308852 0.00361823 -0.00495131
v -0.00185124 0.00422072 -0.00416539
v -0.00197445 0.00372217 -0.00518961
v -0.00282881 0.00306924 -0.00591940
v -0.00206260 0.00309036 -0.00613147
v -0.00334931 0.00230362 -0.00655666
v -0.00217795 0.00229201 -0.00701049
v -0.00404977 0.00298364 -0.00539343
v -0.00105975 0.00309578 -0.00632759
v 0.00980315 -0.00085289 0.00101630
v 0.00964428 -0.00008133 0.00147812
v 0.00961623 0.00022462 0.00082249
v 0.00973128 -0.00025112 0.00022790
v 0.00977608 -0.00082419 -0.00065013
v 0.00989817 -0.00147249 -0.00009688
v 0.00951317 -0.00015366 0.00240364
v 0.00961677 -0.00079063 0.00231799
v 0.00965477 -0.00164324 0.00226310
v 0.00985101 -0.00179994 0.00110870
v 0.00992115 -0.00195869 0.00028458
v 0.00987668 -0.00214702 -0.00096894
v 0.00990457 -0.00259042 -0.00016698
v 0.00983076 -0.00269969 0.00087849
v 0.00946025 0.00050859 0.00114477
v 0.00948429 0.00030566 0.00167676
v 0.00927602 0.00047533 0.00175161
v 0.00937927 0.00024313 0.00245622
v 0.00916959 0.00044090 0.00244830
v 0.00890964 0.00048079 0.00240271
v 0.00890616 0.00044155 0.00336694
v 0.00865243 0.00047857 0.00326348
v 0.00838970 0.00048108 0.00314469
v 0.00823659 0.00047821 0.00427528
v 0.00799559 0.00048109 0.00411328
v 0.00775422 0.00048060 0.00394226
v 0.00744953 0.00048138 0.00514204
v 0.00723350 0.00048095 0.00494522
v 0.00702195 0.00048217 0.00475362
v 0.00657012 0.00048154 0.00593484
v 0.00638217 0.00048304 0.00572877
v 0.00682623 0.00050899 0.00457946
v 0.00620735 0.00051266 0.00554264
v 0.00670513 0.00065373 0.00445232
v 0.00610312 0.00065904 0.00541290
v 0.00610486 0.00089744 0.00535125
v 0.00537816 0.00067839 0.00632422
v 0.00538652 0.00091561 0.00627336
v 0.00542033 0.00121616 0.00622915
v 0.00454151 0.00094502 0.00711134
v 0.00457236 0.00125023 0.00708086
v 0.00461273 0.00165063 0.00704309
v 0.00356994 0.00128476 0.00777543
v 0.00360147 0.00169558 0.00775535
v 0.00242983 0.00131123 0.00823979
v 0.00241378 0.00098928 0.00824697
v 0.00354552 0.00097246 0.00779188
v 0.00240406 0.00073852 0.00826250
v 0.00353217 0.00073200 0.00781462
v 0.00241847 0.00055518 0.00834889
v 0.00355600 0.00055723 0.00789890
v 0.00247221 0.00049093 0.00856320
v 0.00363861 0.00049097 0.00809825
v 0.00253986 0.00048485 0.00882117
v 0.00374034 0.00048419 0.00833930
v 0.00261232 0.00048498 0.00908615
v 0.00384541 0.00048412 0.00858841
v 0.00268763 0.00047593 0.00934717
v 0.00395146 0.00047397 0.00883744
v 0.00275688 0.00034790 0.00958315
v 0.00404933 0.00035393 0.00906965
v 0.00277398 0.00003141 0.00966044
v 0.00407596 0.00003923 0.00916628
v 0.00276006 -0.00040635 0.00967493
v 0.00405452 -0.00041048 0.00919809
v 0.00139984 0.00003782 0.00996077
v 0.00139552 -0.00038803 0.00997239
v -0.00000015 -0.00037757 0.01007625
v -0.00000015 0.00004382 0.01006312
v 0.00138936 0.00034587 0.00989021
v -0.00000009 0.00034696 0.00999334
v 0.00135295 0.00047620 0.00965702
v 0.00000005 0.00047630 0.00976162
v 0.00131322 0.00048543 0.00938739
v -0.00000009 0.00048555 0.00948870
v 0.00127640 0.00048522 0.00910519
v -0.00000009 0.00048534 0.00919779
v 0.00124345 0.00049004 0.00883087
v 0.00000004 0.00049007 0.00891625
v 0.00121762 0.00054982 0.00860457
v -0.00000008 0.00055042 0.00868910
v 0.00121092 0.00073646 0.00851284
v -0.00000011 0.00073552 0.00860030
v 0.00121630 0.00099314 0.00849918
v -0.00000009 0.00099132 0.00858702
v 0.00122440 0.00132349 0.00849596
v -0.00000016 0.00132484 0.00858424
v 0.00123395 0.00175143 0.00849301
v -0.00000014 0.00175728 0.00858185
v 0.00124302 0.00228680 0.00848636
v -0.00000013 0.00229532 0.00857569
v 0.00124288 0.00288688 0.00842225
v -0.00000008 0.00289586 0.00850915
v 0.00120650 0.00345190 0.00809851
v 0.00000004 0.00345785 0.00817478
v 0.00113423 0.00394584 0.00747510
v -0.00000004 0.00395495 0.00754253
v 0.00103831 0.00441375 0.00660067
v 0.00000004 0.00442690 0.00665902
v 0.00093226 0.00479905 0.00553867
v -0.00000006 0.00481374 0.00558827
v 0.00168805 0.00501282 0.00425696
v 0.00185076 0.00475435 0.00538092
v 0.00205987 0.00437453 0.00640917
v 0.00272933 0.00468370 0.00510441
v 0.00303266 0.00431379 0.00605640
v 0.00225646 0.00391711 0.00725313
v 0.00332827 0.00386860 0.00683752
v 0.00392349 0.00425642 0.00553980
v 0.00430551 0.00382167 0.00622346
v 0.00240612 0.00343352 0.00785259
v 0.00355310 0.00339170 0.00738636
v 0.00458106 0.00333418 0.00669293
v 0.00516049 0.00377909 0.00543821
v 0.00545849 0.00327548 0.00582801
v 0.00365187 0.00282033 0.00766361
v 0.00468501 0.00275658 0.00692354
v 0.00555113 0.00269111 0.00602230
v 0.00618728 0.00321519 0.00485319
v 0.00626921 0.00263381 0.00503593
v 0.00465884 0.00216499 0.00699726
v 0.00551650 0.00210716 0.00610861
v 0.00623399 0.00206185 0.00514165
v 0.00685330 0.00258637 0.00401032
v 0.00681800 0.00203882 0.00413845
v 0.00546492 0.00160556 0.00617446
v 0.00618269 0.00157479 0.00522652
v 0.00677250 0.00156793 0.00424064
v 0.00725502 0.00203113 0.00315391
v 0.00722024 0.00158425 0.00327041
v 0.00613835 0.00119530 0.00529556
v 0.00673263 0.00119411 0.00432042
v 0.00719089 0.00121319 0.00335488
v 0.00750740 0.00160460 0.00240017
v 0.00749054 0.00124236 0.00248748
v 0.00670223 0.00089551 0.00438464
v 0.00716734 0.00090925 0.00342363
v 0.00747686 0.00093098 0.00255980
v 0.00765341 0.00125569 0.00180759
v 0.00764554 0.00094004 0.00188869
v 0.00717326 0.00065973 0.00349491
v 0.00748885 0.00066930 0.00263684
v 0.00766617 0.00066530 0.00197978
v 0.00730467 0.00050785 0.00361498
v 0.00763167 0.00050809 0.00274957
v 0.00781862 0.00050777 0.00209391
v 0.00791270 0.00050831 0.00172803
v 0.00781220 0.00062625 0.00154638
v 0.00810259 0.00060404 0.00136860
v 0.00813058 0.00049962 0.00169839
v 0.00751976 0.00048161 0.00377262
v 0.00786601 0.00048144 0.00288114
v 0.00806212 0.00048308 0.00218126
v 0.00812398 0.00048060 0.00301434
v 0.00834217 0.00048225 0.00226010
v 0.00843127 0.00049877 0.00171439
v 0.00843374 0.00060243 0.00134201
v 0.00863115 0.00048295 0.00233750
v 0.00873997 0.00050084 0.00174499
v 0.00875032 0.00060718 0.00134762
v 0.00840064 0.00086326 0.00118551
v 0.00868375 0.00087915 0.00118144
v 0.00836476 0.00107705 0.00116172
v 0.00853530 0.00116208 0.00115498
v 0.00826693 0.00138231 0.00115771
v 0.00813412 0.00115980 0.00117946
v 0.00808565 0.00087996 0.00121613
v 0.00902539 0.00050429 0.00176345
v 0.00903113 0.00062459 0.00134489
v 0.00894827 0.00091248 0.00116506
v 0.00876803 0.00125626 0.00113170
v 0.00926548 0.00062079 0.00129676
v 0.00917694 0.00092707 0.00107278
v 0.00898699 0.00132582 0.00100033
v 0.00846439 0.00157174 0.00113400
v 0.00867218 0.00173239 0.00101923
v 0.00934015 0.00086182 0.00084028
v 0.00910865 0.00131248 0.00070710
v 0.00877669 0.00179639 0.00070947
v 0.00824092 0.00204362 0.00110651
v 0.00837296 0.00223666 0.00085327
v 0.00917076 0.00120680 0.00024405
v 0.00879302 0.00176234 0.00022215
v 0.00835316 0.00230158 0.00036094
v 0.00790768 0.00255719 0.00117832
v 0.00787500 0.00279760 0.00071697
v 0.00875583 0.00162712 -0.00051641
v 0.00824772 0.00225952 -0.00039381
v 0.00766606 0.00289264 -0.00007642
v 0.00688008 0.00362748 0.00057275
v 0.00740590 0.00323886 0.00140124
v 0.00696202 0.00351164 0.00241407
v 0.00640386 0.00395355 0.00197125
v 0.00744274 0.00281279 -0.00117840
v 0.00669568 0.00350396 -0.00092339
v 0.00864518 0.00138059 -0.00147959
v 0.00808076 0.00210629 -0.00139581
v 0.00844904 0.00106025 -0.00253069
v 0.00783584 0.00186673 -0.00250346
v 0.00715977 0.00262004 -0.00235896
v 0.00749935 0.00157453 -0.00358798
v 0.00677587 0.00236810 -0.00350815
v 0.00709097 0.00122835 -0.00458067
v 0.00816928 0.00070453 -0.00354917
v 0.00782575 0.00032368 -0.00447830
v 0.00745116 -0.00008563 -0.00530992
v 0.00668038 0.00081313 -0.00546150
v 0.00705980 -0.00051584 -0.00606489
v 0.00631824 0.00032012 -0.00622964
v 0.00662243 -0.00091945 -0.00675567
v 0.00601102 -0.00019845 -0.00687410
v 0.00577703 -0.00058959 -0.00730964
v 0.00606855 -0.00119090 -0.00737958
v 0.00808882 -0.00106894 -0.00511223
v 0.00764633 -0.00146238 -0.00590554
v 0.00710044 -0.00180483 -0.00667652
v 0.00806104 -0.00249239 -0.00568632
v 0.00744865 -0.00279191 -0.00653159
v 0.00668647 -0.00302418 -0.00735757
v 0.00640466 -0.00205595 -0.00742333
v 0.00576658 -0.00319320 -0.00812740
v 0.00553454 -0.00219248 -0.00812203
v 0.00530035 -0.00124503 -0.00795530
v 0.00515609 -0.00040334 -0.00763791
v 0.00452729 -0.00224190 -0.00873086
v 0.00434736 -0.00118594 -0.00847747
v 0.00344545 -0.00223953 -0.00922289
v 0.00331029 -0.00109815 -0.00890850
v 0.00232227 -0.00220501 -0.00959259
v 0.00223719 -0.00100912 -0.00923597
v 0.00359076 -0.00336842 -0.00933672
v 0.00241265 -0.00339009 -0.00973998
v 0.00374985 -0.00446255 -0.00925588
v 0.00252941 -0.00453594 -0.00969241
v 0.00389479 -0.00550671 -0.00900109
v 0.00265496 -0.00561733 -0.00947157
v 0.00396195 -0.00648229 -0.00860291
v 0.00272717 -0.00661406 -0.00909577
v 0.00390473 -0.00737027 -0.00809116
v 0.00269889 -0.00751242 -0.00857601
v 0.00372461 -0.00815598 -0.00747809
v 0.00498066 -0.00721064 -0.00747283
v 0.00475283 -0.00799085 -0.00692084
v 0.00445093 -0.00863911 -0.00631962
v 0.00591941 -0.00706438 -0.00673802
v 0.00562668 -0.00785062 -0.00624610
v 0.00522842 -0.00849883 -0.00578688
v 0.00486626 -0.00890590 -0.00544748
v 0.00420893 -0.00910631 -0.00564807
v 0.00418997 -0.00938996 -0.00485419
v 0.00508366 -0.00902273 -0.00487336
v 0.00579405 -0.00847852 -0.00508676
v 0.00508366 -0.00902273 -0.00487336
v 0.00672753 -0.00695999 -0.00589120
v 0.00634635 -0.00777753 -0.00544690
v 0.00741177 -0.00690031 -0.00491675
v 0.00693387 -0.00776939 -0.00451519
v 0.00625312 -0.00853241 -0.00421931
v 0.00738630 -0.00778688 -0.00342837
v 0.00662240 -0.00859234 -0.00321051
v 0.00568023 -0.00924426 -0.00307209
v 0.00538323 -0.00915125 -0.00403599
v 0.00538323 -0.00915125 -0.00403599
v 0.00435006 -0.00954897 -0.00394577
v 0.00457519 -0.00963062 -0.00297952
v 0.00568023 -0.00924426 -0.00307209
v 0.00339674 -0.00975160 -0.00294054
v 0.00476858 -0.00966969 -0.00198367
v 0.00354462 -0.00976265 -0.00197530
v 0.00232401 -0.00977134 -0.00200329
v 0.00362665 -0.00976536 -0.00102959
v 0.00237896 -0.00977155 -0.00108489
v 0.00362238 -0.00976421 -0.00010352
v 0.00237624 -0.00977150 -0.00019508
v 0.00352969 -0.00975990 0.00079629
v 0.00231403 -0.00977120 0.00067434
v 0.00335747 -0.00975307 0.00166583
v 0.00219918 -0.00977058 0.00153094
v 0.00312528 -0.00974285 0.00251187
v 0.00452709 -0.00962940 0.00192385
v 0.00421179 -0.00959855 0.00277826
v 0.00383460 -0.00956122 0.00358331
v 0.00522556 -0.00918791 0.00317531
v 0.00471825 -0.00916170 0.00397338
v 0.00475156 -0.00965604 0.00101015
v 0.00561966 -0.00922212 0.00228749
v 0.00589038 -0.00926872 0.00129977
v 0.00487028 -0.00967640 0.00003849
v 0.00603210 -0.00931078 0.00022081
v 0.00487479 -0.00968255 -0.00096979
v 0.00603809 -0.00932323 -0.00090663
v 0.00591240 -0.00929992 -0.00202063
v 0.00898505 -0.00551617 -0.00255812
v 0.00902672 -0.00431259 -0.00374757
v 0.00844459 -0.00468824 -0.00485383
v 0.00835300 -0.00580453 -0.00423067
v 0.00797264 -0.00686212 -0.00375588
v 0.00838374 -0.00684579 -0.00232871
v 0.00946465 -0.00366591 -0.00274339
v 0.00953021 -0.00440491 -0.00159830
v 0.00832510 -0.00357563 -0.00535376
v 0.00885583 -0.00320943 -0.00441609
v 0.00855265 -0.00212008 -0.00483332
v 0.00927498 -0.00270645 -0.00348452
v 0.00894913 -0.00167391 -0.00396103
v 0.00846073 -0.00065022 -0.00427570
v 0.00876538 -0.00021879 -0.00337022
v 0.00924472 -0.00117032 -0.00304569
v 0.00899116 0.00021564 -0.00239439
v 0.00943230 -0.00063734 -0.00208430
v 0.00913382 0.00063217 -0.00139167
v 0.00952233 -0.00011334 -0.00111273
v 0.00918892 0.00098005 -0.00046741
v 0.00952683 0.00034667 -0.00023076
v 0.00945691 0.00067967 0.00043050
v 0.00363679 0.00222084 0.00772937
v 0.00247125 0.00226245 0.00821983
v 0.00244989 0.00173097 0.00823186
v 0.00247654 0.00286398 0.00815814
v 0.00382066 0.00474654 0.00373757
v 0.00419667 0.00454478 0.00421946
v 0.00352714 0.00460647 0.00471947
v 0.00327269 0.00483961 0.00387948
v 0.00472816 0.00451014 0.00353060
v 0.00403025 0.00477614 0.00314947
v 0.00327558 0.00495356 0.00302459
v 0.00470904 0.00421150 0.00486864
v 0.00537666 0.00416324 0.00404736
v 0.00588234 0.00372620 0.00451893
v 0.00593032 0.00408546 0.00308380
v 0.00647473 0.00364828 0.00349724
v 0.00678349 0.00314888 0.00381676
v 0.00724125 0.00304123 0.00277235
v 0.00728761 0.00252971 0.00299778
v 0.00756644 0.00283815 0.00183929
v 0.00756027 0.00242702 0.00209182
v 0.00779318 0.00226252 0.00140468
v 0.00753077 0.00200907 0.00227160
v 0.00770961 0.00194042 0.00157618
v 0.00805629 0.00180126 0.00119535
v 0.00767011 0.00159553 0.00171100
v 0.00790708 0.00152886 0.00126718
v 0.00782299 0.00122910 0.00134596
v 0.00778807 0.00091491 0.00142412
v 0.00251549 0.00493542 0.00408016
v 0.00246151 0.00507462 0.00304835
v 0.00162802 0.00515786 0.00311118
v 0.00167766 0.00521940 0.00200199
v 0.00178582 0.00521217 0.00095708
v 0.00255198 0.00512944 0.00203636
v 0.00270861 0.00510917 0.00104672
v 0.00366100 0.00494959 0.00117491
v 0.00344556 0.00498734 0.00212334
v 0.00433484 0.00476918 0.00232249
v 0.00518441 0.00445895 0.00266051
v 0.00462864 0.00470982 0.00136786
v 0.00557244 0.00437118 0.00162948
v 0.00481880 0.00460923 0.00030696
v 0.00381672 0.00485811 0.00017404
v 0.00283418 0.00502449 0.00005813
v 0.00187834 0.00513871 -0.00004267
v 0.00582587 0.00424315 0.00043970
v -0.00000007 -0.00955110 -0.00625690
v -0.00000007 -0.00973300 -0.00514013
v 0.00104879 -0.00972234 -0.00511654
v 0.00110687 -0.00952334 -0.00622282
v 0.00000009 -0.00910942 -0.00735389
v 0.00000004 -0.00976844 -0.00406050
v -0.00104882 -0.00972234 -0.00511653
v -0.00110689 -0.00952335 -0.00622281
v -0.00120957 -0.00907085 -0.00728600
v -0.00131541 -0.00841264 -0.00819443
v -0.00138486 -0.00761667 -0.00890098
v -0.00139566 -0.00671029 -0.00942433
v -0.00134832 -0.00569555 -0.00977889
v -0.00127276 -0.00458014 -0.00996898
v -0.00121006 -0.00338786 -0.00999156
v -0.00116930 -0.00215945 -0.00982575
v -0.00113108 -0.00093337 -0.00944509
v -0.00223718 -0.00100912 -0.00923598
v -0.00232223 -0.00220501 -0.00959260
v -0.00331024 -0.00109814 -0.00890852
v -0.00344530 -0.00223953 -0.00922295
v -0.00434734 -0.00118591 -0.00847746
v -0.00452721 -0.00224191 -0.00873090
v -0.00530034 -0.00124501 -0.00795530
v -0.00553442 -0.00219250 -0.00812212
v -0.00640468 -0.00205593 -0.00742331
v -0.00576655 -0.00319321 -0.00812742
v -0.00668646 -0.00302418 -0.00735757
v -0.00710053 -0.00180479 -0.00667641
v -0.00744867 -0.00279191 -0.00653156
v -0.00806105 -0.00249238 -0.00568631
v -0.00764635 -0.00146237 -0.00590552
v -0.00705980 -0.00051584 -0.00606489
v -0.00808882 -0.00106894 -0.00511223
v -0.00745116 -0.00008564 -0.00530992
v -0.00668040 0.00081308 -0.00546149
v -0.00709107 0.00122824 -0.00458066
v -0.00782576 0.00032365 -0.00447830
v -0.00816928 0.00070452 -0.00354917
v -0.00749937 0.00157450 -0.00358798
v -0.00677587 0.00236809 -0.00350815
v -0.00715977 0.00262004 -0.00235897
v -0.00783584 0.00186672 -0.00250347
v -0.00808077 0.00210625 -0.00139588
v -0.00844905 0.00106021 -0.00253072
v -0.00864522 0.00138045 -0.00147974
v -0.00824771 0.00225950 -0.00039394
v -0.00875584 0.00162709 -0.00051648
v -0.00835316 0.00230158 0.00036091
v -0.00879302 0.00176235 0.00022216
v -0.00877668 0.00179639 0.00070947
v -0.00917076 0.00120681 0.00024413
v -0.00910865 0.00131247 0.00070712
v -0.00898698 0.00132582 0.00100033
v -0.00934016 0.00086180 0.00084030
v -0.00917694 0.00092707 0.00107278
v -0.00894827 0.00091248 0.00116506
v -0.00926547 0.00062079 0.00129676
v -0.00903113 0.00062459 0.00134490
v -0.00875034 0.00060716 0.00134766
v -0.00902539 0.00050429 0.00176346
v -0.00873998 0.00050084 0.00174502
v -0.00843130 0.00049877 0.00171442
v -0.00863115 0.00048295 0.00233750
v -0.00834218 0.00048225 0.00226012
v -0.00806212 0.00048308 0.00218127
v -0.00812397 0.00048060 0.00301435
v -0.00786599 0.00048144 0.00288118
v -0.00763167 0.00050809 0.00274958
v -0.00751970 0.00048161 0.00377276
v -0.00730465 0.00050785 0.00361500
v -0.00748885 0.00066930 0.00263684
v -0.00717328 0.00065973 0.00349487
v -0.00747685 0.00093097 0.00255979
v -0.00716735 0.00090923 0.00342362
v -0.00719089 0.00121318 0.00335488
v -0.00670225 0.00089549 0.00438460
v -0.00673263 0.00119411 0.00432041
v -0.00677249 0.00156794 0.00424064
v -0.00613835 0.00119530 0.00529556
v -0.00618269 0.00157479 0.00522652
v -0.00623399 0.00206185 0.00514165
v -0.00546491 0.00160556 0.00617446
v -0.00551650 0.00210716 0.00610861
v -0.00555112 0.00269111 0.00602230
v -0.00465884 0.00216499 0.00699726
v -0.00468500 0.00275659 0.00692354
v -0.00458106 0.00333418 0.00669294
v -0.00365186 0.00282034 0.00766361
v -0.00355310 0.00339170 0.00738636
v -0.00332827 0.00386860 0.00683752
v -0.00240612 0.00343352 0.00785259
v -0.00225646 0.00391711 0.00725313
v -0.00205987 0.00437453 0.00640917
v -0.00113425 0.00394583 0.00747511
v -0.00103829 0.00441375 0.00660068
v -0.00120649 0.00345190 0.00809852
v -0.00124292 0.00288688 0.00842224
v -0.00124308 0.00228680 0.00848636
v -0.00123405 0.00175143 0.00849299
v -0.00122458 0.00132349 0.00849593
v -0.00121624 0.00099312 0.00849918
v -0.00121094 0.00073646 0.00851284
v -0.00121765 0.00054982 0.00860457
v -0.00124342 0.00049004 0.00883087
v -0.00127644 0.00048522 0.00910519
v -0.00131326 0.00048543 0.00938739
v -0.00135293 0.00047620 0.00965701
v -0.00138940 0.00034587 0.00989021
v -0.00139991 0.00003783 0.00996075
v -0.00139559 -0.00038801 0.00997238
v -0.00276006 -0.00040633 0.00967493
v -0.00277397 0.00003143 0.00966044
v -0.00407595 0.00003923 0.00916628
v -0.00405452 -0.00041046 0.00919809
v -0.00404928 0.00035393 0.00906966
v -0.00275687 0.00034790 0.00958316
v -0.00395127 0.00047397 0.00883749
v -0.00268758 0.00047593 0.00934718
v -0.00384536 0.00048411 0.00858842
v -0.00261231 0.00048498 0.00908616
v -0.00374034 0.00048419 0.00833929
v -0.00253986 0.00048485 0.00882117
v -0.00363861 0.00049097 0.00809824
v -0.00247221 0.00049093 0.00856320
v -0.00355603 0.00055722 0.00789888
v -0.00241848 0.00055518 0.00834889
v -0.00353231 0.00073200 0.00781454
v -0.00240408 0.00073852 0.00826249
v -0.00354555 0.00097246 0.00779186
v -0.00241375 0.00098928 0.00824698
v -0.00356994 0.00128476 0.00777543
v -0.00242986 0.00131123 0.00823979
v -0.00360146 0.00169559 0.00775535
v -0.00244990 0.00173098 0.00823185
v -0.00363679 0.00222085 0.00772938
v -0.00247124 0.00226245 0.00821982
v -0.00247653 0.00286398 0.00815814
v -0.00461273 0.00165063 0.00704309
v -0.00542033 0.00121616 0.00622915
v -0.00457236 0.00125023 0.00708086
v -0.00454151 0.00094501 0.00711133
v -0.00538652 0.00091560 0.00627336
v -0.00610487 0.00089743 0.00535124
v -0.00537815 0.00067839 0.00632422
v -0.00610314 0.00065904 0.00541287
v -0.00670520 0.00065372 0.00445219
v -0.00620735 0.00051266 0.00554263
v -0.00682624 0.00050899 0.00457944
v -0.00638216 0.00048304 0.00572877
v -0.00702193 0.00048217 0.00475365
v -0.00657011 0.00048154 0.00593484
v -0.00723349 0.00048095 0.00494523
v -0.00775421 0.00048060 0.00394229
v -0.00744953 0.00048138 0.00514204
v -0.00799559 0.00048109 0.00411328
v -0.00838970 0.00048107 0.00314469
v -0.00823658 0.00047821 0.00427526
v -0.00865243 0.00047857 0.00326348
v -0.00890964 0.00048079 0.00240271
v -0.00890616 0.00044155 0.00336693
v -0.00916958 0.00044090 0.00244830
v -0.00927602 0.00047533 0.00175161
v -0.00937926 0.00024314 0.00245622
v -0.00948429 0.00030566 0.00167675
v -0.00946025 0.00050859 0.00114477
v -0.00964428 -0.00008132 0.00147812
v -0.00961623 0.00022460 0.00082250
v -0.00980314 -0.00085288 0.00101630
v -0.00973128 -0.00025112 0.00022790
v -0.00977608 -0.00082419 -0.00065013
v -0.00989817 -0.00147249 -0.00009688
v -0.00951317 -0.00015365 0.00240363
v -0.00961677 -0.00079062 0.00231795
v -0.00965477 -0.00164324 0.00226308
v -0.00985100 -0.00179994 0.00110869
v -0.00992115 -0.00195873 0.00028455
v -0.00987668 -0.00214705 -0.00096895
v -0.00990456 -0.00259054 -0.00016707
v -0.00983075 -0.00269972 0.00087847
v -0.00945694 0.00067960 0.00043056
v -0.00952684 0.00034666 -0.00023075
v -0.00918892 0.00098004 -0.00046741
v -0.00952233 -0.00011334 -0.00111274
v -0.00913382 0.00063213 -0.00139171
v -0.00943229 -0.00063734 -0.00208431
v -0.00899116 0.00021563 -0.00239440
v -0.00924471 -0.00117032 -0.00304569
v -0.00876538 -0.00021879 -0.00337022
v -0.00894912 -0.00167391 -0.00396103
v -0.00846072 -0.00065022 -0.00427570
v -0.00855265 -0.00212008 -0.00483332
v -0.00927498 -0.00270645 -0.00348452
v -0.00885582 -0.00320943 -0.00441609
v -0.00832510 -0.00357563 -0.00535376
v -0.00902671 -0.00431259 -0.00374757
v -0.00844458 -0.00468824 -0.00485383
v -0.00898505 -0.00551617 -0.00255813
v -0.00835300 -0.00580452 -0.00423067
v -0.00797264 -0.00686211 -0.00375588
v -0.00838373 -0.00684578 -0.00232877
v -0.00946464 -0.00366592 -0.00274339
v -0.00953021 -0.00440491 -0.00159830
v -0.00776106 -0.00489737 -0.00587927
v -0.00767088 -0.00383431 -0.00627117
v -0.00697754 -0.00505723 -0.00680686
v -0.00688459 -0.00403574 -0.00714972
v -0.00607354 -0.00521319 -0.00764787
v -0.00595828 -0.00420774 -0.00796265
v -0.00504254 -0.00536842 -0.00838728
v -0.00490424 -0.00435298 -0.00867463
v -0.00472000 -0.00330579 -0.00879632
v -0.00374985 -0.00446255 -0.00925588
v -0.00359073 -0.00336843 -0.00933673
v -0.00241264 -0.00339010 -0.00973999
v -0.00252941 -0.00453598 -0.00969240
v -0.00389479 -0.00550671 -0.00900108
v -0.00265495 -0.00561734 -0.00947157
v -0.00396194 -0.00648229 -0.00860291
v -0.00272716 -0.00661407 -0.00909577
v -0.00390472 -0.00737027 -0.00809116
v -0.00269889 -0.00751242 -0.00857601
v -0.00372460 -0.00815598 -0.00747809
v -0.00256903 -0.00830435 -0.00791007
v -0.00237748 -0.00896636 -0.00708170
v -0.00219669 -0.00944405 -0.00610340
v -0.00347377 -0.00881546 -0.00675039
v -0.00325203 -0.00930787 -0.00589620
v -0.00316472 -0.00959661 -0.00493526
v -0.00210404 -0.00968647 -0.00504088
v -0.00323837 -0.00971489 -0.00393124
v -0.00213044 -0.00975753 -0.00397816
v -0.00105341 -0.00976662 -0.00403676
v -0.00222712 -0.00976967 -0.00296323
v -0.00109719 -0.00977143 -0.00300816
v -0.00114409 -0.00977163 -0.00204108
v -0.00117150 -0.00977163 -0.00112464
v -0.00117056 -0.00977163 -0.00024178
v -0.00114006 -0.00977163 0.00062230
v -0.00108352 -0.00977163 0.00148118
v -0.00101045 -0.00977144 0.00234836
v -0.00093849 -0.00976784 0.00323431
v -0.00000009 -0.00976932 0.00323389
v 0.00089202 -0.00973962 0.00414585
v -0.00000009 -0.00974715 0.00415081
v -0.00000007 -0.00962738 0.00510665
v 0.00089522 -0.00960975 0.00508691
v 0.00176974 -0.00956622 0.00501804
v 0.00187922 -0.00922782 0.00586439
v 0.00095623 -0.00927076 0.00601545
v -0.00000000 -0.00928957 0.00606370
v -0.00089203 -0.00973962 0.00414588
v -0.00089528 -0.00960974 0.00508694
v -0.00178335 -0.00971648 0.00413502
v -0.00176971 -0.00956621 0.00501808
v -0.00257958 -0.00950059 0.00491399
v -0.00265508 -0.00966054 0.00416107
v -0.00317048 -0.00942316 0.00482671
v -0.00345191 -0.00950631 0.00431444
v -0.00413405 -0.00914382 0.00467753
v -0.00348945 -0.00913612 0.00523267
v -0.00273690 -0.00917474 0.00560865
v -0.00287061 -0.00972184 0.00334676
v -0.00189441 -0.00976037 0.00325284
v -0.00204868 -0.00976896 0.00238606
v -0.00187925 -0.00922780 0.00586441
v -0.00095636 -0.00927069 0.00601556
v -0.00000000 -0.00928957 0.00606370
v -0.00219918 -0.00977057 0.00153094
v -0.00312533 -0.00974285 0.00251185
v -0.00335747 -0.00975307 0.00166583
v -0.00231402 -0.00977120 0.00067434
v -0.00352969 -0.00975991 0.00079629
v -0.00237624 -0.00977151 -0.00019508
v -0.00362239 -0.00976421 -0.00010352
v -0.00237896 -0.00977155 -0.00108489
v -0.00362667 -0.00976537 -0.00102959
v -0.00232401 -0.00977134 -0.00200329
v -0.00354464 -0.00976265 -0.00197531
v -0.00339676 -0.00975159 -0.00294054
v -0.00476860 -0.00966969 -0.00198367
v -0.00457520 -0.00963062 -0.00297952
v -0.00435006 -0.00954897 -0.00394577
v -0.00538323 -0.00915125 -0.00403599
v -0.00568023 -0.00924426 -0.00307209
v -0.00418997 -0.00938996 -0.00485418
v -0.00508366 -0.00902273 -0.00487335
v -0.00486627 -0.00890591 -0.00544745
v -0.00420892 -0.00910632 -0.00564804
v -0.00445089 -0.00863918 -0.00631954
v -0.00522842 -0.00849885 -0.00578686
v -0.00579405 -0.00847852 -0.00508676
v -0.00508366 -0.00902273 -0.00487335
v -0.00475282 -0.00799088 -0.00692083
v -0.00498067 -0.00721064 -0.00747283
v -0.00591944 -0.00706437 -0.00673799
v -0.00562668 -0.00785062 -0.00624609
v -0.00672754 -0.00695999 -0.00589119
v -0.00634635 -0.00777753 -0.00544690
v -0.00741177 -0.00690031 -0.00491675
v -0.00693387 -0.00776939 -0.00451519
v -0.00625312 -0.00853241 -0.00421931
v -0.00738629 -0.00778688 -0.00342837
v -0.00662239 -0.00859234 -0.00321051
v -0.00568023 -0.00924426 -0.00307209
v -0.00538323 -0.00915125 -0.00403599
v -0.00507938 -0.00632969 -0.00797181
v -0.00606908 -0.00617732 -0.00722201
v -0.00693363 -0.00604578 -0.00636587
v -0.00768561 -0.00593498 -0.00539453
v -0.00770167 -0.00781715 -0.00216857
v -0.00853411 -0.00688284 -0.00071380
v -0.00909473 -0.00581317 -0.00054747
v -0.00846631 -0.00684799 0.00085026
v -0.00897554 -0.00582324 0.00110394
v -0.00949535 -0.00472984 -0.00009594
v -0.00932834 -0.00475567 0.00143666
v -0.00953649 -0.00367713 0.00180002
v -0.00973102 -0.00368644 0.00043319
v -0.00979421 -0.00345841 -0.00082817
v -0.00974361 -0.00290769 -0.00183341
v -0.00972954 -0.00145273 -0.00160405
v -0.00956982 -0.00210033 -0.00255185
v -0.00963130 -0.00262275 0.00210021
v -0.00931126 -0.00153348 0.00348252
v -0.00928646 -0.00071412 0.00349830
v -0.00879413 -0.00153407 0.00469427
v -0.00878710 -0.00071145 0.00468548
v -0.00921874 -0.00013095 0.00347800
v -0.00874553 -0.00013232 0.00462542
v -0.00911118 0.00024670 0.00344276
v -0.00874553 -0.00013232 0.00462542
v -0.00865929 0.00024367 0.00454745
v -0.00847154 0.00044013 0.00442497
v -0.00802927 0.00021289 0.00566444
v -0.00787400 0.00043018 0.00551667
v -0.00766457 0.00047762 0.00533389
v -0.00712821 0.00041224 0.00656411
v -0.00694707 0.00047586 0.00635960
v -0.00675960 0.00048179 0.00614817
v -0.00609049 0.00047353 0.00730818
v -0.00593017 0.00048234 0.00708292
v -0.00509227 0.00047298 0.00814660
v -0.00521720 0.00036802 0.00837221
v -0.00624279 0.00038889 0.00752542
v -0.00526320 0.00006684 0.00849332
v -0.00631997 0.00011160 0.00766833
v -0.00524630 -0.00038583 0.00855254
v -0.00632210 -0.00033062 0.00775322
v -0.00495856 0.00048319 0.00790953
v -0.00576747 0.00048234 0.00685744
v -0.00482371 0.00048328 0.00767299
v -0.00560509 0.00048467 0.00664004
v -0.00469015 0.00048793 0.00744495
v -0.00545596 0.00052229 0.00644623
v -0.00457382 0.00054170 0.00724908
v -0.00452826 0.00070864 0.00714765
v 0.00095623 -0.00927076 0.00601545
v 0.00105463 -0.00872107 0.00684314
v 0.00206765 -0.00868851 0.00662472
v 0.00187922 -0.00922782 0.00586439
v -0.00000008 -0.00873498 0.00691622
v -0.00000000 -0.00928957 0.00606370
v 0.00114991 -0.00802808 0.00754547
v -0.00000013 -0.00804303 0.00763175
v 0.00120500 -0.00723062 0.00816039
v -0.00000012 -0.00725120 0.00825164
v 0.00121492 -0.00632284 0.00871098
v 0.00000007 -0.00634478 0.00880317
v 0.00120872 -0.00529292 0.00917439
v 0.00000008 -0.00530832 0.00926652
v 0.00122296 -0.00417095 0.00951609
v -0.00000009 -0.00417550 0.00961180
v 0.00126903 -0.00302818 0.00973436
v -0.00000012 -0.00302136 0.00983474
v 0.00132734 -0.00194875 0.00987100
v -0.00000009 -0.00193536 0.00997375
v 0.00137325 -0.00103838 0.00994906
v -0.00000013 -0.00102484 0.01005296
v 0.00139552 -0.00038803 0.00997239
v -0.00000015 -0.00037757 0.01007625
v 0.00236922 -0.00717905 0.00789129
v 0.00225243 -0.00799075 0.00728960
v 0.00346631 -0.00710913 0.00746500
v 0.00328374 -0.00793946 0.00687993
v 0.00301673 -0.00864606 0.00626643
v 0.00389912 -0.00860049 0.00578035
v 0.00425206 -0.00787342 0.00634988
v 0.00471731 -0.00855493 0.00517444
v 0.00517016 -0.00778498 0.00571961
v 0.00601267 -0.00767989 0.00498079
v 0.00545371 -0.00850796 0.00445794
v 0.00471825 -0.00916170 0.00397338
v 0.00606836 -0.00848140 0.00363657
v 0.00522556 -0.00918791 0.00317531
v 0.00413405 -0.00914382 0.00467752
v 0.00348946 -0.00913612 0.00523267
v 0.00273691 -0.00917474 0.00560865
v 0.00561966 -0.00922212 0.00228749
v 0.00653259 -0.00850308 0.00269720
v 0.00684523 -0.00857085 0.00162334
v 0.00589038 -0.00926872 0.00129977
v 0.00761752 -0.00769994 0.00195004
v 0.00725934 -0.00761211 0.00311135
v 0.00672327 -0.00760438 0.00411674
v 0.00782495 -0.00664907 0.00349419
v 0.00721435 -0.00665967 0.00457226
v 0.00641442 -0.00676591 0.00549486
v 0.00756788 -0.00568804 0.00496310
v 0.00670207 -0.00581432 0.00594734
v 0.00570885 -0.00596213 0.00677124
v 0.00548852 -0.00690298 0.00626789
v 0.00465199 -0.00608852 0.00745368
v 0.00449996 -0.00702001 0.00691784
v 0.00355386 -0.00618867 0.00801543
v 0.00240626 -0.00626693 0.00844264
v 0.00359133 -0.00519291 0.00847911
v 0.00240865 -0.00525291 0.00890791
v 0.00365078 -0.00413985 0.00880552
v 0.00244083 -0.00416040 0.00924191
v 0.00376253 -0.00306217 0.00900430
v 0.00252635 -0.00304675 0.00944905
v 0.00389029 -0.00201154 0.00912785
v 0.00263115 -0.00198217 0.00957943
v 0.00399342 -0.00108985 0.00919292
v 0.00271475 -0.00106871 0.00965459
v 0.00405452 -0.00041048 0.00919809
v 0.00276006 -0.00040635 0.00967493
v 0.00484232 -0.00408887 0.00821535
v 0.00474776 -0.00510749 0.00789994
v 0.00599069 -0.00398634 0.00747659
v 0.00586664 -0.00498872 0.00718117
v 0.00610226 -0.00295356 0.00767328
v 0.00496270 -0.00304074 0.00841301
v 0.00620280 -0.00192447 0.00778748
v 0.00508691 -0.00200055 0.00853215
v 0.00628071 -0.00100837 0.00780746
v 0.00518647 -0.00107412 0.00857664
v 0.00632210 -0.00033062 0.00775322
v 0.00524630 -0.00038583 0.00855254
v 0.00690696 -0.00483858 0.00630998
v 0.00704612 -0.00383504 0.00658336
v 0.00780872 -0.00469559 0.00528576
v 0.00795760 -0.00367667 0.00554846
v 0.00868162 -0.00357945 0.00439593
v 0.00851806 -0.00462816 0.00413044
v 0.00919777 -0.00359395 0.00313984
v 0.00876338 -0.00252598 0.00459713
v 0.00928551 -0.00252453 0.00336685
v 0.00931123 -0.00153347 0.00348260
v 0.00879412 -0.00153407 0.00469429
v 0.00928641 -0.00071412 0.00349845
v 0.00878709 -0.00071146 0.00468552
v 0.00921873 -0.00013095 0.00347805
v 0.00874551 -0.00013233 0.00462547
v 0.00911117 0.00024670 0.00344280
v 0.00874551 -0.00013233 0.00462547
v 0.00865921 0.00024367 0.00454762
v 0.00847151 0.00044013 0.00442505
v 0.00802922 0.00021289 0.00566452
v 0.00787390 0.00043018 0.00551683
v 0.00766456 0.00047762 0.00533394
v 0.00712820 0.00041223 0.00656415
v 0.00694707 0.00047586 0.00635961
v 0.00675961 0.00048179 0.00614817
v 0.00609050 0.00047353 0.00730819
v 0.00593017 0.00048234 0.00708292
v 0.00509233 0.00047298 0.00814659
v 0.00521721 0.00036802 0.00837221
v 0.00624280 0.00038887 0.00752545
v 0.00526320 0.00006685 0.00849332
v 0.00631997 0.00011160 0.00766833
v 0.00524630 -0.00038583 0.00855254
v 0.00632210 -0.00033062 0.00775322
v 0.00495857 0.00048319 0.00790953
v 0.00576747 0.00048234 0.00685744
v 0.00482371 0.00048328 0.00767300
v 0.00560509 0.00048467 0.00664004
v 0.00469015 0.00048793 0.00744495
v 0.00545596 0.00052229 0.00644622
v 0.00457382 0.00054170 0.00724909
v 0.00452823 0.00070864 0.00714768
v 0.00767088 -0.00383430 -0.00627118
v 0.00776106 -0.00489736 -0.00587927
v 0.00697751 -0.00505724 -0.00680690
v 0.00688459 -0.00403574 -0.00714973
v 0.00607338 -0.00521322 -0.00764801
v 0.00595826 -0.00420775 -0.00796268
v 0.00504249 -0.00536843 -0.00838731
v 0.00490423 -0.00435299 -0.00867463
v 0.00472002 -0.00330578 -0.00879631
v 0.00606892 -0.00617735 -0.00722215
v 0.00507934 -0.00632969 -0.00797184
v 0.00693359 -0.00604578 -0.00636591
v 0.00768561 -0.00593498 -0.00539453
v 0.00770168 -0.00781716 -0.00216855
v 0.00853411 -0.00688284 -0.00071357
v 0.00909475 -0.00581314 -0.00054740
v 0.00846632 -0.00684795 0.00085032
v 0.00897560 -0.00582310 0.00110400
v 0.00949536 -0.00472983 -0.00009594
v 0.00932836 -0.00475563 0.00143668
v 0.00953650 -0.00367714 0.00180004
v 0.00973102 -0.00368644 0.00043320
v 0.00979422 -0.00345838 -0.00082814
v 0.00974361 -0.00290769 -0.00183341
v 0.00972954 -0.00145273 -0.00160405
v 0.00956982 -0.00210033 -0.00255185
v 0.00963130 -0.00262275 0.00210025
v 0.00901315 -0.00467076 0.00285063
v 0.00824047 -0.00565153 0.00382997
v 0.00869845 -0.00572342 0.00255175
v 0.00823346 -0.00673924 0.00225764
v 0.00781163 -0.00779534 0.00063697
v 0.00784559 -0.00783468 -0.00077330
v 0.00702291 -0.00866090 -0.00083692
v 0.00688683 -0.00863820 -0.00207364
v 0.00603809 -0.00932323 -0.00090663
v 0.00591240 -0.00929992 -0.00202063
v 0.00700942 -0.00863795 0.00042543
v 0.00603210 -0.00931078 0.00022081
v 0.00714155 -0.00280614 0.00677875
v 0.00804178 -0.00264147 0.00574473
v 0.00808707 -0.00164208 0.00584465
v 0.00721214 -0.00179197 0.00688646
v 0.00810332 -0.00079033 0.00583370
v 0.00725896 -0.00090365 0.00688647
v 0.00808819 -0.00018183 0.00576006
v 0.00727263 -0.00025613 0.00681470
v 0.00727263 -0.00025613 0.00681470
v 0.00724377 0.00016449 0.00671751
v 0.00808819 -0.00018183 0.00576006
v -0.00836478 0.00107708 0.00116172
v -0.00840070 0.00086330 0.00118550
v -0.00868377 0.00087916 0.00118144
v -0.00853531 0.00116209 0.00115497
v -0.00826693 0.00138232 0.00115771
v -0.00813416 0.00115984 0.00117946
v -0.00808575 0.00088000 0.00121610
v -0.00843380 0.00060244 0.00134204
v -0.00810265 0.00060403 0.00136863
v -0.00813060 0.00049961 0.00169842
v -0.00791271 0.00050830 0.00172805
v -0.00781222 0.00062626 0.00154638
v -0.00766617 0.00066530 0.00197978
v -0.00781862 0.00050777 0.00209392
v -0.00764554 0.00094005 0.00188868
v -0.00765342 0.00125569 0.00180757
v -0.00749053 0.00124235 0.00248748
v -0.00750740 0.00160461 0.00240017
v -0.00722024 0.00158425 0.00327041
v -0.00725501 0.00203114 0.00315392
v -0.00681799 0.00203882 0.00413846
v -0.00685329 0.00258638 0.00401032
v -0.00626921 0.00263381 0.00503593
v -0.00618729 0.00321522 0.00485314
v -0.00545849 0.00327549 0.00582800
v -0.00516050 0.00377910 0.00543817
v -0.00430551 0.00382167 0.00622346
v -0.00392351 0.00425642 0.00553978
v -0.00303267 0.00431379 0.00605639
v -0.00272936 0.00468370 0.00510440
v -0.00185076 0.00475435 0.00538092
v -0.00093229 0.00479904 0.00553867
v -0.00168807 0.00501282 0.00425696
v -0.00470904 0.00421151 0.00486862
v -0.00352724 0.00460645 0.00471944
v -0.00419669 0.00454477 0.00421945
v -0.00382067 0.00474653 0.00373761
v -0.00327273 0.00483959 0.00387958
v -0.00472815 0.00451014 0.00353060
v -0.00403028 0.00477613 0.00314949
v -0.00327559 0.00495355 0.00302462
v -0.00537666 0.00416326 0.00404731
v -0.00588237 0.00372626 0.00451874
v -0.00593029 0.00408547 0.00308379
v -0.00647474 0.00364829 0.00349719
v -0.00678349 0.00314889 0.00381675
v -0.00696202 0.00351164 0.00241403
v -0.00724125 0.00304123 0.00277235
v -0.00728761 0.00252972 0.00299779
v -0.00756643 0.00283815 0.00183930
v -0.00756026 0.00242703 0.00209183
v -0.00790768 0.00255719 0.00117832
v -0.00740591 0.00323886 0.00140110
v -0.00688013 0.00362738 0.00057214
v -0.00787500 0.00279760 0.00071693
v -0.00766606 0.00289260 -0.00007659
v -0.00640384 0.00395357 0.00197113
v -0.00744273 0.00281278 -0.00117844
v -0.00669565 0.00350393 -0.00092357
v -0.00837296 0.00223666 0.00085326
v -0.00824095 0.00204366 0.00110648
v -0.00867218 0.00173239 0.00101922
v -0.00846439 0.00157175 0.00113400
v -0.00876803 0.00125626 0.00113170
v -0.00631826 0.00032009 -0.00622963
v -0.00662247 -0.00091944 -0.00675562
v -0.00601103 -0.00019845 -0.00687409
v -0.00577706 -0.00058958 -0.00730961
v -0.00606864 -0.00119087 -0.00737949
v -0.00515610 -0.00040330 -0.00763788
v -0.00095636 -0.00927069 0.00601556
v -0.00187925 -0.00922780 0.00586441
v -0.00206765 -0.00868850 0.00662473
v -0.00105470 -0.00872104 0.00684316
v -0.00000008 -0.00873498 0.00691622
v -0.00000000 -0.00928957 0.00606370
v -0.00115001 -0.00802810 0.00754543
v -0.00000013 -0.00804303 0.00763175
v -0.00120520 -0.00723073 0.00816028
v -0.00000012 -0.00725120 0.00825164
v -0.00121492 -0.00632287 0.00871096
v 0.00000007 -0.00634478 0.00880317
v -0.00120868 -0.00529292 0.00917440
v 0.00000008 -0.00530832 0.00926652
v -0.00122301 -0.00417094 0.00951608
v -0.00000009 -0.00417550 0.00961180
v -0.00126905 -0.00302821 0.00973435
v -0.00000012 -0.00302136 0.00983474
v -0.00132722 -0.00194889 0.00987100
v -0.00000009 -0.00193536 0.00997375
v -0.00137327 -0.00103841 0.00994905
v -0.00000013 -0.00102484 0.01005296
v -0.00139559 -0.00038801 0.00997238
v -0.00000015 -0.00037757 0.01007625
v -0.00236926 -0.00717908 0.00789126
v -0.00225244 -0.00799075 0.00728959
v -0.00346630 -0.00710914 0.00746500
v -0.00328374 -0.00793946 0.00687993
v -0.00301673 -0.00864606 0.00626643
v -0.00389911 -0.00860049 0.00578035
v -0.00425205 -0.00787343 0.00634989
v -0.00471730 -0.00855493 0.00517444
v -0.00517015 -0.00778498 0.00571961
v -0.00601267 -0.00767989 0.00498079
v -0.00545371 -0.00850795 0.00445794
v -0.00471828 -0.00916169 0.00397340
v -0.00606836 -0.00848140 0.00363658
v -0.00522557 -0.00918791 0.00317532
v -0.00413405 -0.00914382 0.00467753
v -0.00348945 -0.00913612 0.00523267
v -0.00273690 -0.00917474 0.00560865
v -0.00561966 -0.00922212 0.00228749
v -0.00653259 -0.00850308 0.00269720
v -0.00684522 -0.00857085 0.00162334
v -0.00589037 -0.00926872 0.00129977
v -0.00761752 -0.00769993 0.00195004
v -0.00725934 -0.00761211 0.00311135
v -0.00672326 -0.00760438 0.00411674
v -0.00782495 -0.00664907 0.00349419
v -0.00721434 -0.00665967 0.00457226
v -0.00641442 -0.00676590 0.00549486
v -0.00756787 -0.00568804 0.00496310
v -0.00670206 -0.00581432 0.00594734
v -0.00570885 -0.00596213 0.00677124
v -0.00548852 -0.00690297 0.00626790
v -0.00465198 -0.00608852 0.00745368
v -0.00449996 -0.00702000 0.00691785
v -0.00355385 -0.00618867 0.00801543
v -0.00240627 -0.00626694 0.00844263
v -0.00359133 -0.00519291 0.00847911
v -0.00240865 -0.00525291 0.00890791
v -0.00365078 -0.00413986 0.00880552
v -0.00244083 -0.00416039 0.00924191
v -0.00376253 -0.00306213 0.00900431
v -0.00252634 -0.00304675 0.00944905
v -0.00389031 -0.00201136 0.00912787
v -0.00263111 -0.00198216 0.00957945
v -0.00399343 -0.00108979 0.00919292
v -0.00271474 -0.00106870 0.00965459
v -0.00405452 -0.00041046 0.00919809
v -0.00276006 -0.00040633 0.00967493
v -0.00484233 -0.00408888 0.00821534
v -0.00474775 -0.00510749 0.00789994
v -0.00599072 -0.00398638 0.00747655
v -0.00586664 -0.00498872 0.00718117
v -0.00610239 -0.00295372 0.00767315
v -0.00496274 -0.00304074 0.00841299
v -0.00620282 -0.00192460 0.00778744
v -0.00508694 -0.00200041 0.00853216
v -0.00628071 -0.00100840 0.00780746
v -0.00518646 -0.00107408 0.00857664
v -0.00632210 -0.00033062 0.00775322
v -0.00524630 -0.00038583 0.00855254
v -0.00690696 -0.00483858 0.00630998
v -0.00704612 -0.00383505 0.00658335
v -0.00780872 -0.00469559 0.00528576
v -0.00795759 -0.00367667 0.00554846
v -0.00868162 -0.00357946 0.00439592
v -0.00851806 -0.00462816 0.00413044
v -0.00919778 -0.00359395 0.00313979
v -0.00876340 -0.00252599 0.00459709
v -0.00928557 -0.00252454 0.00336668
v -0.00901315 -0.00467078 0.00285063
v -0.00824047 -0.00565153 0.00382997
v -0.00869843 -0.00572346 0.00255174
v -0.00823345 -0.00673924 0.00225764
v -0.00781163 -0.00779534 0.00063697
v -0.00784559 -0.00783468 -0.00077335
v -0.00702291 -0.00866090 -0.00083692
v -0.00688683 -0.00863820 -0.00207364
v -0.00603808 -0.00932323 -0.00090663
v -0.00591239 -0.00929992 -0.00202063
v -0.00700942 -0.00863796 0.00042543
v -0.00603209 -0.00931078 0.00022081
v -0.00452709 -0.00962940 0.00192385
v -0.00421183 -0.00959854 0.00277827
v -0.00383477 -0.00956118 0.00358333
v -0.00522557 -0.00918791 0.00317532
v -0.00471828 -0.00916169 0.00397340
v -0.00475156 -0.00965604 0.00101015
v -0.00561966 -0.00922212 0.00228749
v -0.00589037 -0.00926872 0.00129977
v -0.00487029 -0.00967640 0.00003849
v -0.00603209 -0.00931078 0.00022081
v -0.00487480 -0.00968255 -0.00096979
v -0.00603808 -0.00932323 -0.00090663
v -0.00591239 -0.00929992 -0.00202063
v -0.00804177 -0.00264146 0.00574473
v -0.00714157 -0.00280618 0.00677872
v -0.00808707 -0.00164207 0.00584465
v -0.00721214 -0.00179201 0.00688645
v -0.00810332 -0.00079032 0.00583370
v -0.00725895 -0.00090365 0.00688646
v -0.00808819 -0.00018183 0.00576005
v -0.00727262 -0.00025613 0.00681470
v -0.00727262 -0.00025613 0.00681470
v -0.00808819 -0.00018183 0.00576005
v -0.00724378 0.00016449 0.00671750
v -0.00779318 0.00226253 0.00140467
v -0.00753077 0.00200909 0.00227161
v -0.00770961 0.00194044 0.00157619
v -0.00805630 0.00180127 0.00119534
v -0.00767011 0.00159554 0.00171099
v -0.00790709 0.00152887 0.00126717
v -0.00782304 0.00122914 0.00134589
v -0.00778811 0.00091494 0.00142404
v -0.00518438 0.00445895 0.00266054
v -0.00433495 0.00476915 0.00232254
v -0.00462862 0.00470983 0.00136789
v -0.00557227 0.00437125 0.00162956
v -0.00344555 0.00498734 0.00212335
v -0.00366100 0.00494959 0.00117491
v -0.00255186 0.00512945 0.00203636
v -0.00270858 0.00510917 0.00104672
v -0.00481878 0.00460924 0.00030696
v -0.00381672 0.00485811 0.00017403
v -0.00283421 0.00502448 0.00005810
v -0.00178582 0.00521217 0.00095706
v -0.00187839 0.00513871 -0.00004265
v -0.00167765 0.00521940 0.00200198
v -0.00162812 0.00515785 0.00311117
v -0.00246150 0.00507462 0.00304835
v -0.00251550 0.00493541 0.00408019
v -0.00582581 0.00424317 0.00043955
vn -0.93788350 0.34593654 -0.02650432
vn -0.90967870 0.40446445 -0.09430361
vn -0.79213637 0.59862357 0.11903739
vn -0.81982112 0.54095405 0.18778209
vn -0.59470040 0.74006021 0.31407398
vn -0.62150991 0.68301815 0.38368165
vn -0.33669323 0.81493551 0.47171795
vn -0.36236084 0.75822437 0.54202443
vn -0.04337208 0.81591791 0.57653874
vn -0.06774240 0.75920916 0.64731175
vn -0.69751656 0.61200649 -0.37271813
vn -0.59411949 0.78280121 -0.18505251
vn -0.28419423 0.72601724 -0.62620497
vn -0.29822275 0.60373020 -0.73930579
vn 0.15276630 0.64904207 -0.74525625
vn 0.15555832 0.67334843 -0.72277486
vn 0.25660706 0.64023066 -0.72405636
vn 0.16809128 0.69405723 -0.70002139
vn 0.18915066 0.70914191 -0.67921996
vn 0.21667600 0.71713406 -0.66239744
vn 0.24796508 0.71723890 -0.65121555
vn 0.27994958 0.70945668 -0.64676082
vn 0.30951762 0.69453156 -0.64948046
vn 0.33376738 0.67393661 -0.65909696
vn 0.35031098 0.64970124 -0.67466325
vn 0.35754552 0.62418139 -0.69466460
vn 0.35475963 0.59987497 -0.71714413
vn 0.34221989 0.57916486 -0.73990113
vn 0.32115322 0.56407702 -0.76070875
vn 0.29363525 0.55608994 -0.77752328
vn 0.26235351 0.55598253 -0.78870410
vn 0.23035532 0.56376678 -0.79316050
vn 0.20078336 0.57868588 -0.79044843
vn -0.11515999 0.90611845 -0.40704730
vn 0.02330549 0.94630182 -0.32244346
vn -0.19348158 0.97308427 0.12518735
vn -0.42044249 0.90721905 -0.01348467
vn -0.22111854 0.83021337 -0.51171517
vn 0.06454314 0.97394842 0.21739057
vn 0.18072100 0.94682777 -0.26619017
vn 0.34167400 0.90764886 -0.24378768
vn 0.32837018 0.90972728 0.25410500
vn 0.25654912 0.74291188 0.61827546
vn -0.04337208 0.81591791 0.57653874
vn -0.06774240 0.75920916 0.64731175
vn 0.23350924 0.68587863 0.68923432
vn 0.53371710 0.60306025 0.59284431
vn 0.51190567 0.54540896 0.66368800
vn 0.76099449 0.41005644 0.50273371
vn 0.74018902 0.35155225 0.57317644
vn 0.91613746 0.18279150 0.35676244
vn 0.89601833 0.12328014 0.42655966
vn 0.98395765 -0.05648606 0.16922396
vn 0.96413869 -0.11705834 0.23818903
vn 0.95781815 -0.28435817 -0.04153156
vn 0.93788409 -0.34593496 0.02650343
vn 0.57217979 0.78670776 0.23173536
vn 0.49041712 0.83259708 -0.25743577
vn 0.61238813 0.72901785 -0.30580014
vn 0.77210772 0.61693019 0.15246949
vn 0.69564563 0.60705268 -0.38414103
vn 0.90858209 0.41701275 0.02406248
vn 0.73204195 0.47864512 -0.48478192
vn 0.96824116 0.20652911 -0.14090741
vn 0.71801281 0.35636061 -0.59788352
vn 0.94524759 0.00607885 -0.32629749
vn 0.65493584 0.25215879 -0.71237278
vn 0.84185153 -0.16471785 -0.51395917
vn 0.84027666 -0.47851634 -0.25486732
vn 0.95781815 -0.28435817 -0.04153156
vn 0.93788409 -0.34593496 0.02650343
vn 0.81982166 -0.54095376 -0.18778035
vn 0.64283967 -0.61995316 -0.44990599
vn 0.62150908 -0.68301821 -0.38368294
vn 0.38482881 -0.69482869 -0.60755241
vn 0.36235711 -0.75822437 -0.54202688
vn 0.09150991 -0.69580990 -0.71237248
vn 0.06773955 -0.75920939 -0.64731175
vn 0.54897672 0.17625447 -0.81704283
vn 0.66817158 -0.28913543 -0.68552715
vn 0.41051358 0.13607138 -0.90164477
vn 0.44121221 -0.35499918 -0.82420111
vn 0.25310156 0.13554285 -0.95789760
vn 0.18318869 -0.35586563 -0.91640693
vn 0.09214462 0.17472287 -0.98029655
vn -0.08063895 -0.29164129 -0.95312262
vn -0.20841029 -0.62280506 -0.75410807
vn 0.09150991 -0.69580990 -0.71237248
vn 0.06773955 -0.75920939 -0.64731175
vn -0.23350826 -0.68587929 -0.68923408
vn -0.48557511 -0.48295522 -0.72867763
vn -0.51189989 -0.54541332 -0.66368890
vn -0.71285439 -0.28994966 -0.63856709
vn -0.74018556 -0.35155469 -0.57317942
vn -0.86799717 -0.06268324 -0.49259701
vn -0.89601707 -0.12327845 -0.42656285
vn -0.93581772 0.17659487 -0.30505672
vn -0.96413761 0.11705915 -0.23819293
vn -0.90967870 0.40446445 -0.09430361
vn -0.93788350 0.34593654 -0.02650432
vn -0.72051126 0.41155741 -0.55810767
vn -0.32444668 -0.16861801 -0.93075365
vn -0.05659610 0.24977714 -0.96664798
vn -0.17856787 0.35335213 -0.91828966
vn 0.17654680 0.59927255 -0.78083521
vn 0.16000214 0.62351650 -0.76526237
vn -0.52437943 0.00116089 -0.85148394
vn -0.26182681 0.47531682 -0.83995277
vn -0.66085422 0.20107287 -0.72307777
vn -0.85925239 0.48062038 -0.17518403
vn -0.82332873 0.52105653 -0.22501093
vn -0.71066982 0.70352376 0.00164844
vn -0.74628776 0.66358209 0.05209044
vn -0.52515709 0.82120824 0.22322005
vn -0.56027353 0.78158444 0.27426165
vn -0.88810629 0.25061330 -0.38530546
vn -0.85210496 0.29167289 -0.43456200
vn -0.83002818 -0.00392258 -0.55770779
vn -0.79418355 0.03782441 -0.60649961
vn -0.69070005 -0.25807843 -0.67552137
vn -0.65523207 -0.21564300 -0.72399521
vn -0.55709958 0.49361348 -0.66782171
vn -0.53182769 0.69504899 -0.48380405
vn -0.08804281 0.61395395 -0.78441638
vn -0.07262740 0.73684359 -0.67215097
vn 0.36029845 0.59131008 -0.72148281
vn 0.36336485 0.61573678 -0.69916683
vn 0.45719916 0.56790709 -0.68443447
vn 0.37536085 0.63516814 -0.67503023
vn 0.39510924 0.64769787 -0.65144169
vn 0.42069748 0.65210438 -0.63069296
vn 0.44959950 0.64795619 -0.61482769
vn 0.47897655 0.63566321 -0.60540390
vn 0.50598562 0.61641419 -0.60333425
vn 0.52796841 0.59209460 -0.60882950
vn 0.54276085 0.56510985 -0.62133849
vn 0.54892814 0.53808540 -0.63964218
vn 0.54586679 0.51365715 -0.66195613
vn 0.53386557 0.49422765 -0.68609518
vn 0.51410460 0.48169628 -0.70969373
vn 0.48853588 0.47728592 -0.73043197
vn 0.45963860 0.48143494 -0.74629271
vn 0.43024179 0.49373144 -0.75572568
vn 0.40323588 0.51297748 -0.75779611
vn 0.08711743 0.89764804 -0.43201685
vn 0.21581388 0.91981912 -0.32765418
vn -0.05903967 0.99497437 0.08087298
vn -0.26998419 0.95863199 -0.09018518
vn -0.01227035 0.83459866 -0.55072188
vn -0.43289459 0.85528517 -0.28476223
vn -0.28495103 0.86259317 0.41801429
vn -0.52515709 0.82120824 0.22322005
vn -0.56027353 0.78158444 0.27426165
vn -0.31941593 0.82308197 0.46958441
vn -0.01355806 0.82362705 0.56696981
vn -0.04728787 0.78401005 0.61894435
vn 0.26244724 0.70812356 0.65550172
vn 0.22946617 0.66819227 0.70771772
vn 0.51605332 0.52738971 0.67494386
vn 0.48375887 0.48696944 0.72721261
vn 0.72243261 0.29911458 0.62339526
vn 0.69069940 0.25807598 0.67552286
vn 0.86138362 0.04564684 0.50589991
vn 0.83002788 0.00391836 0.55770820
vn 0.17928477 0.96075511 0.21167572
vn 0.36120981 0.89894116 -0.24785531
vn 0.50907326 0.83706272 -0.20042558
vn 0.42166099 0.85932535 0.28941673
vn 0.64493936 0.74023706 -0.19000612
vn 0.64436233 0.70061392 0.30649221
vn 0.75550640 0.61793947 -0.21762562
vn 0.82559556 0.50015312 0.26122576
vn 0.82994747 0.48214367 -0.28057927
vn 0.94761723 0.27756679 0.15804498
vn 0.86097860 0.34615028 -0.37268746
vn 0.99848074 0.05464916 0.00705823
vn 0.91930497 -0.20819980 0.33396301
vn 0.86138362 0.04564684 0.50589991
vn 0.83002788 0.00391836 0.55770820
vn 0.88810527 -0.25061700 0.38530532
vn 0.89052820 -0.43758702 0.12440757
vn 0.85925215 -0.48062101 0.17518352
vn 0.77787012 -0.62005156 -0.10224568
vn 0.74629015 -0.66357964 -0.05208834
vn 0.59235716 -0.73773599 -0.32381898
vn 0.56027162 -0.78158599 -0.27426115
vn 0.35214347 -0.77912134 -0.51861835
vn 0.31940654 -0.82308382 -0.46958762
vn 0.84556323 0.22326168 -0.48495054
vn 0.97321057 -0.14678788 -0.17695940
vn 0.78520745 0.12550321 -0.60638130
vn 0.87427825 -0.30702487 -0.37599641
vn 0.68581700 0.06245368 -0.72508937
vn 0.71136779 -0.41036820 -0.57057333
vn 0.55712795 0.04028070 -0.82944918
vn 0.50042701 -0.44670531 -0.74163824
vn 0.41173702 0.06115745 -0.90924829
vn 0.26210606 -0.41249055 -0.87244028
vn 0.08075896 -0.74015415 -0.66757011
vn 0.35214347 -0.77912134 -0.51861835
vn 0.31940654 -0.82308382 -0.46958762
vn 0.04728773 -0.78401053 -0.61894381
vn -0.19524601 -0.62465358 -0.75609988
vn -0.22946644 -0.66819388 -0.70771611
vn -0.44885322 -0.44391939 -0.77554268
vn -0.48375988 -0.48697209 -0.72721016
vn -0.65523207 -0.21564300 -0.72399521
vn -0.69070005 -0.25807843 -0.67552137
vn 0.26386359 0.12303878 -0.95668048
vn 0.01972763 -0.31106362 -0.95018440
vn 0.12799944 0.21986759 -0.96709585
vn -0.20297283 -0.15234883 -0.96726000
vn 0.01743799 0.34216291 -0.93947881
vn 0.38126144 0.53728652 -0.75230509
vn 0.36646733 0.56427854 -0.73979157
vn -0.38420662 0.04811670 -0.92199242
vn -0.05700931 0.47795451 -0.87653267
vn -0.50623316 0.27069637 -0.81881100
vn -0.85591978 0.48512748 -0.17903274
vn -0.81410044 0.52339822 -0.25158480
vn -0.67755508 0.73255950 -0.06538959
vn -0.71879280 0.69517887 0.00795523
vn -0.47094750 0.87395781 0.12002609
vn -0.51130551 0.83717901 0.19416001
vn -0.21450274 0.93375540 0.28651258
vn -0.25377023 0.89723039 0.36135632
vn -0.90926063 0.22759348 -0.34849161
vn -0.86721492 0.26695684 -0.42032418
vn -0.87359893 -0.05222213 -0.48383647
vn -0.83170456 -0.01167299 -0.55509585
vn -0.59587806 0.41097030 -0.68995136
vn -0.54916114 0.63651532 -0.54154444
vn -0.13481586 0.49223572 -0.85995859
vn -0.10631397 0.62983412 -0.76941949
vn 0.31632927 0.46015653 -0.82957327
vn 0.32199225 0.48750314 -0.81157976
vn 0.41524038 0.43846557 -0.79707181
vn 0.33656201 0.50981516 -0.79171628
vn 0.35859132 0.52489197 -0.77194607
vn 0.38594380 0.53126621 -0.75419068
vn 0.41593534 0.52832174 -0.74018508
vn 0.44561681 0.51633751 -0.73131472
vn 0.47210634 0.49648264 -0.72843713
vn 0.49279785 0.47069857 -0.73184228
vn 0.50566638 0.44152749 -0.74118495
vn 0.50945508 0.41181806 -0.75555372
vn 0.50379533 0.38446885 -0.77354640
vn 0.48922578 0.36216035 -0.79340917
vn 0.46718785 0.34707612 -0.81318736
vn 0.43984863 0.34070128 -0.83093673
vn 0.40985730 0.34365103 -0.84493852
vn 0.38015470 0.35563925 -0.85381681
vn 0.35366771 0.37549174 -0.85669434
vn 0.07781396 0.81793302 -0.57002681
vn 0.21541381 0.85001779 -0.48069394
vn -0.02180826 0.99742782 -0.06828022
vn -0.24735580 0.94483578 -0.21471034
vn -0.03304061 0.74206352 -0.66951478
vn -0.42906919 0.82047415 -0.37778550
vn 0.22549464 0.97310209 0.04716572
vn 0.36629105 0.83517551 -0.41025934
vn 0.06667683 0.90609819 0.41778034
vn -0.21450274 0.93375540 0.28651258
vn -0.25377023 0.89723039 0.36135632
vn 0.02860635 0.86945403 0.49318495
vn 0.34507054 0.79369140 0.50097936
vn 0.30818480 0.75656766 0.57673872
vn 0.59342694 0.60753971 0.52795845
vn 0.55759686 0.56962568 0.60383141
vn 0.78742701 0.36587077 0.49608192
vn 0.75242364 0.32692772 0.57181895
vn 0.90808946 0.09233060 0.40847102
vn 0.87359947 0.05222207 0.48383561
vn 0.51566255 0.77486610 -0.36561561
vn 0.64892024 0.67498356 -0.35114065
vn 0.68877214 0.71051902 0.14406863
vn 0.47034195 0.87424117 0.12033653
vn 0.75301611 0.54530925 -0.36824521
vn 0.85939801 0.49796733 0.11603315
vn 0.81775880 0.39853573 -0.41525891
vn 0.96552169 0.25738803 0.03897894
vn 0.83681375 0.24903417 -0.48757029
vn 0.99675435 0.01232949 -0.07955329
vn 0.94360089 -0.18629678 0.27369872
vn 0.90808946 0.09233060 0.40847102
vn 0.87359947 0.05222207 0.48383561
vn 0.90926331 -0.22759153 0.34848586
vn 0.89048481 -0.44274241 0.10495688
vn 0.85592300 -0.48512405 0.17902665
vn 0.75393760 -0.65190482 -0.08122975
vn 0.71879363 -0.69517809 -0.00795370
vn 0.54733193 -0.79330152 -0.26664677
vn 0.51130593 -0.83717942 -0.19415693
vn 0.29088408 -0.85309893 -0.43313807
vn 0.25376686 -0.89723182 -0.36135510
vn 0.80831492 0.11143842 -0.57810766
vn 0.95003825 -0.21321635 -0.22796077
vn 0.73505074 -0.00079253 -0.67801172
vn 0.82994616 -0.39717460 -0.39171648
vn 0.62419158 -0.07666379 -0.77750087
vn 0.64823449 -0.52153271 -0.55479348
vn 0.48658863 -0.10874847 -0.86683637
vn 0.42268699 -0.57412142 -0.70122778
vn 0.33571425 -0.09391371 -0.93727058
vn 0.17538315 -0.54980004 -0.81667662
vn 0.00970384 -0.82544041 -0.56440592
vn 0.29088408 -0.85309893 -0.43313807
vn 0.25376686 -0.89723182 -0.36135510
vn -0.02860993 -0.86945617 -0.49318099
vn -0.26868615 -0.71303570 -0.64760166
vn -0.30818379 -0.75657040 -0.57673568
vn -0.51703727 -0.52688611 -0.67458397
vn -0.55759364 -0.56962818 -0.60383201
vn -0.71103895 -0.28521490 -0.64270997
vn -0.75242156 -0.32692993 -0.57182056
vn -0.83170456 -0.01167299 -0.55509585
vn -0.87359893 -0.05222213 -0.48383647
vn 0.18633547 -0.03360056 -0.98191148
vn -0.06946471 -0.45094135 -0.88984638
vn 0.05307891 0.06628487 -0.99638796
vn -0.28788900 -0.28722155 -0.91357744
vn -0.05101355 0.19595505 -0.97928512
vn 0.33298633 0.40126330 -0.85329241
vn 0.32012239 0.43044204 -0.84394395
vn -0.45851687 -0.07466581 -0.88554358
vn -0.11575848 0.34272984 -0.93227482
vn -0.56464559 0.16591328 -0.80848515
vn -0.86704379 -0.05552715 0.49512804
vn -0.90330946 -0.00435464 0.42896742
vn -0.78784740 0.25286961 0.56156349
vn -0.75109971 0.20277065 0.62827808
vn -0.89811325 -0.30838609 0.31351349
vn -0.93424982 -0.25616381 0.24810773
vn -0.84126878 -0.53105837 0.10121194
vn -0.87764180 -0.47791094 0.03668823
vn -0.70207429 -0.70174867 -0.12099814
vn -0.73902702 -0.64789063 -0.18459922
vn -0.49415764 -0.80374509 -0.33136401
vn -0.53197312 -0.74946421 -0.39409146
vn -0.99787235 -0.00007911 -0.06519887
vn -0.97066194 0.22137533 0.09385343
vn -0.84991688 0.30805221 -0.42748713
vn -0.83331579 0.44315553 -0.33045134
vn -0.53068531 0.52344394 -0.66661805
vn -0.52738678 0.55029881 -0.64732867
vn -0.43778268 0.55935806 -0.70389277
vn -0.51507223 0.57773292 -0.63318670
vn -0.49495602 0.60304624 -0.62558281
vn -0.46899328 0.62378561 -0.62524951
vn -0.43973082 0.63791102 -0.63222337
vn -0.41004738 0.64403194 -0.64582050
vn -0.38282794 0.64155328 -0.66471970
vn -0.36074585 0.63071638 -0.68706572
vn -0.34596667 0.61258924 -0.71066272
vn -0.33992445 0.58894706 -0.73320717
vn -0.34322524 0.56209624 -0.75249201
vn -0.35554361 0.53466249 -0.76663214
vn -0.37566835 0.50933635 -0.77424145
vn -0.40161961 0.48860469 -0.77457553
vn -0.43087876 0.47448272 -0.76759994
vn -0.46057394 0.46835631 -0.75399870
vn -0.48778981 0.47083527 -0.73510224
vn -0.67013860 0.70856071 -0.22103389
vn -0.53953171 0.81288850 -0.21935773
vn -0.48911265 0.82741702 0.27595285
vn -0.70319110 0.65641290 0.27321145
vn -0.77136844 0.58116108 -0.25931159
vn -0.86912102 0.44758758 0.21046162
vn -0.59917110 0.49032125 0.63291317
vn -0.78784740 0.25286961 0.56156349
vn -0.75109971 0.20277065 0.62827808
vn -0.56163609 0.44121459 0.69992471
vn -0.35574669 0.68476719 0.63603324
vn -0.31719622 0.63647032 0.70305908
vn -0.08139837 0.81717157 0.57061809
vn -0.04170129 0.76942593 0.63737333
vn 0.19701068 0.87456948 0.44307464
vn 0.23787038 0.82706362 0.50929701
vn 0.45223600 0.85134619 0.26588029
vn 0.49415877 0.80374467 0.33136335
vn -0.24784413 0.94385731 0.21841872
vn -0.39233512 0.88392597 -0.25445631
vn -0.24296369 0.91472131 -0.32288331
vn -0.00300147 0.99433470 0.10625267
vn -0.10603369 0.90225947 -0.41795307
vn 0.22145161 0.97391045 -0.04957518
vn 0.00505409 0.84776264 -0.53035182
vn 0.40354192 0.88458353 -0.23380746
vn 0.65928727 0.74977368 0.05638970
vn 0.45223600 0.85134619 0.26588029
vn 0.49415877 0.80374467 0.33136335
vn 0.70207554 0.70174801 0.12099479
vn 0.79790395 0.57979190 -0.16489612
vn 0.84126997 0.53105605 -0.10121443
vn 0.85451210 0.35804477 -0.37631521
vn 0.89811444 0.30838194 -0.31351420
vn 0.82357031 0.10623603 -0.55717677
vn 0.86704451 0.05552538 -0.49512705
vn 0.70811135 -0.15098472 -0.68976951
vn 0.75110203 -0.20276874 -0.62827587
vn 0.07942159 0.75656146 -0.64908171
vn 0.52544487 0.73509753 -0.42841500
vn 0.10979174 0.63759148 -0.76251096
vn 0.57522446 0.54008526 -0.61434913
vn 0.09319372 0.50249738 -0.85954142
vn 0.54801446 0.31863832 -0.77340144
vn 0.03125162 0.36448908 -0.93068314
vn 0.44648156 0.09242433 -0.89000672
vn -0.06998067 0.23708628 -0.96896482
vn 0.28054881 -0.11640412 -0.95275521
vn 0.51943231 -0.38843969 -0.76112074
vn 0.70811135 -0.15098472 -0.68976951
vn 0.75110203 -0.20276874 -0.62827587
vn 0.56163526 -0.44121498 -0.69992518
vn 0.27600312 -0.58288747 -0.76424116
vn 0.31718934 -0.63647360 -0.70305926
vn 0.00165925 -0.71528798 -0.69882786
vn 0.04169981 -0.76942688 -0.63737231
vn -0.27675000 -0.77268791 -0.57128185
vn -0.23787093 -0.82706451 -0.50929528
vn -0.53197312 -0.74946421 -0.39409146
vn -0.49415764 -0.80374509 -0.33136401
vn -0.20058289 0.13276130 -0.97063947
vn 0.06647045 -0.28740340 -0.95550042
vn -0.34777543 0.06172234 -0.93554401
vn -0.17479844 -0.40384355 -0.89797324
vn -0.49715254 0.03092381 -0.86711192
vn -0.41964385 -0.45432240 -0.78580546
vn -0.63408536 0.04338885 -0.77204478
vn -0.64409590 -0.43389711 -0.62997919
vn -0.74517298 0.09788323 -0.65964848
vn -0.50986803 0.48166671 -0.71276349
vn -0.52464551 0.49979848 -0.68916523
vn -0.82618743 -0.34456986 -0.44574204
vn -0.81954271 0.18908034 -0.54092366
vn -0.94808918 -0.19508973 -0.25113130
vn -0.88403314 -0.02293515 0.46686134
vn -0.92073715 0.01928681 0.38970646
vn -0.81968427 0.29618278 0.49029937
vn -0.78251886 0.25522441 0.56791270
vn -0.89900976 -0.29884663 0.32011268
vn -0.93564582 -0.25536954 0.24362536
vn -0.82598239 -0.54550898 0.14203198
vn -0.86295187 -0.50091058 0.06635317
vn -0.67210573 -0.73876828 -0.04995302
vn -0.70977277 -0.69329464 -0.12476093
vn -0.45243838 -0.85971314 -0.23705043
vn -0.49110082 -0.81369209 -0.31100672
vn -0.99380851 -0.04815727 -0.10012761
vn -0.98069316 0.19348094 0.02839343
vn -0.84190196 0.21432279 -0.49524429
vn -0.83390045 0.36174145 -0.41683713
vn -0.52079195 0.40820131 -0.74976498
vn -0.51920140 0.43750244 -0.73418093
vn -0.42773813 0.44244108 -0.78821701
vn -0.50841874 0.46704519 -0.72344953
vn -0.48950613 0.49392641 -0.71862400
vn -0.46430933 0.51553029 -0.72017038
vn -0.43528730 0.52973616 -0.72794545
vn -0.40530246 0.53514916 -0.74117839
vn -0.37727788 0.53123850 -0.75858235
vn -0.35394606 0.51839072 -0.77845573
vn -0.33760467 0.49786744 -0.79884362
vn -0.32984447 0.47167516 -0.81775624
vn -0.33143133 0.44237870 -0.83333927
vn -0.34221452 0.41283834 -0.84406978
vn -0.36113909 0.38594481 -0.84889644
vn -0.38633281 0.36434802 -0.84734738
vn -0.41533700 0.35014692 -0.83957869
vn -0.44533479 0.34472701 -0.82634145
vn -0.47336820 0.34863332 -0.80893600
vn -0.68450075 0.64562732 -0.33856177
vn -0.55772454 0.75430936 -0.34635362
vn -0.52800316 0.83695787 0.14392416
vn -0.73580295 0.65881610 0.15670167
vn -0.77966309 0.51036018 -0.36284718
vn -0.89179015 0.43708932 0.11689041
vn -0.64238214 0.54820770 0.53554988
vn -0.81968427 0.29618278 0.49029937
vn -0.78251886 0.25522441 0.56791270
vn -0.60440886 0.50839865 0.61336833
vn -0.40618962 0.75069159 0.52102989
vn -0.36713845 0.71180582 0.59878367
vn -0.13421890 0.88381881 0.44816253
vn -0.09392816 0.84553903 0.52558661
vn 0.14690551 0.93455273 0.32408330
vn 0.18848264 0.89650357 0.40094355
vn 0.40966636 0.89792705 0.16093640
vn 0.45244169 0.85971135 0.23705065
vn -0.28872859 0.95407814 0.07981658
vn -0.41174474 0.82576364 -0.38546178
vn -0.26086199 0.85299248 -0.45205629
vn -0.04140626 0.99871135 -0.02934695
vn -0.11983483 0.83333355 -0.53962481
vn 0.18976249 0.96649045 -0.17287709
vn -0.00246175 0.76871246 -0.63958979
vn 0.38214734 0.86056769 -0.33672941
vn 0.62833470 0.77753139 -0.02530875
vn 0.40966636 0.89792705 0.16093640
vn 0.45244169 0.85971135 0.23705065
vn 0.67210615 0.73876798 0.04995293
vn 0.78151423 0.58514744 -0.21642116
vn 0.82598394 0.54550648 -0.14203283
vn 0.85420769 0.33960864 -0.39369434
vn 0.89901030 0.29884443 -0.32011327
vn 0.83929926 0.06494589 -0.53977662
vn 0.88403469 0.02293170 -0.46685854
vn 0.73825061 -0.21194713 -0.64036280
vn 0.78252262 -0.25522503 -0.56790721
vn 0.07975336 0.66545343 -0.74216658
vn 0.51691008 0.69131374 -0.50486571
vn 0.11877026 0.53366524 -0.83731419
vn 0.58086038 0.47529489 -0.66082984
vn 0.11076789 0.38624936 -0.91571933
vn 0.56774378 0.23365422 -0.78934956
vn 0.05652802 0.23763253 -0.96970898
vn 0.47884369 -0.00995192 -0.87784380
vn -0.03863897 0.10235905 -0.99399680
vn 0.32285678 -0.23167700 -0.91765428
vn 0.56094676 -0.46397266 -0.68561512
vn 0.73825061 -0.21194713 -0.64036280
vn 0.78252262 -0.25522503 -0.56790721
vn 0.60440987 -0.50840139 -0.61336511
vn 0.32474807 -0.66645879 -0.67109716
vn 0.36713296 -0.71181041 -0.59878153
vn 0.05277728 -0.79958278 -0.59823239
vn 0.09391973 -0.84554017 -0.52558625
vn -0.22834364 -0.85031676 -0.47415257
vn -0.18848284 -0.89650398 -0.40094250
vn -0.49110082 -0.81369209 -0.31100672
vn -0.45243838 -0.85971314 -0.23705043
vn -0.16541353 -0.00632007 -0.98620409
vn 0.11505690 -0.40981725 -0.90488219
vn -0.31138298 -0.07777281 -0.94709665
vn -0.12421414 -0.52694178 -0.84077543
vn -0.46227315 -0.10500590 -0.88049835
vn -0.37154180 -0.57157654 -0.73161256
vn -0.60330290 -0.08534770 -0.79293221
vn -0.60270774 -0.53935337 -0.58808285
vn -0.72066832 -0.02072641 -0.69297016
vn -0.49669757 0.36148098 -0.78906471
vn -0.51303983 0.38200775 -0.76867431
vn -0.79509121 -0.43342847 -0.42422852
vn -0.80288434 0.08253644 -0.59039360
vn -0.92985564 -0.26417360 -0.25608742
vn -0.76056516 -0.12800631 0.63651794
vn -0.82243693 -0.06744395 0.56484407
vn -0.70507091 0.19571021 0.68159556
vn -0.64245033 0.13682157 0.75401425
vn -0.52521539 0.44555503 0.72500318
vn -0.46145293 0.38825503 0.79769623
vn -0.30047816 0.65763628 0.69081646
vn -0.23528746 0.60168260 0.76329416
vn -0.05285479 0.81119084 0.58238804
vn 0.01391672 0.75621027 0.65418077
vn 0.19341679 0.89118952 0.41033065
vn 0.26175562 0.83671582 0.48103094
vn -0.95289534 0.14491393 0.26644045
vn -0.84945685 0.37684590 0.36933756
vn -0.90861201 0.38168916 -0.16952169
vn -0.93193847 0.24688999 -0.26558638
vn -0.67621034 0.48905697 -0.55096549
vn -0.67157197 0.51585168 -0.53187227
vn -0.59416288 0.53245741 -0.60287607
vn -0.65902942 0.54397881 -0.51939130
vn -0.63981050 0.57067639 -0.51475346
vn -0.61578602 0.59334767 -0.51840746
vn -0.58932191 0.60975951 -0.52999347
vn -0.56300825 0.61830813 -0.54837650
vn -0.53940493 0.61815971 -0.57176995
vn -0.52083737 0.60932028 -0.59787726
vn -0.50912118 0.59266967 -0.62413001
vn -0.50539565 0.56983662 -0.64796722
vn -0.51002991 0.54304689 -0.66706038
vn -0.52257818 0.51491475 -0.67954022
vn -0.54180020 0.48821282 -0.68417901
vn -0.56581151 0.46555561 -0.68052578
vn -0.59227955 0.44913670 -0.66894031
vn -0.61860389 0.44058028 -0.65055239
vn -0.64220238 0.44073218 -0.62716126
vn -0.74880028 0.65752691 -0.08340656
vn -0.62795562 0.77156401 -0.10178782
vn -0.49286518 0.78396606 0.37746686
vn -0.69094014 0.59704769 0.40759763
vn -0.84550601 0.52318746 -0.10674544
vn -0.27462709 0.91930085 0.28189716
vn -0.49481007 0.85412753 -0.16009131
vn -0.36239442 0.89714193 -0.25259981
vn -0.05757772 0.98980778 0.13025141
vn -0.24366340 0.89639711 -0.37027064
vn 0.13703699 0.98858422 -0.06262732
vn 0.41423142 0.88980204 0.19148028
vn 0.19341679 0.89118952 0.41033065
vn 0.26175562 0.83671582 0.48103094
vn 0.48396862 0.83532262 0.26078835
vn 0.58796853 0.80716318 -0.05273270
vn 0.65880835 0.75216097 0.01501908
vn 0.69762611 0.65136164 -0.29840553
vn 0.76916182 0.59536922 -0.23221910
vn 0.73246700 0.43765146 -0.52149147
vn 0.80422127 0.38030186 -0.45672607
vn 0.68908226 0.18694670 -0.70015472
vn 0.76056087 0.12800828 -0.63652271
vn -0.15024501 0.85196078 -0.50158685
vn 0.29016268 0.91575038 -0.27786127
vn -0.09128939 0.76818490 -0.63368624
vn 0.38680935 0.77843511 -0.49438578
vn -0.07255629 0.65327865 -0.75363296
vn 0.41751653 0.59008074 -0.69100273
vn -0.09588517 0.51848084 -0.84969628
vn 0.37928057 0.36912486 -0.84846514
vn -0.15898558 0.37698084 -0.91247416
vn 0.27584422 0.13719253 -0.95136124
vn 0.57172084 -0.07620893 -0.81690121
vn 0.68908226 0.18694670 -0.70015472
vn 0.76056087 0.12800828 -0.63652271
vn 0.64245152 -0.13682209 -0.75401318
vn 0.39186567 -0.32605207 -0.86030889
vn 0.46145591 -0.38825402 -0.79769498
vn 0.16712372 -0.53813422 -0.82612425
vn 0.23528565 -0.60168546 -0.76329243
vn -0.08050264 -0.69168782 -0.71769589
vn -0.01391536 -0.75621516 -0.65417504
vn -0.32676920 -0.77168608 -0.54563957
vn -0.26174876 -0.83672094 -0.48102567
vn -0.25569108 0.24264278 -0.93581331
vn 0.11732901 -0.08300771 -0.98961794
vn -0.37653294 0.12861095 -0.91743243
vn -0.08074825 -0.26992282 -0.95949024
vn -0.50968069 0.04604236 -0.85913080
vn -0.29899269 -0.40526077 -0.86392546
vn -0.64209723 0.00302519 -0.76661724
vn -0.51604128 -0.47576717 -0.71228296
vn -0.76082349 0.00377426 -0.64894789
vn -0.71065396 -0.47454116 -0.51940519
vn -0.54758489 -0.77029735 -0.32679170
vn -0.32676920 -0.77168608 -0.54563957
vn -0.26174876 -0.83672094 -0.48102567
vn -0.48396471 -0.83532614 -0.26078445
vn -0.72132170 -0.68765974 -0.08257830
vn -0.65880251 -0.75216609 -0.01501820
vn -0.83097786 -0.53185999 0.16309759
vn -0.76915926 -0.59537268 0.23221849
vn -0.86582035 -0.31814715 0.38618326
vn -0.80422604 -0.38029951 0.45671967
vn -0.82243693 -0.06744395 0.56484407
vn -0.76056516 -0.12800631 0.63651794
vn -0.99113137 -0.07604390 0.10897717
vn -0.86378050 -0.40170339 -0.30416721
vn -0.96042484 -0.26439276 -0.08763900
vn -0.85424161 0.04821100 -0.51763606
vn -0.66076833 0.44956484 -0.60106295
vn -0.67248547 0.46621984 -0.57480639
vn -0.91320342 0.13198493 -0.38553804
vn -0.92723227 0.05096783 0.37100217
vn -0.95083368 0.12310115 0.28418571
vn -0.82259750 0.35861546 0.44128031
vn -0.79813594 0.28806004 0.52915078
vn -0.61675453 0.56611961 0.54692096
vn -0.59091628 0.49695441 0.63549536
vn -0.35345560 0.72530580 0.59076279
vn -0.32585680 0.65720719 0.67962945
vn -0.05847019 0.82058793 0.56852150
vn -0.02889668 0.75312418 0.65724349
vn 0.23932460 0.84263712 0.48237580
vn 0.27089640 0.77531600 0.57052630
vn -0.93686581 0.34850428 -0.02876220
vn -0.82380873 0.55614424 0.10973947
vn -0.71398753 0.55935329 -0.42112449
vn -0.73446339 0.43001285 -0.52502620
vn -0.35964856 0.60565656 -0.70981205
vn -0.35557565 0.63136375 -0.68916309
vn -0.25856721 0.62951380 -0.73270416
vn -0.34186319 0.65654665 -0.67236608
vn -0.31986150 0.67872882 -0.66107184
vn -0.29171461 0.69574565 -0.65638447
vn -0.26017055 0.70593494 -0.65876186
vn -0.22833499 0.70829302 -0.66797024
vn -0.19931878 0.70258856 -0.68311155
vn -0.17595443 0.68938023 -0.70270550
vn -0.16053288 0.66996741 -0.72482610
vn -0.15456398 0.64625263 -0.74730682
vn -0.15863362 0.62054527 -0.76795763
vn -0.17234772 0.59536147 -0.78475535
vn -0.19435863 0.57317638 -0.79604876
vn -0.22249950 0.55616218 -0.80073571
vn -0.25403181 0.54597420 -0.79836088
vn -0.28587508 0.54361111 -0.78915304
vn -0.31490067 0.54931444 -0.77400988
vn -0.53429306 0.79764444 -0.27981126
vn -0.39266810 0.88326591 -0.25622863
vn -0.41018757 0.87943596 0.24153399
vn -0.64232785 0.73909134 0.20287661
vn -0.64501184 0.68603230 -0.33662960
vn -0.15011559 0.96343970 0.22192173
vn -0.23400225 0.93451399 -0.26819143
vn -0.07382841 0.94637430 -0.31452370
vn 0.11243085 0.98287976 0.14596835
vn 0.07217669 0.91768408 -0.39070013
vn 0.35175532 0.93585390 0.02111033
vn 0.51078165 0.78929603 0.34075508
vn 0.23932460 0.84263712 0.48237580
vn 0.27089640 0.77531600 0.57052630
vn 0.54417026 0.72161824 0.42795545
vn 0.72932267 0.66578943 0.15752135
vn 0.76417160 0.59728968 0.24348886
vn 0.87356001 0.48420411 -0.04939048
vn 0.90937412 0.41448784 0.03519258
vn 0.92937338 0.26231641 -0.25972155
vn 0.96556091 0.19111070 -0.17654710
vn 0.89129859 0.02184349 -0.45289043
vn 0.92723131 -0.05096320 -0.37100518
vn 0.18972352 0.85125297 -0.48925802
vn 0.54443341 0.82696456 -0.14043473
vn 0.26730430 0.75358170 -0.60055232
vn 0.67159879 0.66687179 -0.32285780
vn 0.29732168 0.63423955 -0.71368068
vn 0.72080320 0.47124809 -0.50829911
vn 0.27684391 0.50490034 -0.81757760
vn 0.68723828 0.25923592 -0.67860180
vn 0.20787612 0.37821847 -0.90207446
vn 0.57418400 0.05159112 -0.81709921
vn 0.76306361 -0.21367268 -0.60998189
vn 0.89129859 0.02184349 -0.45289043
vn 0.92723131 -0.05096320 -0.37100518
vn 0.79813731 -0.28805640 -0.52915061
vn 0.55721873 -0.42117766 -0.71562326
vn 0.59091747 -0.49695021 -0.63549751
vn 0.29391557 -0.58036005 -0.75947076
vn 0.32585070 -0.65719938 -0.67963988
vn -0.00107018 -0.67563939 -0.73723155
vn 0.02888594 -0.75311875 -0.65725023
vn -0.29886210 -0.69769341 -0.65108025
vn -0.27089757 -0.77531791 -0.57052314
vn 0.09715514 0.26660565 -0.95889640
vn 0.39269882 -0.13135694 -0.91023791
vn -0.04446833 0.18098517 -0.98248005
vn 0.16056128 -0.27169517 -0.94889510
vn -0.20312947 0.12973687 -0.97051883
vn -0.09950906 -0.35569817 -0.92928839
vn -0.36330771 0.11787421 -0.92418247
vn -0.36205959 -0.37513945 -0.85333663
vn -0.50931549 0.14656663 -0.84800708
vn -0.60138339 -0.32811233 -0.72847813
vn -0.57031518 -0.64435393 -0.50945920
vn -0.29886210 -0.69769341 -0.65108025
vn -0.27089757 -0.77531791 -0.57052314
vn -0.54416490 -0.72162306 -0.42795426
vn -0.78885728 -0.52084607 -0.32622635
vn -0.76416922 -0.59728974 -0.24349634
vn -0.93309492 -0.33926055 -0.11931573
vn -0.90937418 -0.41448730 -0.03519839
vn -0.98890847 -0.11737012 0.09101822
vn -0.96556127 -0.19111331 0.17654212
vn -0.95083368 0.12310115 0.28418571
vn -0.92723227 0.05096783 0.37100217
vn -0.97043395 0.13649558 -0.19906521
vn -0.79406101 -0.21922061 -0.56692982
vn -0.92122704 -0.05912992 -0.38450536
vn -0.62686187 0.21299790 -0.74945056
vn -0.33826375 0.56252062 -0.75441921
vn -0.35368070 0.58193529 -0.73229867
vn -0.70444185 0.31066769 -0.63815928
vn 0.96304381 0.16812974 0.21042597
vn 0.89279896 0.17293996 0.41593483
vn 0.79041368 0.49009159 0.36750042
vn 0.85831553 0.48274779 0.17392243
vn 0.51060879 0.82801759 0.23165841
vn 0.55514669 0.82673717 0.09120246
vn -0.03569096 0.99910468 -0.02271524
vn -0.07953100 0.99516356 -0.05765740
vn -0.14508748 0.98680574 -0.07186177
vn -0.05532876 0.99846721 0.00140836
vn -0.08458050 0.99622095 0.01974898
vn -0.12203418 0.99207485 0.02992110
vn -0.16388829 0.98606646 0.02852461
vn -0.20322207 0.97902358 0.01461828
vn -0.23398125 0.97220474 -0.00840832
vn -0.25401312 0.96652943 -0.03603105
vn -0.26301280 0.96256226 -0.06556100
vn -0.21063635 0.97408813 -0.08236877
vn -0.14508750 0.98680568 -0.07186203
vn -0.20997852 0.97393966 -0.08573585
vn -0.25237459 0.96016586 -0.11995313
vn -0.76660585 0.61149269 -0.19593948
vn -0.72138608 0.60553128 -0.33605677
vn -0.95678866 0.18698215 -0.22269529
vn -0.82574052 0.40549833 -0.39207602
vn -0.23287520 0.96176267 -0.14415868
vn -0.20383300 0.96540773 -0.16260397
vn -0.16656239 0.97075981 -0.17286533
vn -0.12477461 0.97725040 -0.17150207
vn -0.08536515 0.98381293 -0.15755945
vn -0.05442807 0.98942578 -0.13444066
vn -0.03419009 0.99370176 -0.10671389
vn -0.02505212 0.99670702 -0.07712042
vn -0.07887291 0.99501497 -0.06102676
vn 0.24516904 0.96946412 -0.00562384
vn 0.23932324 0.96646458 -0.09311617
vn 0.20007864 0.96117640 -0.19002253
vn 0.12802216 0.95355761 -0.27265048
vn 0.03155695 0.94194078 -0.33429292
vn -0.07910704 0.92571312 -0.36986125
vn -0.19451977 0.90559912 -0.37689826
vn 0.74538583 0.66009086 0.09316674
vn 0.86860311 0.48042691 0.12132057
vn 0.97414136 0.16562837 0.15367468
vn 0.97580665 0.15471952 0.15447743
vn 0.96470773 0.15722099 0.21123585
vn 0.89279896 0.17293996 0.41593483
vn 0.89453524 0.16186273 0.41666189
vn 0.75000429 0.16881882 0.63952625
vn 0.75193560 0.15717655 0.64022535
vn 0.52214843 0.15078810 0.83941889
vn 0.52430272 0.13827337 0.84023046
vn 0.19651406 0.11361352 0.97389638
vn 0.19874163 0.10021546 0.97491467
vn -0.19374692 0.05703607 0.97939217
vn -0.19173104 0.04321153 0.98049581
vn -0.55406868 -0.00704243 0.83244115
vn -0.55234164 -0.02052216 0.83336520
vn -0.80555886 -0.06264278 0.58919507
vn -0.80396199 -0.07524703 0.58990085
vn -0.94154179 -0.10309923 0.32073304
vn -0.93997169 -0.11479909 0.32136333
vn -0.98966926 -0.12966970 0.06116038
vn -0.98810768 -0.14077403 0.06185438
vn -0.97735155 -0.14379396 -0.15526539
vn -0.97580647 -0.15471986 -0.15447816
vn -0.96625417 -0.14629506 -0.21201557
vn -0.96470767 -0.15722178 -0.21123545
vn -0.89453530 -0.16186495 -0.41666096
vn -0.89605922 -0.15076798 -0.41754881
vn -0.75193542 -0.15717831 -0.64022505
vn -0.75343335 -0.14549440 -0.64122516
vn -0.52430260 -0.13827382 -0.84023046
vn -0.52583903 -0.12568386 -0.84124726
vn -0.19874075 -0.10021511 -0.97491491
vn -0.20046511 -0.08673745 -0.97585368
vn 0.19173335 -0.04321164 -0.98049533
vn 0.18968073 -0.02937896 -0.98140621
vn 0.55234450 0.02052218 -0.83336335
vn 0.55011988 0.03392057 -0.83439654
vn 0.80396044 0.07524575 -0.58990318
vn 0.80186647 0.08774699 -0.59102511
vn 0.93996972 0.11479847 -0.32136941
vn 0.93811035 0.12642457 -0.32243738
vn 0.98810762 0.14077415 -0.06185418
vn 0.98640919 0.15184280 -0.06277499
vn 0.97580665 0.15471952 0.15447743
vn 0.97414136 0.16562837 0.15367468
vn -0.90711546 0.01106307 -0.42073658
vn -0.96625417 -0.14629506 -0.21201557
vn -0.89605922 -0.15076798 -0.41754881
vn -0.76822287 0.02499205 -0.63969445
vn -0.75343335 -0.14549440 -0.64122516
vn -0.53755325 0.24833411 -0.80583298
vn -0.52583903 -0.12568386 -0.84124726
vn -0.23828235 0.30628291 -0.92163569
vn -0.25357080 0.53855562 -0.80352962
vn 0.05497867 0.59663016 -0.80063093
vn 0.11481743 0.36767071 -0.92284089
vn 0.34647834 0.63501084 -0.69044489
vn 0.44525549 0.41616803 -0.79281259
vn 0.56447995 0.65143055 -0.50695240
vn 0.68635005 0.44508150 -0.57517481
vn 0.69428062 0.65588510 -0.29629242
vn 0.82502639 0.46004382 -0.32816336
vn 0.74783808 0.65845448 -0.08471102
vn 0.87859833 0.47021291 -0.08345553
vn 0.98640919 0.15184280 -0.06277499
vn 0.93811035 0.12642457 -0.32243738
vn 0.80186647 0.08774699 -0.59102511
vn 0.55011988 0.03392057 -0.83439654
vn 0.18968073 -0.02937896 -0.98140621
vn -0.20046511 -0.08673745 -0.97585368
vn 0.12986390 0.97700018 0.16913341
vn 0.03190012 0.97521758 0.21893641
vn -0.08084922 0.96727455 0.24050644
vn -0.19701633 0.95229024 0.23308349
vn -0.30691651 0.93093580 0.19789112
vn -0.63139051 0.70512915 0.32270584
vn -0.73898387 0.65456146 0.15953758
vn -0.79689735 0.30678397 0.52042127
vn -0.56221050 0.37929794 0.73488265
vn -0.55406868 -0.00704243 0.83244115
vn -0.19374692 0.05703607 0.97939217
vn -0.23451008 0.44640797 0.86355370
vn 0.19651406 0.11361352 0.97389638
vn 0.12132691 0.48917863 0.86370373
vn 0.52214843 0.15078810 0.83941889
vn 0.42700756 0.50353706 0.75107586
vn 0.75000429 0.16881882 0.63952625
vn 0.64861035 0.49980482 0.57402074
vn 0.54269838 0.69005096 0.47886130
vn 0.34316385 0.70131510 0.62481660
vn 0.07191831 0.69690031 0.71355289
vn -0.24020423 0.66316146 0.70888567
vn -0.52811807 0.60042417 0.60048503
vn -0.80555886 -0.06264278 0.58919507
vn -0.92886680 0.24622463 0.27673090
vn -0.94154179 -0.10309923 0.32073304
vn -0.97799313 0.20581071 0.03422593
vn -0.98966926 -0.12966970 0.06116038
vn -0.78466731 0.61979228 -0.01244408
vn -0.51255852 0.84923577 -0.12681663
vn -0.96707559 0.18929717 -0.17009270
vn -0.97735155 -0.14379396 -0.15526539
vn -0.90107703 0.39882967 -0.17027935
vn -0.30524150 0.88390613 -0.35431296
vn -0.61382908 0.62634653 -0.48052457
vn -0.69358730 0.43388256 -0.57505012
vn -0.51651031 0.47766387 -0.71067184
vn 0.97231966 -0.10362148 -0.20942080
vn 0.99487031 -0.10094145 0.00662919
vn 0.97200584 0.23495507 -0.00087731
vn 0.95151651 0.22928752 -0.20504549
vn 0.76449776 0.64445162 -0.01501280
vn 0.74659789 0.64543259 -0.16127120
vn 0.23099686 0.97266001 -0.02393748
vn 0.17754291 0.98339611 -0.03755885
vn 0.11224011 0.99340916 -0.02324728
vn 0.22335620 0.97471750 0.00615564
vn 0.20454501 0.97823197 0.03498087
vn 0.17476469 0.98279279 0.05979764
vn 0.13597801 0.98779768 0.07593228
vn 0.09408920 0.99237192 0.07965699
vn 0.05607702 0.99586135 0.07152323
vn 0.02590003 0.99816412 0.05475065
vn 0.00508283 0.99948621 0.03164725
vn 0.04724510 0.99886823 -0.00549441
vn 0.11224019 0.99340916 -0.02324758
vn 0.04642583 0.99888271 -0.00882864
vn -0.00814838 0.99971980 -0.02222645
vn -0.58300960 0.80241603 0.12739034
vn -0.60145199 0.79868859 -0.01876591
vn -0.87534326 0.44491863 0.18926604
vn -0.76953876 0.63818443 -0.02304050
vn -0.00039650 0.99862891 -0.05234695
vn 0.01856990 0.99652517 -0.08119588
vn 0.04848495 0.99317920 -0.10603911
vn 0.08732557 0.98865718 -0.12219387
vn 0.12917013 0.98359770 -0.12589930
vn 0.16704543 0.97889453 -0.11773438
vn 0.19705473 0.97518325 -0.10093132
vn 0.21776560 0.97289383 -0.07781877
vn 0.17672415 0.98341048 -0.04089537
vn 0.47539303 0.87100488 -0.12390315
vn 0.43427703 0.87804776 -0.20108609
vn 0.35954180 0.89230001 -0.27300254
vn 0.26123306 0.91128093 -0.31831482
vn 0.14894277 0.93059736 -0.33437207
vn 0.03347757 0.94657797 -0.32073262
vn -0.07571978 0.95728076 -0.27907008
vn 0.86845630 0.43647948 -0.23509426
vn 0.93872172 0.22951554 -0.25714621
vn 0.95851618 -0.10337755 -0.26563111
vn 0.86231768 0.23690255 -0.44753259
vn 0.79860359 0.45144978 -0.39802700
vn 0.87843531 -0.09888270 -0.46751860
vn 0.71429002 0.26435471 -0.64800185
vn 0.66597837 0.48300669 -0.56848687
vn 0.72486365 -0.08599794 -0.68350351
vn 0.48962709 0.30908093 -0.81531245
vn 0.46654943 0.53207302 -0.70656204
vn 0.48720086 -0.06262698 -0.87104148
vn 0.18343392 0.36362615 -0.91330612
vn 0.19767933 0.58947343 -0.78322667
vn 0.15458173 -0.02687043 -0.98761457
vn -0.17094994 0.41360745 -0.89426231
vn -0.11193015 0.63736218 -0.76239175
vn -0.23688404 0.01813720 -0.97136861
vn -0.49586567 0.44428229 -0.74614376
vn -0.39864776 0.66027987 -0.63648289
vn -0.59134793 0.06170393 -0.80405241
vn -0.72668958 0.45350939 -0.51599574
vn -0.60773301 0.65964514 -0.44218653
vn -0.83226448 0.09405110 -0.54634267
vn -0.71988672 0.64950824 -0.24474941
vn -0.55986512 0.80528253 -0.19511844
vn -0.95618206 0.11361650 -0.26982808
vn -0.92220116 0.28126910 -0.26539186
vn -0.16933562 0.96240789 -0.21235956
vn -0.99234837 0.12326279 -0.00714443
vn -0.95935148 0.28208932 -0.00839317
vn -0.96983552 0.12560254 0.20890930
vn -0.95603335 0.12535824 0.26511437
vn -0.95733315 0.11437451 0.26538980
vn -0.87728631 0.11005279 0.46717992
vn -0.87591505 0.12120307 0.46699327
vn -0.72375846 0.09775963 0.68309355
vn -0.72220743 0.10947885 0.68295747
vn -0.48608625 0.07529555 0.87066108
vn -0.48434347 0.08789863 0.87045115
vn -0.15330635 0.04042763 0.98735142
vn -0.15152740 0.05392638 0.98698097
vn 0.23848133 -0.00421714 0.97113794
vn 0.24003085 0.00970470 0.97071677
vn 0.59311414 -0.04820555 0.80367398
vn 0.59439582 -0.03464620 0.80342597
vn 0.83393240 -0.08144926 0.54582304
vn 0.83512098 -0.06877951 0.54574943
vn 0.95764536 -0.10189693 0.26931852
vn 0.95883727 -0.09013563 0.26927075
vn 0.99367261 -0.11211120 0.00677255
vn 0.99487031 -0.10094145 0.00662919
vn 0.97113776 -0.11461908 -0.20917439
vn 0.97231966 -0.10362148 -0.20942080
vn 0.95733249 -0.11437511 -0.26539180
vn 0.95851618 -0.10337755 -0.26563111
vn 0.87843531 -0.09888270 -0.46751860
vn 0.87728477 -0.11005381 -0.46718267
vn 0.72486365 -0.08599794 -0.68350351
vn 0.72376156 -0.09776049 -0.68309009
vn 0.48720086 -0.06262698 -0.87104148
vn 0.48608741 -0.07529634 -0.87066036
vn 0.15458173 -0.02687043 -0.98761457
vn 0.15330350 -0.04042855 -0.98735183
vn -0.23688404 0.01813720 -0.97136861
vn -0.23848005 0.00421609 -0.97113830
vn -0.59134793 0.06170393 -0.80405241
vn -0.59312320 0.04820525 -0.80366737
vn -0.83226448 0.09405110 -0.54634267
vn -0.83393151 0.08144796 -0.54582465
vn -0.95618206 0.11361650 -0.26982808
vn -0.95764315 0.10189701 -0.26932633
vn -0.99234837 0.12326279 -0.00714443
vn -0.99367249 0.11211243 -0.00676581
vn -0.96983552 0.12560254 0.20890930
vn -0.97113711 0.11461896 0.20917766
vn -0.97113711 0.11461896 0.20917766
vn 0.44689879 0.89075309 0.08270675
vn 0.38079122 0.90916896 0.16855244
vn 0.28873682 0.92813379 0.23494406
vn 0.18012623 0.94399112 0.27646938
vn 0.06408676 0.95480824 0.29023114
vn -0.23074150 0.80807245 0.54201233
vn -0.40418556 0.80253071 0.43883768
vn -0.40410468 0.44781706 0.79759598
vn -0.09295511 0.43715546 0.89456946
vn -0.15152740 0.05392638 0.98698097
vn 0.24003085 0.00970470 0.97071677
vn 0.26354524 0.40591583 0.87508643
vn 0.59439582 -0.03464620 0.80342597
vn 0.58633661 0.35650128 0.72740382
vn 0.83512098 -0.06877951 0.54574943
vn 0.81220156 0.30338490 0.49828339
vn 0.95883727 -0.09013563 0.26927075
vn 0.93372661 0.26047263 0.24557815
vn 0.85451669 0.47967890 0.19927220
vn 0.74182886 0.52720201 0.41442502
vn 0.53917056 0.58341956 0.60738522
vn 0.25522768 0.63085133 0.73272467
vn -0.05715651 0.65423745 0.75412637
vn -0.48434347 0.08789863 0.87045115
vn -0.63395846 0.44663826 0.63135648
vn -0.72220743 0.10947885 0.68295747
vn -0.78542763 0.44365162 0.43159786
vn -0.87591505 0.12120307 0.46699327
vn -0.52274048 0.79729921 0.30175546
vn -0.26851353 0.95985967 0.08105502
vn -0.86254889 0.44469357 0.24136513
vn -0.74801826 0.62952912 0.21014704
vn -0.79020017 0.21445110 0.57410324
vn -0.80835378 0.00070905 0.58869660
vn -0.40462440 0.02209240 0.91421610
vn -0.30182442 0.21444295 0.92893285
vn -0.97673392 0.21445476 -0.00000000
vn -1.00000000 0.00000000 -0.00000000
vn -0.79019898 0.21445528 -0.57410330
vn -0.80835336 0.00070905 -0.58869720
vn -0.30182454 0.21444671 -0.92893195
vn -0.42509004 0.00097800 -0.90515053
vn -0.58600378 0.05816820 0.80821782
vn -0.80691242 0.06561355 0.58701557
vn -0.72875887 0.45412818 0.51252133
vn -0.55542797 0.39082399 0.73400033
vn -0.54991084 0.75619358 0.35463989
vn -0.45773295 0.70106798 0.54679459
vn -0.10386611 0.99294311 0.05723547
vn -0.16187854 0.97425920 0.15688978
vn -0.99767268 0.06818515 -0.00000013
vn -0.87888348 0.47703648 -0.00000026
vn -0.72875887 0.45412818 0.51252133
vn -0.62950063 0.77700001 0.00000048
vn -0.54991084 0.75619358 0.35463989
vn -0.13683829 0.99059343 -0.00000030
vn -0.10386611 0.99294311 0.05723547
vn -0.10386632 0.99294299 -0.05723659
vn -0.54991180 0.75619274 -0.35464010
vn -0.72875977 0.45412520 -0.51252270
vn -0.80691200 0.06561229 -0.58701622
vn -0.16187856 0.97425890 -0.15689157
vn -0.16187854 0.97425920 0.15688978
vn -0.58600444 0.05816826 -0.80821741
vn -0.55542856 0.39082187 -0.73400092
vn -0.72875977 0.45412520 -0.51252270
vn -0.45773435 0.70106477 -0.54679751
vn -0.54991180 0.75619274 -0.35464010
vn -0.16187856 0.97425890 -0.15689157
vn -0.10386632 0.99294299 -0.05723659
vn -0.30182442 0.21444295 0.92893285
vn -0.40462440 0.02209240 0.91421610
vn 0.40462422 0.02209236 0.91421616
vn 0.30182448 0.21444264 0.92893291
vn -0.75939488 0.65063000 0.00000835
vn 0.75939572 0.65062910 0.00000834
vn -0.99997878 -0.00651556 0.00000938
vn -0.99998140 -0.00609088 0.00040147
vn -1.00000000 -0.00000620 -0.00000000
vn -1.00000000 -0.00001065 0.00000113
vn -1.00000000 -0.00000815 -0.00000000
vn -1.00000000 -0.00003770 -0.00000000
vn -1.00000000 0.00000864 -0.00000000
vn -1.00000000 0.00002874 -0.00000000
vn -1.00000000 0.00000991 -0.00000000
vn -1.00000000 0.00003299 -0.00000000
vn -1.00000000 0.00000000 -0.00000000
vn -1.00000000 0.00000000 -0.00000000
vn -1.00000000 -0.00000593 -0.00000000
vn -1.00000000 -0.00000266 -0.00000113
vn -0.99997878 -0.00651549 -0.00000938
vn -0.99998140 -0.00608825 -0.00040148
vn -0.99996579 -0.00827044 -0.00001099
vn -0.99996591 -0.00824345 -0.00054280
vn 0.00000000 1.00000000 -0.00000000
vn 0.00000000 1.00000000 -0.00000000
vn 0.00000000 1.00000000 -0.00000000
vn 0.00000000 1.00000000 -0.00000000
vn 0.99998140 -0.00608814 0.00040029
vn 0.99997878 -0.00651233 0.00000934
vn 1.00000000 -0.00000798 -0.00000113
vn 1.00000000 0.00000808 -0.00000000
vn 1.00000000 -0.00002356 -0.00000000
vn 1.00000000 -0.00000510 -0.00000000
vn 1.00000000 -0.00003672 -0.00000000
vn 1.00000000 -0.00001103 -0.00000000
vn 1.00000000 -0.00003299 -0.00000000
vn 1.00000000 -0.00000992 -0.00000000
vn 1.00000000 0.00000942 -0.00000000
vn 1.00000000 0.00000204 -0.00000000
vn 1.00000000 0.00000000 0.00000113
vn 1.00000000 0.00000836 -0.00000000
vn 0.99998140 -0.00608845 -0.00039997
vn 0.99997878 -0.00651233 -0.00000935
vn 0.99996591 -0.00824341 -0.00054233
vn 0.99996579 -0.00827042 -0.00001099
vn 0.30182448 0.21444264 0.92893291
vn 0.40462422 0.02209236 0.91421616
vn 0.80835390 0.00070905 0.58869648
vn 0.79020077 0.21444863 0.57410324
vn 1.00000000 0.00000000 -0.00000000
vn 0.97673637 0.21444371 -0.00000000
vn 0.80835330 0.00070905 -0.58869725
vn 0.79020077 0.21444616 -0.57410419
vn 0.42508894 0.00097800 -0.90515107
vn 0.30182403 0.21444502 -0.92893255
vn 0.58600229 0.05816845 -0.80821890
vn 0.80691165 0.06561221 -0.58701682
vn 0.72875696 0.45412964 -0.51252282
vn 0.55542469 0.39082739 -0.73400092
vn 0.54990482 0.75619745 -0.35464096
vn 0.45772791 0.70107210 -0.54679352
vn 0.10386558 0.99294305 -0.05723738
vn 0.16188073 0.97425795 -0.15689532
vn 0.99767280 0.06818388 -0.00000013
vn 0.87888241 0.47703847 -0.00000029
vn 0.72875792 0.45412827 0.51252258
vn 0.54990470 0.75619787 0.35464010
vn 0.62949419 0.77700520 -0.00000000
vn 0.10386477 0.99294317 0.05723691
vn 0.13684016 0.99059314 -0.00000018
vn 0.80691224 0.06561217 0.58701599
vn 0.54990482 0.75619745 -0.35464096
vn 0.10386558 0.99294305 -0.05723738
vn 0.72875696 0.45412964 -0.51252282
vn 0.16188073 0.97425795 -0.15689532
vn 0.16187970 0.97425836 0.15689364
vn 0.58600283 0.05816839 0.80821848
vn 0.55542558 0.39082533 0.73400134
vn 0.72875792 0.45412827 0.51252258
vn 0.45772937 0.70107061 0.54679418
vn 0.54990470 0.75619787 0.35464010
vn 0.16187970 0.97425836 0.15689364
vn 0.10386477 0.99294317 0.05723691
vn 0.30182403 0.21444502 -0.92893255
vn 0.42508894 0.00097800 -0.90515107
vn -0.42509004 0.00097800 -0.90515053
vn -0.30182454 0.21444671 -0.92893195
vn -0.80901390 0.00000000 0.58778954
vn -0.80899996 0.00586460 0.58777952
vn -0.30901128 0.00586471 0.95104033
vn -0.30901662 0.00000000 0.95105666
vn -1.00000000 0.00000000 -0.00000000
vn -0.99998283 0.00586460 -0.00000000
vn -0.80901390 0.00000000 -0.58778954
vn -0.80899996 0.00586475 -0.58777952
vn -0.30901811 0.00000000 -0.95105618
vn -0.30901286 0.00586482 -0.95103985
vn 0.30901688 0.00000000 -0.95105654
vn 0.30901164 0.00586491 -0.95104021
vn 0.30901611 0.00000000 0.95105684
vn 0.30901074 0.00586494 0.95104051
vn 0.80900115 0.00586530 0.58777779
vn 0.80901510 0.00000000 0.58778793
vn 0.99998283 0.00586555 -0.00000000
vn 1.00000000 0.00000000 -0.00000000
vn 0.80900121 0.00586526 -0.58777779
vn 0.80901510 0.00000000 -0.58778793
vn 0.30901164 0.00586491 -0.95104021
vn 0.30901688 0.00000000 -0.95105654
vn 0.22737679 0.67720056 0.69978517
vn -0.22737588 0.67719603 0.69978982
vn -0.06327104 0.97881550 0.19472302
vn -0.16564502 0.97881442 0.12034962
vn -0.30182442 0.21444295 0.92893285
vn -0.79020017 0.21445110 0.57410324
vn 0.30182448 0.21444264 0.92893291
vn 0.06327020 0.97881520 0.19472463
vn 0.79020077 0.21444863 0.57410324
vn 0.16564813 0.97881389 0.12035009
vn 0.97673637 0.21444371 -0.00000000
vn 0.20474984 0.97881436 -0.00000025
vn 0.79020077 0.21444616 -0.57410419
vn 0.16564810 0.97881389 -0.12035003
vn 0.30182403 0.21444502 -0.92893255
vn 0.06327137 0.97881442 -0.19472829
vn -0.20474400 0.97881556 0.00000110
vn -0.97673392 0.21445476 -0.00000000
vn -0.16564418 0.97881460 -0.12034962
vn -0.79019898 0.21445528 -0.57410330
vn -0.06327160 0.97881430 -0.19472876
vn -0.30182454 0.21444671 -0.92893195
vn 0.06327137 0.97881442 -0.19472829
vn 0.30182403 0.21444502 -0.92893255
vn 0.73578656 0.67721355 0.00000020
vn 0.59526968 0.67720431 0.43249097
vn 0.59526533 0.67721039 -0.43248734
vn 0.22737382 0.67720008 -0.69978654
vn -0.22737321 0.67719370 -0.69979298
vn -0.59527647 0.67719364 -0.43249819
vn 0.22737382 0.67720008 -0.69978654
vn -0.73580402 0.67719460 0.00000130
vn -0.59527773 0.67719340 0.43249685
vn -0.63904029 -0.01782694 0.76896673
vn -0.24346043 -0.25029111 0.93706000
vn -0.30801150 -0.75477040 0.57918096
vn -0.80819231 -0.46089578 0.36660641
vn -0.79044920 0.35854703 0.49662265
vn -0.99964178 0.01494588 0.02220293
vn -0.63985854 0.73513460 0.22396047
vn -0.80925977 0.49101749 -0.32249117
vn -0.24484035 0.96799213 0.05517638
vn -0.30977169 0.78545713 -0.53581589
vn 0.24379076 0.96827894 0.05479083
vn 0.30802733 0.78582394 -0.53628349
vn 0.63937908 0.73586208 0.22293822
vn 0.80818903 0.49196467 -0.32373029
vn 0.79077005 0.35955191 0.49538389
vn 0.99965608 0.01611979 0.02068559
vn 0.64021713 -0.01702173 0.76800549
vn 0.80928820 -0.45994589 0.36537981
vn 0.24518144 -0.25000843 0.93668669
vn 0.30983853 -0.75439304 0.57869780
vn -0.24346043 -0.25029111 0.93706000
vn -0.30801150 -0.75477040 0.57918096
vn -0.30812725 -0.76880497 0.56035393
vn 0.30993530 -0.76842713 0.55987483
vn 0.80955303 -0.47388768 0.34648877
vn 0.99999589 0.00235272 0.00166660
vn 0.80846447 0.47836155 -0.34286362
vn 0.30812627 0.77232289 -0.55549592
vn -0.30989131 0.77195644 -0.55502313
vn -0.80953944 0.47742039 -0.34163687
vn -0.99999428 0.00116437 0.00319453
vn -0.80847651 -0.47483179 0.34770754
vn -0.30812725 -0.76880497 0.56035393
vn 0.30546409 0.68702614 -0.65930778
vn -0.30728313 0.68666309 -0.65884066
vn -0.06254476 -0.41959581 -0.90555376
vn 0.06165064 -0.41952118 -0.90564960
vn 0.80145937 0.39562929 -0.44848678
vn 0.16221818 -0.47862026 -0.86290669
vn 0.99133724 -0.07625617 -0.10693686
vn 0.20073636 -0.57430136 -0.79365164
vn -0.16295029 -0.47880727 -0.86266494
vn -0.80261427 0.39467528 -0.44726035
vn -0.20123369 -0.57456785 -0.79333276
vn -0.99141073 -0.07742457 -0.10540503
vn -0.16276209 -0.67023760 -0.72407883
vn -0.80153149 -0.54932433 0.23619920
vn -0.06221025 -0.72929353 -0.68136692
vn -0.30550462 -0.84074920 0.44699857
vn 0.80253297 -0.54842019 0.23489603
vn 0.16244105 -0.67002600 -0.72434670
vn 0.30719206 -0.84041035 0.44647911
vn 0.06201631 -0.72922492 -0.68145800
vn -0.30550462 -0.84074920 0.44699857
vn -0.06221025 -0.72929353 -0.68136692
vn -0.01492571 -0.59495091 -0.80362344
vn -0.00586534 -0.60024685 -0.79979336
vn -0.00586534 -0.60024685 -0.79979336
vn 0.00532248 -0.60023880 -0.79980320
vn 0.01438128 -0.59490860 -0.80366468
vn 0.01784474 -0.58628142 -0.80991095
vn 0.01435480 -0.57765651 -0.81615376
vn 0.00528497 -0.57232398 -0.82001066
vn -0.00587503 -0.57232040 -0.82000905
vn -0.01489796 -0.57766569 -0.81613755
vn -0.01836728 -0.58632916 -0.80986470
vn 0.03708503 0.67426914 0.73755401
vn -0.03672446 0.67421293 0.73762339
vn -0.30777106 0.83326298 -0.45929274
vn 0.30608740 0.83363646 -0.45973989
vn 0.09685216 0.63910979 0.76299310
vn 0.80299085 0.54170352 -0.24852186
vn 0.11978216 0.58223909 0.80414551
vn 0.99321896 0.06892294 0.09362545
vn -0.80401194 0.54072922 -0.24733928
vn -0.09643462 0.63900566 0.76313317
vn -0.99315399 0.06775701 0.09515355
vn -0.11919357 0.58211273 0.80432439
vn -0.80293226 -0.40498877 0.43736014
vn -0.09630574 0.52527529 0.84546500
vn -0.30599901 -0.69695884 0.64854681
vn -0.03654278 0.49016750 0.87086195
vn 0.09704172 0.52539933 0.84530377
vn 0.80406117 -0.40411338 0.43609408
vn 0.03732345 0.49022424 0.87079686
vn 0.30782923 -0.69663215 0.64803159
vn -0.03654278 0.49016750 0.87086195
vn -0.30599901 -0.69695884 0.64854681
vn 0.00029160 0.58639896 0.81002241
vn -0.11919357 0.58211273 0.80432439
vn -0.09643462 0.63900566 0.76313317
vn -0.03672446 0.67421293 0.73762339
vn 0.03708503 0.67426914 0.73755401
vn 0.09685216 0.63910979 0.76299310
vn 0.11978216 0.58223909 0.80414551
vn 0.09704172 0.52539933 0.84530377
vn 0.03732345 0.49022424 0.87079686
vn -0.03654278 0.49016750 0.87086195
vn -0.41309640 0.26031935 0.87268859
vn -0.15728384 0.11004880 0.98140264
vn -0.30806726 -0.75634408 0.57709467
vn -0.80823267 -0.46247515 0.36452252
vn -0.51103252 0.50365525 0.69654667
vn -0.99970835 0.01339804 0.02009387
vn 0.30983299 -0.75597918 0.57662737
vn 0.15869069 0.11027344 0.98115087
vn -0.41363931 0.74713463 0.52028108
vn -0.80932248 0.48950258 -0.32462975
vn -0.15818635 0.89772135 0.41118553
vn -0.30983064 0.78396404 -0.53796411
vn 0.15776783 0.89790893 0.41093668
vn 0.30805975 0.78433490 -0.53844041
vn 0.41360745 0.74763095 0.51959300
vn 0.80825818 0.49044424 -0.32585776
vn 0.51148522 0.50426817 0.69577050
vn 0.99972147 0.01457751 0.01856026
vn 0.41411963 0.26078075 0.87206554
vn 0.80933267 -0.46152067 0.36328968
vn 0.15869069 0.11027344 0.98115087
vn 0.30983299 -0.75597918 0.57662737
vn 0.30991569 -0.76969635 0.55813962
vn 0.80955994 -0.47515038 0.34473899
vn 0.99999940 0.00107925 -0.00008387
vn 0.80848259 0.47708118 -0.34460050
vn 0.30814376 0.77105618 -0.55724311
vn -0.30992517 0.77068561 -0.55676752
vn 0.00031383 0.58635151 0.81005669
vn 0.00030832 0.58639789 0.81002319
vn -0.15728384 0.11004880 0.98140264
vn 0.00026151 0.58638495 0.81003255
vn -0.41309640 0.26031935 0.87268859
vn 0.00028191 0.58637267 0.81004143
vn -0.51103252 0.50365525 0.69654667
vn 0.00028191 0.58637697 0.81003827
vn -0.41363931 0.74713463 0.52028108
vn 0.00029454 0.58642763 0.81000161
vn -0.15818635 0.89772135 0.41118553
vn 0.00023674 0.58643126 0.80999899
vn 0.15776783 0.89790893 0.41093668
vn 0.00023949 0.58637357 0.81004077
vn 0.41360745 0.74763095 0.51959300
vn 0.00030238 0.58640277 0.81001955
vn 0.51148522 0.50426817 0.69577050
vn 0.00027210 0.58637571 0.81003922
vn -0.80846971 -0.47610697 0.34597525
vn -0.30816764 -0.77005976 0.55860609
vn 0.30991569 -0.76969635 0.55813962
vn -0.99999899 -0.00009892 0.00144935
vn -0.80956239 0.47613674 -0.34336945
vn -0.40748280 0.26603469 0.87360364
vn -0.15517727 0.11777832 0.98084062
vn -0.30807820 -0.76112390 0.57076997
vn -0.80836290 -0.46719655 0.35815775
vn -0.50404209 0.50605917 0.69988978
vn -0.99986815 0.00875844 0.01367336
vn 0.30987412 -0.76075161 0.57029390
vn 0.15654887 0.11789607 0.98060846
vn -0.40800804 0.74624157 0.52597821
vn -0.80945432 0.48492825 -0.33110175
vn -0.15604839 0.89478564 0.41833910
vn -0.30986863 0.77944100 -0.54447520
vn 0.15565053 0.89498848 0.41805324
vn 0.30808264 0.77981609 -0.54495138
vn 0.40799248 0.74672234 0.52530754
vn 0.80837041 0.48589009 -0.33233732
vn 0.50459671 0.50664359 0.69906688
vn 0.99987686 0.00994410 0.01214508
vn 0.40856302 0.26644471 0.87297392
vn 0.80946469 -0.46623537 0.35691950
vn 0.15654887 0.11789607 0.98060846
vn 0.30987412 -0.76075161 0.57029390
vn 0.30989733 -0.77464765 0.55125743
vn 0.80953556 -0.48010433 0.33786401
vn 0.99996841 -0.00387795 -0.00694834
vn 0.80843824 0.47211897 -0.35147026
vn 0.30810717 0.76606673 -0.56410265
vn -0.30989662 0.76569450 -0.56362766
vn 0.00026479 0.58642250 0.81000531
vn 0.00024528 0.58641291 0.81001228
vn -0.15517727 0.11777832 0.98084062
vn 0.00023135 0.58639795 0.81002307
vn -0.40748280 0.26603469 0.87360364
vn 0.00026583 0.58638746 0.81003070
vn -0.50404209 0.50605917 0.69988978
vn 0.00028534 0.58640099 0.81002092
vn -0.40800804 0.74624157 0.52597821
vn 0.00025644 0.58641142 0.81001335
vn -0.15604839 0.89478564 0.41833910
vn 0.00026201 0.58640504 0.81001800
vn 0.15565053 0.89498848 0.41805324
vn 0.00028431 0.58641285 0.81001234
vn 0.40799248 0.74672234 0.52530754
vn 0.00030632 0.58640075 0.81002110
vn 0.50459671 0.50664359 0.69906688
vn 0.00029796 0.58640265 0.81001973
vn -0.80844969 -0.48106343 0.33909744
vn -0.30812153 -0.77501935 0.55173016
vn 0.30989733 -0.77464765 0.55125743
vn -0.99997252 -0.00507286 -0.00541350
vn -0.80953813 0.47115362 -0.35023180
vn -0.40575159 0.26776391 0.87388110
vn -0.15450108 0.12013073 0.98066205
vn -0.30806175 -0.75811255 0.57477248
vn -0.80828601 -0.46421623 0.36218369
vn -0.50197196 0.50678861 0.70084912
vn -0.99977452 0.01168438 0.01773228
vn 0.30983663 -0.75774860 0.57429814
vn 0.15584201 0.12030788 0.98042816
vn -0.40635049 0.74596101 0.52765661
vn -0.80937815 0.48782057 -0.32701409
vn -0.15538771 0.89387858 0.42051852
vn -0.30983213 0.78230959 -0.54036629
vn 0.15497553 0.89406919 0.42026523
vn 0.30807295 0.78267550 -0.54084206
vn 0.40626496 0.74645120 0.52702892
vn 0.80829543 0.48878124 -0.32825512
vn 0.50246584 0.50737715 0.70006901
vn 0.99978584 0.01287585 0.01620116
vn 0.40679362 0.26823220 0.87325281
vn 0.80939251 -0.46325460 0.36094180
vn 0.15584201 0.12030788 0.98042816
vn 0.30983663 -0.75774860 0.57429814
vn 0.30989343 -0.77166200 0.55543131
vn 0.80956256 -0.47710213 0.34202641
vn 0.99999577 -0.00086438 -0.00278999
vn 0.80846262 0.47514087 -0.34731734
vn 0.30813506 0.76909709 -0.55994862
vn -0.30990520 0.76873094 -0.55947435
vn 0.00023641 0.58639300 0.81002671
vn 0.00025364 0.58639258 0.81002700
vn -0.15450108 0.12013073 0.98066205
vn 0.00025050 0.58638519 0.81003231
vn -0.40575159 0.26776391 0.87388110
vn 0.00026596 0.58637649 0.81003863
vn -0.50197196 0.50678861 0.70084912
vn 0.00029727 0.58637244 0.81004161
vn -0.40635049 0.74596101 0.52765661
vn 0.00029748 0.58638889 0.81002969
vn -0.15538771 0.89387858 0.42051852
vn 0.00030375 0.58639175 0.81002754
vn 0.15497553 0.89406919 0.42026523
vn 0.00026460 0.58639526 0.81002510
vn 0.40626496 0.74645120 0.52702892
vn 0.00022177 0.58640790 0.81001592
vn 0.50246584 0.50737715 0.70006901
vn 0.00022803 0.58639705 0.81002378
vn -0.80846971 -0.47806290 0.34326771
vn -0.30813253 -0.77202529 0.55590594
vn 0.30989343 -0.77166200 0.55543131
vn -0.99999714 -0.00205754 -0.00125752
vn -0.80956078 0.47417644 -0.34607527
vn -0.80846459 -0.47889087 0.34212369
vn -0.30813473 -0.77284938 0.55475843
vn -0.08902226 -0.78350890 -0.61497074
vn -0.23315325 -0.69882780 -0.67622429
vn -0.99999297 -0.00288306 -0.00240120
vn -0.28832185 -0.56170917 -0.77546978
vn 0.08901019 -0.78340191 -0.61510873
vn 0.30990252 -0.77248210 0.55428511
vn -0.80955708 0.47334743 -0.34721702
vn -0.23346382 -0.42452481 -0.87479907
vn -0.30989912 0.76789951 -0.56061834
vn -0.08953170 -0.33967373 -0.93627238
vn 0.30812463 0.76826710 -0.56109256
vn 0.08849983 -0.33956656 -0.93640929
vn 0.80846334 0.47430599 -0.34845504
vn 0.23263139 -0.42424411 -0.87515688
vn 0.99999082 -0.00169755 -0.00393151
vn 0.28780168 -0.56136429 -0.77591264
vn 0.80955732 -0.47792822 0.34088355
vn 0.23294413 -0.69854951 -0.67658383
vn 0.30990252 -0.77248210 0.55428511
vn 0.08901019 -0.78340191 -0.61510873
vn -0.00027310 -0.58639270 -0.81002694
vn -0.08902226 -0.78350890 -0.61497074
vn -0.23315325 -0.69882780 -0.67622429
vn 0.28780168 -0.56136429 -0.77591264
vn 0.23263139 -0.42424411 -0.87515688
vn 0.08849983 -0.33956656 -0.93640929
vn -0.08953170 -0.33967373 -0.93627238
vn -0.23346382 -0.42452481 -0.87479907
vn -0.28832185 -0.56170917 -0.77546978
vn 0.80956006 -0.47334021 0.34721979
vn 0.30990264 -0.76789528 0.56062227
vn 0.14672492 0.15273131 0.97731519
vn 0.38287726 0.29194641 0.87645441
vn 0.99999297 0.00288834 0.00240630
vn 0.47287762 0.51705444 0.71347147
vn 0.80846667 0.47889173 -0.34211752
vn 0.38235947 0.74203044 0.55062884
vn 0.30812410 0.77285504 -0.55475634
vn 0.14588390 0.88095832 0.45014489
vn -0.30989495 0.77248728 -0.55428201
vn -0.14623880 0.88079202 0.45035511
vn -0.80955428 0.47793531 -0.34088075
vn -0.38240609 0.74156517 0.55122298
vn -0.99999082 0.00170220 0.00393702
vn -0.47241741 0.51648575 0.71418786
vn -0.80846143 -0.47430468 0.34846124
vn -0.38188514 0.29149550 0.87703717
vn -0.30813184 -0.76826227 0.56109530
vn -0.14539994 0.15255740 0.97754031
vn 0.30990264 -0.76789528 0.56062227
vn 0.14672492 0.15273131 0.97731519
vn -0.47241741 0.51648575 0.71418786
vn 0.00026003 0.58639330 0.81002647
vn 0.00026258 0.58639526 0.81002504
vn -0.38188514 0.29149550 0.87703717
vn 0.00027633 0.58639765 0.81002337
vn -0.14539994 0.15255740 0.97754031
vn 0.00027505 0.58639377 0.81002617
vn 0.00027377 0.58639270 0.81002694
vn 0.00028173 0.58640569 0.81001747
vn 0.47287762 0.51705444 0.71347147
vn 0.00029196 0.58640039 0.81002134
vn 0.38235947 0.74203044 0.55062884
vn 0.00027760 0.58639348 0.81002629
vn 0.14588390 0.88095832 0.45014489
vn 0.00027248 0.58640248 0.81001979
vn -0.14623880 0.88079202 0.45035511
vn 0.00027761 0.58639824 0.81002295
vn -0.38240609 0.74156517 0.55122298
vn 0.14531744 -0.61183476 -0.77752239
vn -0.12987635 -0.61526918 -0.77754492
vn -0.09433514 -0.98238933 -0.16128281
vn 0.11884131 -0.97972941 -0.16126709
vn -0.13015319 -0.81668717 0.56221199
vn 0.15038756 -0.81318718 0.56223685
vn 0.14440674 -0.53844601 -0.83019435
vn 0.68286252 -0.45016971 -0.57536596
vn 0.68211263 -0.38984877 -0.61866015
vn -0.13078815 -0.54188186 -0.83021593
vn 0.10465914 0.16258925 -0.98112750
vn -0.10851730 0.15993349 -0.98114491
vn -0.67207062 -0.40674406 -0.61877328
vn -0.67132157 -0.46706688 -0.57547891
vn 0.15011685 -0.79170948 0.59216636
vn 0.68452132 -0.58041257 0.44108039
vn 0.68473971 -0.59783316 0.41680583
vn -0.13042384 -0.79521006 0.59214067
vn -0.10465759 -0.16259292 0.98112708
vn 0.10851981 -0.15992025 0.98114681
vn -0.14440627 0.53845102 0.83019120
vn 0.13078706 0.54188013 0.83021730
vn -0.14531833 0.61183828 0.77751946
vn -0.68210840 0.38985130 0.61866325
vn -0.68286014 0.45017353 0.57536584
vn 0.12987500 0.61526960 0.77754474
vn 0.67131925 0.46706244 0.57548523
vn 0.67206746 0.40674022 0.61877924
vn -0.11885537 0.97972757 0.16126803
vn 0.09432977 0.98239017 0.16128096
vn 0.54564166 -0.12928797 0.82798547
vn 0.53368658 0.83465272 0.13613778
vn -0.66989940 -0.59731364 0.44096634
vn -0.66967988 -0.61473262 0.41669255
vn -0.99743497 -0.07015958 0.01418374
vn -0.99775887 -0.04444239 0.05002158
vn -0.99854875 0.01953130 -0.05018945
vn -0.67132157 -0.46706688 -0.57547891
vn -0.67207062 -0.40674406 -0.61877328
vn -0.99887270 0.04524798 -0.01435147
vn -0.68286014 0.45017353 0.57536584
vn -0.68210840 0.38985130 0.61866325
vn -0.68451512 0.58041805 -0.44108278
vn -0.68473577 0.59783643 -0.41680765
vn -0.15012261 0.79171306 -0.59216022
vn -0.15039358 0.81319004 -0.56223106
vn 0.13042356 0.79521215 -0.59213799
vn -0.10851730 0.15993349 -0.98114491
vn 0.10465914 0.16258925 -0.98112750
vn 0.13015167 0.81668985 -0.56220835
vn 0.66989595 0.59731364 -0.44097143
vn 0.66967779 0.61473256 -0.41669613
vn 0.99775887 0.04444068 -0.05002292
vn 0.99743509 0.07015773 -0.01418401
vn 0.09432977 0.98239017 0.16128096
vn -0.11885537 0.97972757 0.16126803
vn 0.99887252 -0.04525217 0.01435167
vn 0.68211263 -0.38984877 -0.61866015
vn 0.68286252 -0.45016971 -0.57536596
vn 0.99854863 -0.01953374 0.05019014
vn 0.68473971 -0.59783316 0.41680583
vn 0.68452132 -0.58041257 0.44108039
vn 0.67206746 0.40674022 0.61877924
vn 0.67131925 0.46706244 0.57548523
vn 0.68473971 -0.59783316 0.41680583
vn 0.55435258 -0.82108623 -0.13605417
vn 0.54238874 0.14286906 -0.82789057
vn 0.68452132 -0.58041257 0.44108039
vn 0.54564166 -0.12928797 0.82798547
vn 0.53368658 0.83465272 0.13613778
vn 0.53368658 0.83465272 0.13613778
vn -0.53367215 -0.83466196 -0.13613768
vn -0.53367215 -0.83466196 -0.13613768
vn 0.55435258 -0.82108623 -0.13605417
vn 0.54238874 0.14286906 -0.82789057
vn 0.54238874 0.14286906 -0.82789057
vn -0.54238427 -0.14287537 0.82789254
vn -0.54238427 -0.14287537 0.82789254
vn -0.55434632 0.82109100 0.13605075
vn -0.55434632 0.82109100 0.13605075
vn -0.55434632 0.82109100 0.13605075
vn -0.54564369 0.12930410 -0.82798153
vn -0.10851730 0.15993349 -0.98114491
vn -0.54564369 0.12930410 -0.82798153
vn -0.99336070 -0.08796736 -0.07413724
vn -0.99408191 -0.08145192 -0.07187990
vn -0.93921679 -0.28191230 -0.19595252
vn -0.97242272 -0.16610610 -0.16371575
vn -0.98333877 -0.13393986 -0.12290250
vn -0.98321009 -0.14096580 -0.11587339
vn -0.98179018 -0.14568081 -0.12192263
vn -0.28330782 -0.75182015 -0.59540176
vn -0.31979468 -0.92253870 -0.21599491
vn 0.09485658 -0.74974042 -0.65489811
vn 0.00930446 -0.99114245 -0.13247672
vn 0.02357328 -0.86636901 0.49884772
vn 0.01142508 -0.99555749 0.09346081
vn 0.01270505 -0.80636340 0.59128392
vn -0.00817269 -0.63531584 0.77220917
vn 0.00599689 -0.63272750 0.77435136
vn -0.15050317 -0.65457976 0.74086040
vn -0.27212253 -0.87443650 0.40163445
vn -0.87239873 -0.46921340 0.13696440
vn -0.92261451 -0.36221099 -0.13261124
vn -0.99177271 -0.07287349 -0.10524423
vn -0.79547793 -0.49720368 0.34641504
vn -0.98067790 -0.13890472 -0.13775492
vn -0.98073936 -0.15014520 -0.12492704
vn -0.99368310 -0.08149572 -0.07715225
vn -0.75117934 -0.56321716 0.34426177
vn -0.96199679 -0.20736897 -0.17765211
vn -0.93076634 -0.28155962 -0.23323430
vn -0.72487855 -0.61948842 0.30130592
vn -0.93113154 -0.27899903 -0.23484826
vn -0.96184552 -0.20970677 -0.17571665
vn -0.93204087 -0.27818289 -0.23219430
vn -0.96302330 -0.20696178 -0.17249019
vn -0.93316931 -0.27645546 -0.22971159
vn -0.96466780 -0.20298365 -0.16796938
vn -0.93499178 -0.27267522 -0.22680084
vn -0.96816742 -0.19424120 -0.15786777
vn -0.88438141 -0.05049277 -0.46402586
vn -0.88152242 0.05071305 -0.46941081
vn -0.64120972 0.00287491 -0.76736033
vn 0.12311354 0.66679025 -0.73500609
vn 0.13474478 0.64274263 -0.75413907
vn 0.17902426 0.32160613 -0.92979556
vn 0.17559803 -0.29874989 -0.93803722
vn -0.40878063 -0.36836830 -0.83498698
vn 0.76517540 0.43689919 -0.47289091
vn 0.68167573 0.00798224 -0.73161089
vn 0.67872036 -0.27592111 -0.68059254
vn 0.86427873 0.48002881 -0.15031502
vn 0.88248962 0.43956378 -0.16731958
vn 0.87675303 0.44386762 -0.18516432
vn 0.88545048 0.42940807 -0.17772497
vn 0.88613433 0.43416467 -0.16207100
vn 0.87151778 0.47290969 -0.12966584
vn 0.85872316 0.48717630 -0.15891464
vn 0.87602091 0.44526562 -0.18527274
vn 0.88022983 0.44854754 -0.15492135
vn 0.97855401 -0.11094304 -0.17356184
vn 0.98635906 0.11821282 0.11454952
vn 0.84966481 0.50984198 -0.13465115
vn 0.79323208 0.55825490 -0.24317563
vn 0.77644992 0.58576858 -0.23238078
vn 0.84253550 0.52801758 -0.10644940
vn 0.83677822 0.53756613 -0.10404278
vn 0.84668756 0.51451057 -0.13564348
vn 0.83848429 0.53705573 -0.09227876
vn 0.85533947 0.50526422 -0.11446647
vn 0.83187598 0.54453379 -0.10707615
vn 0.80742013 0.58543015 -0.07310540
vn 0.81905109 0.57088864 -0.05693395
vn 0.78802055 0.61564869 -0.00063322
vn 0.82125437 0.56720722 -0.06178401
vn 0.79326534 0.60885370 -0.00523215
vn 0.75224030 0.65608859 0.06068211
vn 0.80504930 0.59318048 0.00571379
vn 0.76279026 0.64263052 0.07195234
vn 0.71304280 0.68891394 0.13025981
vn 0.67884922 0.72352314 -0.12521201
vn 0.63678449 0.76774418 -0.07123502
vn 0.59368730 0.80457443 -0.01397799
vn 0.21150547 0.75428492 -0.62154615
vn 0.21317200 0.77753627 -0.59160382
vn 0.20965654 0.80322671 -0.55755812
vn -0.22881317 0.40898633 -0.88338822
vn -0.18373719 0.44010064 -0.87894946
vn -0.16702273 0.41941717 -0.89229631
vn -0.60699826 -0.34517345 -0.71582717
vn -0.54286116 -0.40808031 -0.73401105
vn -0.46068344 -0.49589965 -0.73610753
vn -0.57428753 -0.64159679 -0.50847566
vn -0.48272911 -0.68933135 -0.54018050
vn -0.32948875 -0.74524045 -0.57970160
vn -0.48745263 -0.68155688 -0.54577482
vn -0.33805263 -0.73847967 -0.58341080
vn -0.14527641 -0.77886963 -0.61012858
vn -0.34767240 -0.73469448 -0.58253574
vn -0.14990859 -0.77642465 -0.61212111
vn -0.01813566 -0.78574365 -0.61828643
vn -0.15428159 -0.76944464 -0.61980009
vn -0.02082072 -0.78305829 -0.62159985
vn -0.00000745 -0.78596663 -0.61826891
vn -0.00001574 -0.78303665 -0.62197560
vn -0.01915709 -0.78479970 -0.61945337
vn 0.00002123 -0.78554463 -0.61880499
vn -0.02067705 -0.78567564 -0.61829305
vn 0.00009963 -0.41658676 -0.90909600
vn -0.01870316 -0.46788633 -0.88359076
vn 0.00008934 0.50743228 -0.86169165
vn -0.00461253 0.47108886 -0.88207370
vn -0.00006743 0.96096593 -0.27666688
vn 0.06116378 0.96022272 -0.27245438
vn -0.00019885 0.94203967 0.33550143
vn 0.10407738 0.93732607 0.33254731
vn -0.00007096 0.90458030 0.42630327
vn 0.10751163 0.90182424 0.41851449
vn -0.00004701 0.90111542 0.43357927
vn 0.10263993 0.90138978 0.42066804
vn 0.00024465 0.89508742 0.44589069
vn 0.09647545 0.89660317 0.43219826
vn 0.00061857 0.79367864 0.60833704
vn 0.09131333 0.81194413 0.57654893
vn 0.00035107 -0.09287385 0.99567789
vn 0.05268729 -0.04227410 0.99771589
vn 0.00001982 -0.66812676 0.74404752
vn -0.00194664 -0.66598558 0.74596214
vn -0.00019604 -0.61404818 0.78926855
vn 0.00224984 -0.61580384 0.78789634
vn -0.00050990 -0.64150023 0.76712275
vn 0.00167610 -0.64345068 0.76548582
vn -0.00037148 -0.91143477 0.41144446
vn -0.01696981 -0.91519135 0.40266225
vn -0.00005739 -0.92323607 -0.38423324
vn -0.02837016 -0.91304410 -0.40687317
vn -0.15376794 -0.89632547 -0.41587991
vn -0.07242434 -0.90183794 0.42596129
vn -0.11742658 -0.84952098 0.51432008
vn -0.32609254 -0.88839561 -0.32313621
vn 0.00344793 -0.62809038 0.77813280
vn -0.00076741 -0.63899755 0.76920843
vn 0.00508786 -0.62571740 0.78003329
vn 0.00388908 -0.62054425 0.78416187
vn -0.00727332 -0.65870380 0.75236726
vn -0.00387282 -0.66179299 0.74967670
vn 0.20245671 0.18142058 0.96233982
vn 0.11761428 0.08120917 0.98973328
vn 0.26115400 0.86332697 0.43181616
vn 0.17632578 0.84647059 0.50239110
vn 0.26302883 0.89304674 0.36508006
vn 0.18268070 0.89810872 0.40003568
vn 0.26685765 0.89207393 0.36467946
vn 0.18860608 0.89968538 0.39369285
vn 0.27204210 0.88409692 0.37995499
vn 0.19325700 0.89487255 0.40231189
vn 0.26503465 0.92714256 0.26488355
vn 0.18756279 0.93001944 0.31604451
vn 0.14661248 0.92336774 -0.35481951
vn 0.11112820 0.95206636 -0.28499165
vn -0.11739892 0.33342004 -0.93544036
vn -0.04758035 0.38368401 -0.92223787
vn -0.31845701 -0.57133508 -0.75641352
vn -0.13890027 -0.55807871 -0.81808001
vn -0.14210874 -0.77989185 -0.60956854
vn -0.15588450 0.37020394 -0.91577792
vn 0.17368171 0.87512994 -0.45164406
vn 0.19536279 0.83279145 -0.51796901
vn 0.46643126 0.87822682 0.10563879
vn 0.53963482 0.84064513 0.04593476
vn 0.58995205 0.77213836 0.23613337
vn 0.65745461 0.73080200 0.18352629
vn 0.65059906 0.73880965 0.17573035
vn 0.70486122 0.69896513 0.12090653
vn 0.70095426 0.70233369 0.12405881
vn 0.74653572 0.66206235 0.06601423
vn 0.73430741 0.67612457 0.06040100
vn 0.77411926 0.63290685 -0.01297293
vn 0.83754468 0.29654658 0.45888889
vn 0.89254260 0.30248955 0.33446655
vn 0.92375737 0.28091761 0.26030308
vn 0.85564756 0.50234592 -0.12456274
vn 0.94557971 0.23213820 0.22801507
vn 0.17190471 -0.56211096 0.80899942
vn 0.22049373 -0.55326343 0.80329454
vn 0.25108784 -0.55336076 0.79419565
vn 0.95874363 0.20488402 0.19706161
vn 0.32267851 -0.53195947 0.78287786
vn -0.01421720 -0.64310050 0.76564980
vn -0.00768830 -0.64030343 0.76808357
vn -0.00817269 -0.63531584 0.77220917
vn 0.44037145 -0.66479552 0.60342360
vn 0.01270505 -0.80636340 0.59128392
vn 0.00566529 -0.63607085 0.77160990
vn 0.00599689 -0.63272750 0.77435136
vn 0.87340540 0.46840581 -0.13326328
vn 0.00626197 -0.63558459 0.77200592
vn -0.01393472 -0.64196026 0.76661128
vn 0.11162447 -0.58281082 0.80490470
vn 0.76166695 0.27261707 0.58782947
vn 0.69522953 0.70709401 0.12912813
vn 0.64670974 0.74242008 0.17486870
vn 0.58507955 0.77886409 0.22594863
vn 0.50553930 0.81407768 0.28584537
vn 0.36540821 0.91298455 0.18148300
vn 0.38685933 0.85788745 0.33818501
vn 0.38295552 0.86572164 0.32229054
vn 0.50252986 0.82079422 0.27158898
vn 0.50198472 0.82305205 0.26570046
vn 0.58274764 0.78186643 0.22156279
vn 0.38117361 0.86805451 0.31810081
vn 0.38521120 0.84431636 0.37248129
vn 0.50799203 0.80334961 0.31076285
vn 0.31932536 0.19767664 0.92679840
vn 0.43693802 0.18230081 0.88082439
vn -0.01089100 -0.65656728 0.75418884
vn -0.00674560 -0.64937210 0.76044095
vn 0.00414213 -0.63098812 0.77578151
vn 0.00170745 -0.63564980 0.77197570
vn 0.00998633 -0.62265438 0.78243333
vn 0.01375115 -0.62239146 0.78258538
vn -0.12415119 -0.79329830 0.59604055
vn -0.12075488 -0.75856698 0.64030808
vn -0.49834481 -0.86261863 -0.08684207
vn -0.11604748 -0.73505133 0.66800636
vn -0.54420823 -0.83894974 -0.00086595
vn -0.43563622 -0.88072670 -0.18585375
vn -0.00005739 -0.92323607 -0.38423324
vn -0.02837016 -0.91304410 -0.40687317
vn -0.00001825 -0.78729755 -0.61657327
vn -0.15376794 -0.89632547 -0.41587991
vn -0.35099986 -0.73604971 -0.57881773
vn -0.32609254 -0.88839561 -0.32313621
vn -0.43563622 -0.88072670 -0.18585375
vn -0.48700374 -0.70201135 -0.51962245
vn -0.49004927 -0.68381822 -0.54059643
vn -0.57181972 -0.67283928 -0.46937156
vn -0.57516265 -0.64623559 -0.50156510
vn -0.57567775 -0.63846475 -0.51084054
vn -0.65008926 -0.60360342 -0.46157014
vn -0.64849365 -0.59589773 -0.47366858
vn -0.64659113 -0.59615791 -0.47593677
vn -0.68092966 -0.57023877 -0.45952424
vn -0.67646682 -0.57148331 -0.46454230
vn -0.64545393 -0.35739392 -0.67502511
vn -0.70120019 -0.54790956 -0.45619455
vn -0.69639438 -0.42766103 -0.57631677
vn -0.34868029 0.30250445 -0.88708127
vn -0.77178246 -0.45466283 -0.44456005
vn -0.53872049 0.12445538 -0.83324134
vn 0.20697956 0.72636902 -0.65539873
vn -0.70447934 -0.02813711 -0.70916659
vn 0.18502711 0.69211292 -0.69767094
vn 0.72269851 0.66961187 -0.17125075
vn 0.14565031 0.66760588 -0.73012906
vn 0.75455230 0.62219387 -0.20862789
vn 0.83016270 0.55470669 -0.05595031
vn -0.82121128 -0.08432804 -0.56435883
vn -0.88864958 -0.35232839 -0.29354164
vn -0.83276284 -0.42171496 -0.35869572
vn -0.88846153 -0.35215759 -0.29431486
vn -0.83278126 -0.42416215 -0.35575551
vn -0.76816833 -0.49024534 -0.41179717
vn -0.83303100 -0.42393324 -0.35544336
vn -0.76872987 -0.48999009 -0.41105253
vn -0.70553249 -0.54578751 -0.45203975
vn -0.76865256 -0.48506269 -0.41699821
vn -0.71206248 -0.54009312 -0.44862741
vn -0.68770146 -0.57137507 -0.44788083
vn -0.72197682 -0.57483149 -0.38512120
vn -0.69167918 -0.61135870 -0.38447422
vn -0.64708489 -0.63786453 -0.41762435
vn -0.56554371 -0.82106596 0.07753109
vn -0.54420823 -0.83894974 -0.00086595
vn -0.49834481 -0.86261863 -0.08684207
vn -0.77243310 -0.50692493 -0.38258889
vn -0.59196055 -0.79744053 0.11692431
vn -0.63514501 -0.76131815 0.13032852
vn -0.67594135 -0.71758610 0.16784951
vn -0.83281618 -0.43015397 -0.34840328
vn -0.70525253 -0.66875488 0.23534212
vn -0.88699836 -0.35604417 -0.29405177
vn -0.83255643 -0.42010623 -0.36105478
vn -0.88737917 -0.35116270 -0.29873574
vn -0.88813984 -0.35238475 -0.29501301
vn 0.58742523 0.76823348 0.25445837
vn 0.64703298 0.73690695 0.19574605
vn 0.60550350 0.21309102 0.76678407
vn 0.68450207 0.24191052 0.68770367
vn 0.03742416 -0.61354893 0.78876942
vn 0.06485658 -0.60183501 0.79598266
vn -0.00259847 -0.63928849 0.76896268
vn -0.00634811 -0.63976121 0.76854759
vn 0.01522512 -0.63106972 0.77557671
vn 0.00922624 -0.63456690 0.77281290
vn -0.06987225 -0.66401923 0.74444366
vn -0.06487221 -0.65615416 0.75183338
vn -0.07864384 -0.65493059 0.75158578
vn -0.15050317 -0.65457976 0.74086040
vn -0.72487855 -0.61948842 0.30130592
vn -0.75117934 -0.56321716 0.34426177
vn -0.79547793 -0.49720368 0.34641504
vn 0.01961079 -0.62634838 0.77929658
vn -0.00270526 -0.63993496 0.76842433
vn 0.02106408 -0.62256867 0.78228164
vn 0.52749962 0.19079731 0.82785302
vn 0.00560949 -0.63565940 0.77194935
vn -0.00179121 -0.63914901 0.76908088
vn -0.00361605 -0.64064544 0.76782835
vn 0.01519028 -0.62449694 0.78087956
vn 0.01800516 -0.62421769 0.78104293
vn -0.10410567 -0.70034343 0.70617354
vn -0.09136487 -0.68731117 0.72059411
vn -0.07865623 -0.67602628 0.73266751
vn -0.63514501 -0.76131815 0.13032852
vn -0.67594135 -0.71758610 0.16784951
vn -0.70525253 -0.66875488 0.23534212
vn -0.59196055 -0.79744053 0.11692431
vn -0.11067943 -0.71664989 0.68859494
vn -0.56554371 -0.82106596 0.07753109
vn 0.01513228 -0.62395978 0.78130996
vn 0.51473159 -0.84954327 0.11544564
vn 0.01142508 -0.99555749 0.09346081
vn -0.00768089 -0.93804228 -0.34643582
vn 0.34077057 -0.85805976 -0.38419908
vn -0.00768089 -0.93804228 -0.34643582
vn 0.99329484 -0.08854316 -0.07433410
vn 0.97279936 -0.16612305 -0.16144520
vn 0.93924022 -0.28225043 -0.19535242
vn 0.99401551 -0.08159902 -0.07262806
vn 0.98349369 -0.13384216 -0.12176399
vn 0.98322058 -0.14093453 -0.11582234
vn 0.98179978 -0.14563881 -0.12189554
vn 0.28060123 -0.75279897 -0.59544671
vn 0.31820020 -0.92304093 -0.21620375
vn -0.09602548 -0.74996412 -0.65447152
vn -0.00938239 -0.99103403 -0.13327987
vn -0.02201012 -0.86623895 0.49914491
vn -0.01126369 -0.99559718 0.09305578
vn -0.01062043 -0.80714220 0.59026164
vn 0.01297842 -0.63617361 0.77143681
vn -0.00327434 -0.63239747 0.77463722
vn 0.14822300 -0.65373731 0.74206305
vn 0.27089205 -0.87443388 0.40247110
vn 0.87205434 -0.46967041 0.13759004
vn 0.92216659 -0.36322069 -0.13296425
vn 0.99204993 -0.07211779 -0.10313085
vn 0.79391617 -0.49906579 0.34731907
vn 0.98050207 -0.13841751 -0.13948600
vn 0.98076183 -0.15082121 -0.12393216
vn 0.99376863 -0.08090618 -0.07666928
vn 0.74851400 -0.56579787 0.34583181
vn 0.96191990 -0.20378299 -0.18216082
vn 0.93088853 -0.27776223 -0.23726518
vn 0.72400767 -0.61929506 0.30378717
vn 0.93105733 -0.28029111 -0.23360045
vn 0.96191704 -0.21063219 -0.17421193
vn 0.93202180 -0.27826482 -0.23217253
vn 0.96301985 -0.20700361 -0.17245951
vn 0.93316311 -0.27638367 -0.22982328
vn 0.96467006 -0.20293711 -0.16801271
vn 0.93498367 -0.27304178 -0.22639297
vn 0.96819693 -0.19442350 -0.15746205
vn 0.88447297 -0.05024322 -0.46387851
vn 0.88165724 0.05085573 -0.46914199
vn 0.64070308 0.00368065 -0.76777995
vn -0.12338699 0.66742963 -0.73437959
vn -0.13463487 0.64326584 -0.75371248
vn -0.17918642 0.32154632 -0.92978507
vn -0.17746471 -0.29947481 -0.93745458
vn 0.40719563 -0.36877126 -0.83558333
vn -0.76517385 0.43685463 -0.47293454
vn -0.68208438 0.00628195 -0.73124653
vn -0.67783439 -0.27771100 -0.68074751
vn -0.86456400 0.47984272 -0.14926498
vn -0.88307005 0.43849599 -0.16705881
vn -0.87678528 0.44379428 -0.18518712
vn -0.88582855 0.42806667 -0.17907205
vn -0.88630748 0.43395334 -0.16168979
vn -0.87174749 0.47261932 -0.12917916
vn -0.85869068 0.48719364 -0.15903701
vn -0.87541676 0.44599590 -0.18636836
vn -0.87895960 0.44983187 -0.15837102
vn -0.97824430 -0.11135278 -0.17503908
vn -0.98684746 0.11507107 0.11353751
vn -0.84973252 0.50986755 -0.13412580
vn -0.79303914 0.55872566 -0.24272339
vn -0.77564400 0.58637220 -0.23354688
vn -0.84269023 0.52777749 -0.10641496
vn -0.83679736 0.53752476 -0.10410242
vn -0.84662181 0.51459199 -0.13574460
vn -0.83834469 0.53719431 -0.09273902
vn -0.85547042 0.50502306 -0.11455207
vn -0.83262330 0.54366797 -0.10565841
vn -0.80804855 0.58469188 -0.07206311
vn -0.81878000 0.57123917 -0.05731595
vn -0.78787357 0.61583656 -0.00080001
vn -0.82120901 0.56728035 -0.06171617
vn -0.79313254 0.60902542 -0.00537940
vn -0.75225037 0.65610284 0.06040305
vn -0.80507231 0.59314334 0.00628883
vn -0.76300424 0.64237344 0.07197895
vn -0.71315849 0.68876493 0.13041402
vn -0.67892879 0.72345150 -0.12519443
vn -0.63660175 0.76783413 -0.07189594
vn -0.59352028 0.80469310 -0.01424020
vn -0.21079287 0.75387734 -0.62228239
vn -0.21249764 0.77708846 -0.59243429
vn -0.20946297 0.80333805 -0.55747050
vn 0.22667669 0.41059572 -0.88319248
vn 0.18249309 0.44192806 -0.87829149
vn 0.16751562 0.41974747 -0.89204860
vn 0.60761964 -0.34517980 -0.71529663
vn 0.54424411 -0.40724492 -0.73345071
vn 0.46039605 -0.49546552 -0.73657960
vn 0.57488239 -0.64077294 -0.50884217
vn 0.48268658 -0.68830860 -0.54152095
vn 0.32922313 -0.74525332 -0.57983595
vn 0.48759404 -0.68155706 -0.54564828
vn 0.33804488 -0.73848432 -0.58340943
vn 0.14529619 -0.77874774 -0.61027950
vn 0.34784266 -0.73429054 -0.58294338
vn 0.15009692 -0.77654332 -0.61192441
vn 0.01805130 -0.78591585 -0.61806995
vn 0.15470868 -0.76941186 -0.61973435
vn 0.02057457 -0.78301501 -0.62166256
vn 0.01917038 -0.78472871 -0.61954290
vn 0.02080083 -0.78607655 -0.61777908
vn 0.01918332 -0.46809107 -0.88347203
vn 0.00467794 0.47159499 -0.88180286
vn -0.06122895 0.96031588 -0.27211118
vn -0.10400155 0.93734765 0.33251026
vn -0.10746980 0.90192980 0.41829774
vn -0.10262980 0.90132982 0.42079896
vn -0.09665960 0.89698017 0.43137407
vn -0.09207486 0.81207043 0.57624984
vn -0.05303268 -0.04424224 0.99761224
vn 0.00183983 -0.66605467 0.74590069
vn -0.00225115 -0.61720282 0.78680086
vn -0.00158241 -0.64277023 0.76605743
vn 0.01750751 -0.91391134 0.40553623
vn 0.02866922 -0.91234827 -0.40841001
vn 0.15333445 -0.89580268 -0.41716444
vn 0.07147967 -0.90126425 0.42733294
vn 0.11846264 -0.85402620 0.50656289
vn 0.32251915 -0.89085728 -0.31992939
vn -0.00179300 -0.63013512 0.77648348
vn 0.00083711 -0.63913709 0.76909244
vn -0.00479296 -0.62548465 0.78022182
vn -0.00330638 -0.62153685 0.78337801
vn 0.00731301 -0.65786129 0.75310361
vn 0.00396237 -0.66131914 0.75009418
vn -0.20116857 0.18207830 0.96248573
vn -0.11846876 0.08107302 0.98964256
vn -0.26046479 0.86282277 0.43323785
vn -0.17662750 0.84574479 0.50350624
vn -0.26279154 0.89319950 0.36487719
vn -0.18271270 0.89803392 0.40018901
vn -0.26690465 0.89209425 0.36459532
vn -0.18854788 0.89969975 0.39368778
vn -0.27205765 0.88400531 0.38015690
vn -0.19319755 0.89488268 0.40231791
vn -0.26496688 0.92719299 0.26477501
vn -0.18737848 0.93010515 0.31590164
vn -0.14616901 0.92307425 -0.35576475
vn -0.11108127 0.95200109 -0.28522784
vn 0.11674605 0.33355233 -0.93547487
vn 0.04708762 0.38542745 -0.92153591
vn 0.31722635 -0.57176840 -0.75660318
vn 0.13901013 -0.55849487 -0.81777728
vn 0.14217468 -0.78057617 -0.60867667
vn 0.15676944 0.36841637 -0.91634750
vn -0.17315346 0.87476063 -0.45256138
vn -0.19547118 0.83262628 -0.51819360
vn -0.46660048 0.87816364 0.10541640
vn -0.53943807 0.84078074 0.04576511
vn -0.58995736 0.77212441 0.23616599
vn -0.65747452 0.73073262 0.18373111
vn -0.65060288 0.73881358 0.17569999
vn -0.70486760 0.69896668 0.12086105
vn -0.70093286 0.70206422 0.12569419
vn -0.74653065 0.66206187 0.06607649
vn -0.73423505 0.67616284 0.06085015
vn -0.77408946 0.63294810 -0.01273630
vn -0.83757436 0.29385161 0.46056533
vn -0.89328605 0.29836369 0.33618325
vn -0.92344993 0.27837864 0.26409411
vn -0.85456753 0.50395310 -0.12548165
vn -0.94390857 0.23495623 0.23201762
vn -0.17083713 -0.56510550 0.80713725
vn -0.21900895 -0.55276299 0.80404490
vn -0.24925931 -0.54914302 0.79769158
vn -0.95879310 0.20651859 0.19510467
vn -0.32102978 -0.53319269 0.78271669
vn 0.00195076 -0.63861930 0.76952034
vn 0.00583570 -0.63781959 0.77016377
vn 0.01297842 -0.63617361 0.77143681
vn -0.44264609 -0.66597092 0.60045588
vn -0.01062043 -0.80714220 0.59026164
vn -0.00026697 -0.63724118 0.77066439
vn -0.00327434 -0.63239747 0.77463722
vn -0.87102807 0.47149876 -0.13783728
vn -0.00097054 -0.63780022 0.77020127
vn 0.00320933 -0.63873756 0.76941800
vn -0.10910060 -0.58553207 0.80327410
vn -0.76061046 0.27142358 0.58974659
vn -0.69443208 0.70779061 0.12960178
vn -0.64732581 0.74099565 0.17859131
vn -0.58507818 0.77886128 0.22596155
vn -0.50559801 0.81401622 0.28591645
vn -0.36548224 0.91295052 0.18150514
vn -0.38685516 0.85778600 0.33844692
vn -0.38300049 0.86569279 0.32231450
vn -0.50252205 0.82077080 0.27167431
vn -0.50280917 0.82196420 0.26750290
vn -0.58394277 0.77997249 0.22506402
vn -0.38173756 0.86785883 0.31795833
vn -0.38582346 0.84448659 0.37146014
vn -0.50802690 0.80484384 0.30681455
vn -0.31891993 0.19755100 0.92696482
vn -0.43712839 0.18536872 0.88008934
vn 0.01187311 -0.65825945 0.75269759
vn 0.01040951 -0.65351105 0.75684541
vn -0.00568808 -0.62973052 0.77679288
vn -0.00304704 -0.63463628 0.77280498
vn -0.00836188 -0.62628174 0.77955192
vn -0.01180621 -0.62576103 0.77992558
vn 0.12978584 -0.80128497 0.58403599
vn 0.12595287 -0.76252687 0.63457757
vn 0.49951345 -0.86230367 -0.08317916
vn 0.12061371 -0.73582697 0.66634160
vn 0.54518479 -0.83831388 0.00186834
vn 0.43320817 -0.88291746 -0.18107316
vn 0.11446271 -0.72002280 0.68444538
vn -0.01295855 -0.62425405 0.78111398
vn -0.01560542 -0.62431997 0.78101283
vn -0.01603444 -0.62697440 0.77887487
vn 0.00064688 -0.63857871 0.76955628
vn 0.00127171 -0.63838691 0.76971459
vn -0.01606937 -0.62790275 0.77812588
vn 0.00026894 -0.63736790 0.77055961
vn 0.00068276 -0.64187104 0.76681238
vn -0.52915782 0.19641902 0.82547665
vn -0.58669072 0.77074754 0.24847996
vn -0.64573580 0.73896837 0.19222656
vn -0.60947293 0.21851365 0.76209879
vn -0.68514621 0.24360445 0.68646312
vn -0.03601920 -0.61529434 0.78747416
vn -0.06270456 -0.60296887 0.79529661
vn 0.00018929 -0.63788962 0.77012777
vn 0.00166595 -0.63788623 0.77012885
vn -0.01230020 -0.63189179 0.77495909
vn -0.00705406 -0.63575709 0.77185702
vn 0.06759417 -0.66378403 0.74486369
vn 0.05900316 -0.65528083 0.75307751
vn 0.07307910 -0.65401578 0.75294280
vn 0.14822300 -0.65373731 0.74206305
vn 0.72400767 -0.61929506 0.30378717
vn 0.74851400 -0.56579787 0.34583181
vn 0.79391617 -0.49906579 0.34731907
vn -0.01445432 -0.62918258 0.77712315
vn 0.10780832 -0.70524478 0.70071906
vn 0.09602405 -0.68839931 0.71894771
vn 0.08091300 -0.67512941 0.73324859
vn 0.63347852 -0.76161170 0.13657436
vn 0.67645407 -0.71662194 0.16989094
vn 0.70590901 -0.66807860 0.23529458
vn 0.58786780 -0.79976654 0.12159351
vn 0.56351006 -0.82228661 0.07938032
vn 0.02866922 -0.91234827 -0.40841001
vn 0.15333445 -0.89580268 -0.41716444
vn 0.35055193 -0.73774523 -0.57692754
vn 0.32251915 -0.89085728 -0.31992939
vn 0.43320817 -0.88291746 -0.18107316
vn 0.48590967 -0.70603764 -0.51517260
vn 0.48980859 -0.68376106 -0.54088664
vn 0.57221502 -0.67554712 -0.46497974
vn 0.57529354 -0.64669871 -0.50081754
vn 0.57591510 -0.63828850 -0.51079309
vn 0.65052867 -0.60366070 -0.46087545
vn 0.64874691 -0.59571111 -0.47355649
vn 0.64700413 -0.59637249 -0.47510579
vn 0.68068385 -0.57059228 -0.45944959
vn 0.67616165 -0.57202905 -0.46431485
vn 0.64479303 -0.35749063 -0.67560524
vn 0.70080912 -0.54818326 -0.45646656
vn 0.69598848 -0.42774111 -0.57674742
vn 0.34692496 0.30413282 -0.88721269
vn 0.77159524 -0.45425919 -0.44529706
vn 0.53786159 0.12502161 -0.83371133
vn -0.20573007 0.72614396 -0.65604132
vn 0.70334536 -0.02709741 -0.71033162
vn -0.18316628 0.69102901 -0.69923460
vn -0.72250468 0.66976261 -0.17147928
vn -0.14427854 0.66714758 -0.73082000
vn -0.75354630 0.62280035 -0.21044661
vn -0.83030158 0.55455184 -0.05542171
vn 0.82096630 -0.08314908 -0.56488991
vn 0.88870496 -0.35213414 -0.29360712
vn 0.83277053 -0.42087984 -0.35965738
vn 0.88844174 -0.35215417 -0.29437858
vn 0.83279163 -0.42417166 -0.35571975
vn 0.76815850 -0.49023914 -0.41182303
vn 0.83303767 -0.42390427 -0.35546231
vn 0.76877505 -0.49000537 -0.41094968
vn 0.70522147 -0.54623348 -0.45198634
vn 0.76844186 -0.48507038 -0.41737744
vn 0.71170968 -0.53950882 -0.44988844
vn 0.68765068 -0.57092857 -0.44852772
vn 0.72125858 -0.57792491 -0.38182315
vn 0.69144869 -0.61319596 -0.38195494
vn 0.64801061 -0.63865197 -0.41497698
vn 0.56351006 -0.82228661 0.07938032
vn 0.54518479 -0.83831388 0.00186834
vn 0.49951345 -0.86230367 -0.08317916
vn 0.77219492 -0.50888127 -0.38046682
vn 0.58786780 -0.79976654 0.12159351
vn 0.63347852 -0.76161170 0.13657436
vn 0.67645407 -0.71662194 0.16989094
vn 0.83284354 -0.43048337 -0.34793067
vn 0.70590901 -0.66807860 0.23529458
vn 0.88711995 -0.35488516 -0.29508433
vn 0.83253676 -0.42066106 -0.36045378
vn 0.88733268 -0.35199070 -0.29789811
vn 0.88812262 -0.35242230 -0.29502001
vn -0.51506203 -0.84940737 0.11497045
vn -0.01126369 -0.99559718 0.09305578
vn 0.00995316 -0.93698370 -0.34923136
vn -0.34058934 -0.85709280 -0.38651118
vn 0.00995316 -0.93698370 -0.34923136
vn 0.22620821 -0.91790730 0.32600012
vn 0.32680276 -0.82755595 0.45645490
vn 0.38303882 -0.84293258 0.37781742
vn 0.23489830 -0.94474351 0.22865368
vn 0.09748461 -0.98524100 0.14070156
vn 0.13806297 -0.94548953 0.29493773
vn 0.23023857 -0.85000211 0.47380027
vn 0.04457214 -0.99298918 0.10947996
vn 0.08499654 -0.99363983 0.07386138
vn 0.02336184 -0.99912935 0.03456684
vn 0.00665922 -0.99978441 0.01966945
vn 0.01341429 -0.99985003 0.01095157
vn 0.00182062 -0.99999380 0.00302343
vn -0.00000169 -0.99999857 0.00168985
vn -0.00000075 -1.00000000 0.00005655
vn 0.00058370 -0.99999976 0.00045255
vn 0.00000000 -1.00000000 -0.00000000
vn 0.00021816 -1.00000000 0.00015605
vn 0.00000000 -1.00000000 -0.00000000
vn 0.00008011 -1.00000000 0.00005337
vn 0.00000000 -1.00000000 -0.00000152
vn 0.00006467 -1.00000000 -0.00002733
vn 0.00000021 -1.00000000 -0.00006022
vn 0.00030598 -0.99999994 -0.00033600
vn 0.00000087 -0.99999797 -0.00204572
vn 0.00190327 -0.99999201 -0.00352469
vn 0.00960692 -0.99960572 -0.02638410
vn 0.01155500 -0.99986529 -0.01166048
vn 0.03105542 -0.99845254 -0.04613153
vn 0.07438241 -0.98643494 -0.14633317
vn 0.09478255 -0.99148417 -0.08930564
vn 0.14792264 -0.97037649 -0.19101942
vn 0.14005214 -0.93773031 -0.31787938
vn 0.22416924 -0.91069233 -0.34696925
vn 0.30693978 -0.80890924 -0.50145179
vn 0.20821722 -0.84251714 -0.49680024
vn 0.10593951 -0.86535054 -0.48984218
vn 0.26389787 -0.71493345 -0.64747822
vn 0.13926817 -0.73741627 -0.66092485
vn 0.00000413 -0.74624878 -0.66566718
vn 0.00000474 -0.58671367 -0.80979449
vn 0.16052531 -0.58004361 -0.79861194
vn 0.00000502 -0.41242760 -0.91099042
vn 0.16641560 -0.40875047 -0.89734548
vn 0.00000576 -0.24110422 -0.97049922
vn 0.15932029 -0.24030890 -0.95753264
vn -0.00000524 -0.08549447 -0.99633873
vn 0.14684598 -0.08608433 -0.98540640
vn -0.00000679 0.06190040 -0.99808234
vn 0.13802892 0.06167637 -0.98850596
vn -0.00000428 0.21835974 -0.97586834
vn 0.13486615 0.21718009 -0.96676987
vn -0.00000368 0.37741721 -0.92604333
vn 0.13112006 0.37320468 -0.91843665
vn -0.00000283 0.51393050 -0.85783184
vn 0.12411802 0.50813532 -0.85228711
vn 0.00000334 0.61983395 -0.78473306
vn 0.11614959 0.61416972 -0.78057981
vn 0.22220790 0.60229248 -0.76672512
vn 0.23147787 0.49348000 -0.83838868
vn 0.31280118 0.58459830 -0.74859887
vn 0.32199377 0.47368494 -0.81972104
vn 0.40467095 0.45082411 -0.79561239
vn 0.39937228 0.54962921 -0.73376393
vn 0.41147086 0.62070709 -0.66739374
vn 0.49183178 0.50624818 -0.70838851
vn 0.51694387 0.55333644 -0.65313691
vn 0.44994095 0.67379445 -0.58613503
vn 0.54827172 0.59679645 -0.58586025
vn 0.58332413 0.63758194 -0.50321203
vn 0.49986294 0.71660227 -0.48643425
vn 0.39947921 0.79299289 -0.45997676
vn 0.44087756 0.82284522 -0.35854256
vn 0.53720909 0.74844152 -0.38889816
vn 0.56102633 0.77409977 -0.29328996
vn 0.45479381 0.85062969 -0.26380268
vn 0.33056179 0.91556877 -0.22904755
vn 0.45693362 0.87398124 -0.16543423
vn 0.32095274 0.93528789 -0.14908384
vn 0.22074345 0.95403033 -0.20272756
vn 0.21920258 0.96550560 -0.14053197
vn 0.14520670 0.96925277 -0.19865580
vn 0.15174726 0.97791958 -0.14368753
vn 0.10383190 0.98311687 -0.15066567
vn 0.09788168 0.97333539 -0.20745464
vn 0.05257872 0.97516668 -0.21514079
vn 0.05446308 0.98636317 -0.15531096
vn -0.00000631 0.98765093 -0.15667066
vn -0.00000409 0.99561006 -0.09359883
vn 0.05086848 0.99426746 -0.09404603
vn -0.00000102 0.99954218 -0.03025686
vn 0.04358812 0.99857581 -0.03076617
vn -0.00000041 0.99964762 0.02654603
vn 0.03980543 0.99882883 0.02750456
vn 0.00000000 0.99623930 0.08664475
vn 0.04299436 0.99522960 0.08757651
vn 0.05096372 0.98419076 0.16962098
vn -0.00000209 0.98530048 0.17083055
vn -0.00000308 0.97601658 -0.21769617
vn 0.05001530 0.95765316 -0.28354698
vn 0.00000126 0.95817894 -0.28616980
vn 0.00000156 0.92512828 -0.37965456
vn 0.05405408 0.92439473 -0.37758791
vn 0.06656844 0.86798859 -0.49210212
vn -0.00000216 0.86898261 -0.49484274
vn 0.09310845 0.95642060 -0.27674979
vn 0.13694206 0.95436996 -0.26537699
vn 0.16185229 0.91128063 -0.37864438
vn 0.22027355 0.90745562 -0.35777631
vn 0.22232144 0.93698353 -0.26950902
vn 0.33650041 0.88736665 -0.31519499
vn 0.30679670 0.85288507 -0.42244881
vn 0.24440777 0.83397508 -0.49472263
vn 0.11102618 0.91909784 -0.37806407
vn 0.13480745 0.86544299 -0.48253018
vn 0.24673128 0.77202493 -0.58574843
vn 0.16344136 0.78262091 -0.60065925
vn 0.31374532 0.67816925 -0.66456789
vn 0.20549893 0.68576080 -0.69821376
vn 0.35772100 0.74763548 -0.55953276
vn 0.10399622 0.70342290 -0.70312238
vn 0.08504485 0.79047841 -0.60655695
vn 0.00000282 0.70872790 -0.70548201
vn -0.00000331 0.79328746 -0.60884732
vn -0.10399101 0.70342070 -0.70312530
vn -0.11614466 0.61417353 -0.78057760
vn -0.22220740 0.60229427 -0.76672393
vn -0.12412468 0.50813997 -0.85228336
vn -0.23147999 0.49348205 -0.83838683
vn -0.31280422 0.58460546 -0.74859202
vn -0.32199812 0.47368982 -0.81971651
vn -0.40467134 0.45083827 -0.79560417
vn -0.39937475 0.54964387 -0.73375160
vn -0.41146696 0.62071311 -0.66739058
vn -0.49183756 0.50625128 -0.70838231
vn -0.51695627 0.55333281 -0.65313029
vn -0.44994023 0.67379373 -0.58613640
vn -0.54827821 0.59679097 -0.58585972
vn -0.58332819 0.63757575 -0.50321519
vn -0.49986258 0.71660304 -0.48643354
vn -0.39947960 0.79299301 -0.45997626
vn -0.44087288 0.82284802 -0.35854185
vn -0.53720540 0.74844444 -0.38889769
vn -0.56102276 0.77410078 -0.29329431
vn -0.45479199 0.85062867 -0.26380906
vn -0.33055475 0.91557109 -0.22904849
vn -0.45692447 0.87398416 -0.16544409
vn -0.32094523 0.93529063 -0.14908272
vn -0.22074488 0.95402950 -0.20272993
vn -0.21920416 0.96550524 -0.14053173
vn -0.14520712 0.96925217 -0.19865866
vn -0.15175076 0.97791868 -0.14368999
vn -0.10383876 0.98311621 -0.15066577
vn -0.09788321 0.97333491 -0.20745614
vn -0.05258189 0.97516602 -0.21514283
vn -0.05447224 0.98636299 -0.15530904
vn -0.05087647 0.99426705 -0.09404578
vn -0.04359042 0.99857575 -0.03076400
vn -0.03980514 0.99882883 0.02750550
vn -0.04299451 0.99522978 0.08757399
vn -0.05096653 0.98419100 0.16961868
vn -0.05001311 0.95765269 -0.28354913
vn -0.05405178 0.92439580 -0.37758553
vn -0.06657150 0.86798954 -0.49210006
vn -0.09310803 0.95642048 -0.27675042
vn -0.13694195 0.95436966 -0.26537800
vn -0.16185193 0.91128063 -0.37864453
vn -0.22027203 0.90745592 -0.35777658
vn -0.22232080 0.93698353 -0.26950958
vn -0.33649385 0.88736987 -0.31519309
vn -0.30679271 0.85288692 -0.42244783
vn -0.24440363 0.83397919 -0.49471778
vn -0.11102561 0.91909820 -0.37806335
vn -0.13480508 0.86544448 -0.48252818
vn -0.24671999 0.77203721 -0.58573699
vn -0.16343348 0.78262484 -0.60065627
vn -0.31373844 0.67817777 -0.66456246
vn -0.20549496 0.68576163 -0.69821405
vn -0.35771936 0.74763656 -0.55953246
vn -0.08504737 0.79047662 -0.60655898
vn 0.99113065 0.10645568 0.07954397
vn 0.97490466 0.19320022 0.11061035
vn 0.96545815 0.25857487 0.03208854
vn 0.97916591 0.19974223 -0.03656800
vn 0.97801381 0.17463346 -0.11398338
vn 0.99557972 0.08886134 -0.03040873
vn 0.96254265 0.18028788 0.20250431
vn 0.97648150 0.07347275 0.20269616
vn 0.97602171 -0.01245688 0.21731673
vn 0.99186760 0.00035985 0.12727349
vn 0.99923748 0.00460626 0.03877193
vn 0.99336809 0.01467703 -0.11403710
vn 0.99671364 -0.08094121 -0.00322826
vn 0.98662806 -0.11156034 0.11882512
vn 0.87866271 0.44897291 0.16240440
vn 0.87747574 0.45350948 0.15609448
vn 0.46031564 0.86997676 0.17677657
vn 0.86295164 0.46395597 0.20014846
vn 0.44900641 0.88525593 0.12130685
vn 0.06993055 0.99697804 0.03382958
vn 0.42252249 0.89418203 0.14803125
vn 0.07125075 0.99711281 0.02625745
vn 0.00313783 0.99999261 0.00225005
vn 0.07136336 0.99681383 0.03562985
vn 0.00421822 0.99998915 0.00199775
vn 0.00091849 0.99999964 0.00021714
vn 0.00572632 0.99997735 0.00354713
vn 0.00146540 0.99999893 0.00040123
vn 0.04502288 0.99866414 0.02535768
vn 0.00237014 0.99999666 0.00107341
vn 0.04903021 0.99818963 0.03483567
vn 0.32282946 0.92851251 0.18342748
vn 0.31901664 0.91972297 0.22877507
vn 0.77323931 0.46349633 0.43274951
vn 0.73055774 0.44689915 0.51630086
vn 0.81840742 0.06876338 0.57050943
vn 0.68309999 0.39156803 0.61648113
vn 0.74606973 0.05795401 0.66334099
vn 0.75140345 0.00869806 0.65978575
vn 0.63501018 0.04429049 0.77123308
vn 0.64062530 0.00898705 0.76780105
vn 0.64658034 0.00826115 0.76280123
vn 0.47498715 0.00922391 0.87994438
vn 0.48138332 0.01001987 0.87645292
vn 0.29302591 0.00765658 0.95607388
vn 0.28942689 0.02811605 0.95678711
vn 0.46927017 0.03390843 0.88240343
vn 0.27947852 0.23055132 0.93206114
vn 0.44927797 0.25193983 0.85713220
vn 0.17308278 0.79505301 0.58132023
vn 0.27104184 0.80689007 0.52484739
vn 0.03791334 0.99119264 0.12688510
vn 0.06069204 0.99117613 0.11784063
vn 0.00322501 0.99995029 0.00944343
vn 0.00540741 0.99994254 0.00925982
vn 0.00601463 0.99983758 0.01699034
vn 0.00951751 0.99980944 0.01704379
vn 0.07918280 0.96369970 0.25497663
vn 0.10955349 0.96838433 0.22412035
vn 0.23656073 0.58400083 0.77651924
vn 0.33815402 0.62196451 0.70626634
vn 0.28422207 0.12502913 0.95057118
vn 0.41801333 0.15953395 0.89432317
vn 0.28100789 -0.01471435 0.95959270
vn 0.41155982 -0.00207940 0.91138041
vn 0.14487752 0.11334395 0.98293626
vn 0.14491111 -0.01352178 0.98935229
vn -0.00000477 -0.01081419 0.99994159
vn -0.00000640 0.11235926 0.99366766
vn 0.12165865 0.56548655 0.81573534
vn -0.00000356 0.56049460 0.82815814
vn 0.04128942 0.96122086 0.27267155
vn 0.00000657 0.96039176 0.27865335
vn 0.00281090 0.99985147 0.01700598
vn -0.00000028 0.99985224 0.01719215
vn 0.00128941 0.99996638 0.00810562
vn 0.00000014 0.99997175 0.00751529
vn 0.01696664 0.99230361 0.12266143
vn 0.00000300 0.99272013 0.12044411
vn 0.08252902 0.79921132 0.59535724
vn -0.00000098 0.80131972 0.59823632
vn 0.13480252 0.22996697 0.96381718
vn -0.00000347 0.23082934 0.97299427
vn 0.13904910 0.02674466 0.98992425
vn 0.00000534 0.02716470 0.99963099
vn 0.13990493 0.00651044 0.99014354
vn -0.00001175 0.00660292 0.99997824
vn 0.14129636 0.00862737 0.98992980
vn -0.00000607 0.00870277 0.99996221
vn 0.14218123 0.06100288 0.98795915
vn -0.00000535 0.06284089 0.99802357
vn 0.13582361 0.31236172 0.94020325
vn -0.00000427 0.31840131 0.94795603
vn 0.10826176 0.66173279 0.74188221
vn 0.00000505 0.66534132 0.74653941
vn 0.08303305 0.83994377 0.53628349
vn -0.00000221 0.83983850 0.54283637
vn 0.07094520 0.91342795 0.40076959
vn 0.00000090 0.91368973 0.40641242
vn 0.06079846 0.95857745 0.27826768
vn -0.00000247 0.95943874 0.28191727
vn 0.10057970 0.98072904 0.16749400
vn 0.12336478 0.95532805 0.26856935
vn 0.14853328 0.91147035 0.38361391
vn 0.18041486 0.94942015 0.25700563
vn 0.22367898 0.90627575 0.35865313
vn 0.17931597 0.83831316 0.51485622
vn 0.28385043 0.82904738 0.48177746
vn 0.29047814 0.89828062 0.32971874
vn 0.38533986 0.80878907 0.44426742
vn 0.23750265 0.65099150 0.72097343
vn 0.38986310 0.62551391 0.67582482
vn 0.53683770 0.57929403 0.61337090
vn 0.48179334 0.78150767 0.39638484
vn 0.65629494 0.52553767 0.54137534
vn 0.47513995 0.27170074 0.83691144
vn 0.63944042 0.23245098 0.73285913
vn 0.75337797 0.19419332 0.62826008
vn 0.74272317 0.48654917 0.46003500
vn 0.82874167 0.17072332 0.53295481
vn 0.65220487 0.04007822 0.75698256
vn 0.76203954 0.03253207 0.64671278
vn 0.83395761 0.03145759 0.55093116
vn 0.88436371 0.15854755 0.43904847
vn 0.88835120 0.03384166 0.45791587
vn 0.75644565 0.00694788 0.65401971
vn 0.82837713 0.00820409 0.56011075
vn 0.88324577 0.01178281 0.46876240
vn 0.93249255 0.03483305 0.35950565
vn 0.92801046 0.01680280 0.37217510
vn 0.82378876 0.00932187 0.56682026
vn 0.87891269 0.01060082 0.47686499
vn 0.92396575 0.01409874 0.38221538
vn 0.95963597 0.01574022 0.28080428
vn 0.95766300 0.01819699 0.28731596
vn 0.87350684 0.07144958 0.48154005
vn 0.91828263 0.07003893 0.38968146
vn 0.95225072 0.07199817 0.29670683
vn 0.95840204 0.00913643 0.28527546
vn 0.95951796 0.08358745 0.26895800
vn 0.81738698 0.45300752 0.35589719
vn 0.85502666 0.43727383 0.27878487
vn 0.87747496 0.41597819 0.23874624
vn 0.34268281 0.92692208 0.15291819
vn 0.36582991 0.92226529 0.12488066
vn 0.37626079 0.92067289 0.10387141
vn 0.33055845 0.92794132 0.17220923
vn 0.72454959 0.52204216 0.44999987
vn 0.23744647 0.73044139 0.64037073
vn 0.04990107 0.98574442 0.16067922
vn 0.04462184 0.99880612 0.01988092
vn 0.04441972 0.99888265 0.01613616
vn 0.03637950 0.99911171 0.02126956
vn 0.00013374 0.99999952 0.00104887
vn -0.00300694 0.99990153 0.01370629
vn -0.00805280 0.99081916 0.13495395
vn 0.01105997 0.81372565 0.58114398
vn -0.00205179 0.99989331 0.01446644
vn -0.01898458 0.99186748 0.12585114
vn -0.02999602 0.83283097 0.55271411
vn 0.04579796 0.36224920 0.93095547
vn 0.00485479 0.34608325 0.93819129
vn 0.06088784 0.08264734 0.99471712
vn 0.04873830 0.08093954 0.99552673
vn 0.20858170 0.03445226 0.97739798
vn 0.33988613 0.06014594 0.93854141
vn 0.36335537 0.29537880 0.88358605
vn 0.05206716 0.98902583 0.13826390
vn 0.06984649 0.84066844 0.53702712
vn 0.18662292 0.40886524 0.89330906
vn 0.24790171 0.21854413 0.94381315
vn 0.51492852 0.75215703 0.41122806
vn 0.63202518 0.52185762 0.57289517
vn 0.66759270 0.46765217 0.57932854
vn 0.25348702 0.15679441 0.95454693
vn 0.59009570 0.45963603 0.66371816
vn 0.87240511 0.46536672 0.14947656
vn 0.84042346 0.52989590 0.11357309
vn 0.78110582 0.60709351 0.14598340
vn 0.60214680 0.30934283 0.73602057
vn 0.73337966 0.61947620 0.28000635
vn 0.85810107 0.50524116 -0.09161846
vn 0.79046410 0.60430586 -0.09990454
vn 0.72675306 0.68418777 -0.06096837
vn 0.82107103 0.47495213 0.31664318
vn 0.69519144 0.71879518 -0.00651681
vn 0.78550065 0.58461463 -0.20301367
vn 0.71427667 0.67474782 -0.18580717
vn 0.65034455 0.74628198 -0.14182816
vn 0.56471902 0.82195419 -0.07405273
vn 0.67895061 0.73247892 0.05000772
vn 0.65623063 0.74254566 0.13411723
vn 0.51188797 0.85792887 0.04391789
vn 0.64598900 0.72905648 -0.22621867
vn 0.57007700 0.79973382 -0.18825006
vn 0.78317505 0.55632210 -0.27774557
vn 0.71114129 0.65236038 -0.26211458
vn 0.77670932 0.52298653 -0.35100982
vn 0.70408905 0.62285817 -0.34103721
vn 0.63681722 0.70214522 -0.31852156
vn 0.68517929 0.58928943 -0.42809743
vn 0.61449623 0.67308652 -0.41152033
vn 0.65745932 0.55368596 -0.51105690
vn 0.75944197 0.48852554 -0.42964023
vn 0.73350632 0.45538425 -0.50457281
vn 0.70695561 0.42469901 -0.56554800
vn 0.62897921 0.51857764 -0.57919115
vn 0.68275559 0.39306435 -0.61591005
vn 0.60372239 0.48510391 -0.63260853
vn 0.65551305 0.35294524 -0.66763192
vn 0.58222759 0.45200479 -0.67579788
vn 0.55467683 0.40529922 -0.72668165
vn 0.59667367 0.31322524 -0.73883051
vn 0.78674555 0.29622447 -0.54155570
vn 0.75681674 0.26321688 -0.59828538
vn 0.71153152 0.22852406 -0.66445440
vn 0.81554103 0.10832347 -0.56847066
vn 0.75914657 0.08155027 -0.64579105
vn 0.68056101 0.06300849 -0.72997725
vn 0.63882756 0.20247935 -0.74222744
vn 0.58448154 0.05712237 -0.80939388
vn 0.54572242 0.19813800 -0.81420422
vn 0.50601006 0.31797823 -0.80177534
vn 0.47954103 0.42859507 -0.76573277
vn 0.45057800 0.20494217 -0.86889476
vn 0.42299065 0.33654919 -0.84131658
vn 0.35661376 0.21096256 -0.91012168
vn 0.33869633 0.35101143 -0.87296957
vn 0.25476363 0.21461169 -0.94288784
vn 0.24482544 0.36328387 -0.89893568
vn 0.37545666 0.06082862 -0.92484176
vn 0.26391605 0.06143384 -0.96258724
vn 0.39810765 -0.08921389 -0.91299033
vn 0.27923384 -0.08745639 -0.95623219
vn 0.42094281 -0.23994169 -0.87477720
vn 0.29836378 -0.23956189 -0.92389888
vn 0.43184111 -0.39388552 -0.81139851
vn 0.30891985 -0.40132615 -0.86226785
vn 0.41837865 -0.54462290 -0.72687358
vn 0.29882526 -0.56422961 -0.76964182
vn 0.37546095 -0.68438429 -0.62501782
vn 0.52479440 -0.52486014 -0.67015874
vn 0.47999039 -0.65021592 -0.58892155
vn 0.40698159 -0.76475984 -0.49950823
vn 0.61511731 -0.51085049 -0.60055178
vn 0.57225239 -0.62603825 -0.52972001
vn 0.51238537 -0.72523308 -0.45988944
vn 0.42476496 -0.82391298 -0.37515625
vn 0.31632802 -0.87408841 -0.36865434
vn 0.26346448 -0.93468207 -0.23865457
vn 0.42972305 -0.85209763 -0.29877716
vn 0.56380820 -0.73355061 -0.37950486
vn 0.42972305 -0.85209763 -0.29877716
vn 0.68933308 -0.50612473 -0.51832199
vn 0.63831645 -0.62423736 -0.45042199
vn 0.75519991 -0.50696671 -0.41552120
vn 0.68828797 -0.63230747 -0.35559389
vn 0.58746970 -0.75106531 -0.30129769
vn 0.72887081 -0.63714349 -0.25059038
vn 0.61297083 -0.75978655 -0.21677476
vn 0.43545201 -0.88379002 -0.17116328
vn 0.43066058 -0.87041032 -0.23857354
vn 0.43066058 -0.87041032 -0.23857354
vn 0.23653960 -0.95840824 -0.15969579
vn 0.21400207 -0.97153330 -0.10161791
vn 0.43545201 -0.88379002 -0.17116328
vn 0.06265064 -0.99721885 -0.04036808
vn 0.19969450 -0.97831768 -0.05492430
vn 0.04581207 -0.99880278 -0.01715542
vn 0.00484941 -0.99998391 -0.00296739
vn 0.03959177 -0.99921018 -0.00339323
vn 0.00306634 -0.99999523 -0.00040790
vn 0.04075685 -0.99914092 0.00750577
vn 0.00337481 -0.99999380 0.00105415
vn 0.04717974 -0.99872661 0.01786867
vn 0.00507926 -0.99998379 0.00260485
vn 0.05731308 -0.99793273 0.02907750
vn 0.00819013 -0.99995470 0.00485306
vn 0.07049238 -0.99652219 0.04443397
vn 0.20894121 -0.97324705 0.09557121
vn 0.21850088 -0.96712279 0.13011898
vn 0.22937647 -0.95824969 0.17071603
vn 0.42034739 -0.87236959 0.24955849
vn 0.40351698 -0.86136997 0.30857080
vn 0.20006616 -0.97780901 0.06215410
vn 0.43310532 -0.88109201 0.18999128
vn 0.43923891 -0.88957471 0.12540364
vn 0.19380482 -0.98070359 0.02569526
vn 0.44236186 -0.89534569 0.05169318
vn 0.19325185 -0.98105425 -0.01364962
vn 0.44347197 -0.89590329 -0.02626773
vn 0.44104430 -0.89182132 -0.10067125
vn 0.91073859 -0.36332983 -0.19633338
vn 0.91901678 -0.21653803 -0.32942292
vn 0.87225658 -0.22816643 -0.43256053
vn 0.86313426 -0.37080106 -0.34279123
vn 0.81733823 -0.49887049 -0.28824723
vn 0.85293621 -0.49593812 -0.16292693
vn 0.95343119 -0.16187081 -0.25449324
vn 0.95379937 -0.27367726 -0.12396597
vn 0.85285556 -0.05476025 -0.51926750
vn 0.89807248 -0.02904586 -0.43888748
vn 0.85369790 0.13863000 -0.50197774
vn 0.93111473 0.01222925 -0.36452138
vn 0.88225323 0.17712834 -0.43618214
vn 0.81222910 0.33077809 -0.48048916
vn 0.83498716 0.36852354 -0.40864033
vn 0.90523517 0.22472876 -0.36061940
vn 0.85089284 0.40510142 -0.33447599
vn 0.92076498 0.26952657 -0.28204140
vn 0.85864860 0.43904656 -0.26450071
vn 0.92969155 0.30366158 -0.20847838
vn 0.86026835 0.47267991 -0.19108133
vn 0.93195212 0.33579087 -0.13678414
vn 0.92196786 0.38474971 -0.04407930
vn 0.48712799 0.05024883 0.87188381
vn 0.30112913 0.05702582 0.95187676
vn 0.29740605 0.00949059 0.95470393
vn 0.29206988 0.29755270 0.90893215
vn 0.23971796 0.95687222 0.16410661
vn 0.28698799 0.93306190 0.21687180
vn 0.23037831 0.94148427 0.24603511
vn 0.18549922 0.96838844 0.16677500
vn 0.33157989 0.93085504 0.15350497
vn 0.25722775 0.96022964 0.10859548
vn 0.17710534 0.97973919 0.09351370
vn 0.35740623 0.88859779 0.28749761
vn 0.41860023 0.88067573 0.22177491
vn 0.56231713 0.75922209 0.32769081
vn 0.46491018 0.87376767 0.14278878
vn 0.61782020 0.74900234 0.23936111
vn 0.80312312 0.46865022 0.36791334
vn 0.85121208 0.44755250 0.27410737
vn 0.92904252 0.14145830 0.34186208
vn 0.87835383 0.41210562 0.24220550
vn 0.94997501 0.09595528 0.29722065
vn 0.86447591 0.10300301 0.49200800
vn 0.95914483 0.02033472 0.28218383
vn 0.90662736 -0.00798692 0.42185676
vn 0.55285054 0.04832470 0.83187801
vn 0.94242281 -0.01055170 0.33425751
vn 0.68462777 -0.01859738 0.72865564
vn 0.79469472 0.01553320 0.60681063
vn 0.81915063 0.16618139 0.54897732
vn 0.14507394 0.97526300 0.16678041
vn 0.12676851 0.98755825 0.09305086
vn 0.08504660 0.99228078 0.09025501
vn 0.08159722 0.99623185 0.02939632
vn 0.09004462 0.99541599 -0.03223305
vn 0.12887277 0.99118644 0.03068125
vn 0.14146230 0.98940289 -0.03271755
vn 0.20722651 0.97795391 -0.02575447
vn 0.19182462 0.98079634 0.03523993
vn 0.27626795 0.95951241 0.05488210
vn 0.36238396 0.92782128 0.08846216
vn 0.29430959 0.95568681 -0.00668201
vn 0.40480581 0.91430515 0.01335739
vn 0.30878630 0.94811648 -0.07567168
vn 0.21623628 0.97268111 -0.08445976
vn 0.15146528 0.98418713 -0.09183697
vn 0.10110284 0.99039376 -0.09433160
vn 0.44250691 0.89381653 -0.07266129
vn -0.00000199 -0.95896161 -0.28353608
vn 0.00000000 -0.99436742 -0.10598829
vn 0.03131103 -0.99270630 -0.11642102
vn 0.06701601 -0.95367002 -0.29329574
vn 0.00000212 -0.87373787 -0.48639715
vn 0.00000118 -0.99978268 -0.02084833
vn -0.03131236 -0.99270648 -0.11641932
vn -0.06701932 -0.95366800 -0.29330155
vn -0.10593379 -0.86534792 -0.48984793
vn -0.13925332 -0.73741770 -0.66092646
vn -0.16050735 -0.58004445 -0.79861498
vn -0.16639897 -0.40875289 -0.89734751
vn -0.15931253 -0.24032460 -0.95752996
vn -0.14685476 -0.08610100 -0.98540366
vn -0.13804232 0.06166726 -0.98850471
vn -0.13487889 0.21717888 -0.96676838
vn -0.13113286 0.37320554 -0.91843444
vn -0.24482657 0.36328629 -0.89893442
vn -0.25476164 0.21461098 -0.94288850
vn -0.33869779 0.35101464 -0.87296766
vn -0.35660893 0.21096314 -0.91012347
vn -0.42298684 0.33655545 -0.84131598
vn -0.45056811 0.20494427 -0.86889946
vn -0.50601161 0.31798100 -0.80177331
vn -0.54571700 0.19814143 -0.81420702
vn -0.63882679 0.20248137 -0.74222749
vn -0.58448130 0.05712413 -0.80939394
vn -0.68055987 0.06301388 -0.72997773
vn -0.71153551 0.22852372 -0.66445023
vn -0.75914574 0.08154987 -0.64579207
vn -0.81554240 0.10832110 -0.56846917
vn -0.75681871 0.26321781 -0.59828246
vn -0.68275511 0.39306948 -0.61590737
vn -0.78674680 0.29622406 -0.54155415
vn -0.70695382 0.42469987 -0.56554961
vn -0.62897974 0.51857692 -0.57919127
vn -0.65746105 0.55367970 -0.51106155
vn -0.73350799 0.45537940 -0.50457484
vn -0.75944346 0.48852330 -0.42964011
vn -0.68517864 0.58928972 -0.42809808
vn -0.61449677 0.67308474 -0.41152239
vn -0.63681734 0.70214361 -0.31852478
vn -0.70408940 0.62285739 -0.34103790
vn -0.71114552 0.65235347 -0.26212028
vn -0.77670938 0.52298427 -0.35101289
vn -0.78317934 0.55631346 -0.27775091
vn -0.71428102 0.67474043 -0.18581700
vn -0.78550279 0.58461016 -0.20301837
vn -0.72675222 0.68418717 -0.06098486
vn -0.79046381 0.60430527 -0.09991104
vn -0.78110743 0.60709369 0.14597447
vn -0.85810286 0.50523931 -0.09161210
vn -0.84042263 0.52989429 0.11358634
vn -0.66758293 0.46764728 0.57934374
vn -0.87240350 0.46536702 0.14948459
vn -0.63202006 0.52185625 0.57290202
vn -0.18664239 0.40888774 0.89329469
vn -0.51493216 0.75215304 0.41123080
vn -0.06986540 0.84066439 0.53703094
vn 0.02997420 0.83284813 0.55268937
vn -0.05206988 0.98902643 0.13825892
vn 0.01897933 0.99186873 0.12584195
vn 0.00804843 0.99081922 0.13495390
vn 0.00205438 0.99989331 0.01446493
vn 0.00300729 0.99990159 0.01370429
vn -0.03638174 0.99911165 0.02126804
vn -0.00013346 0.99999952 0.00104927
vn -0.04442303 0.99888247 0.01613856
vn -0.36582533 0.92226708 0.12488120
vn -0.04462340 0.99880600 0.01988226
vn -0.34267271 0.92692631 0.15291511
vn -0.85502154 0.43728456 0.27878377
vn -0.81738347 0.45302138 0.35588747
vn -0.95225078 0.07199961 0.29670626
vn -0.91828293 0.07004318 0.38967991
vn -0.92396575 0.01409679 0.38221547
vn -0.87350583 0.07145017 0.48154178
vn -0.87891215 0.01060155 0.47686586
vn -0.88324565 0.01178395 0.46876255
vn -0.82378864 0.00932450 0.56682044
vn -0.82837659 0.00820642 0.56011146
vn -0.83395720 0.03145655 0.55093187
vn -0.75644547 0.00694815 0.65401989
vn -0.76203984 0.03253055 0.64671254
vn -0.75337869 0.19419524 0.62825859
vn -0.65220594 0.04007595 0.75698173
vn -0.63944191 0.23245195 0.73285753
vn -0.53683752 0.57929844 0.61336678
vn -0.47513831 0.27170324 0.83691156
vn -0.38986072 0.62551785 0.67582262
vn -0.28385091 0.82904774 0.48177648
vn -0.23750271 0.65099078 0.72097397
vn -0.17931637 0.83831334 0.51485580
vn -0.14853272 0.91147059 0.38361368
vn -0.08303422 0.83994401 0.53628302
vn -0.07094420 0.91342777 0.40077007
vn -0.10826113 0.66173220 0.74188280
vn -0.13583241 0.31236950 0.94019943
vn -0.14219446 0.06100610 0.98795700
vn -0.14131136 0.00862971 0.98992759
vn -0.13994071 0.00651071 0.99013853
vn -0.13903813 0.02674182 0.98992592
vn -0.13482040 0.22997071 0.96381378
vn -0.08253947 0.79920715 0.59536135
vn -0.01696495 0.99230385 0.12265904
vn -0.00128952 0.99996638 0.00810725
vn -0.00281177 0.99985141 0.01700859
vn -0.04128698 0.96122038 0.27267352
vn -0.12166303 0.56551838 0.81571263
vn -0.14489202 0.11335196 0.98293322
vn -0.14492796 -0.01352272 0.98934978
vn -0.28101018 -0.01471416 0.95959198
vn -0.28422582 0.12503646 0.95056909
vn -0.41801575 0.15954323 0.89432031
vn -0.41155839 -0.00207828 0.91138107
vn -0.33814824 0.62198830 0.70624810
vn -0.23656018 0.58401614 0.77650791
vn -0.10954597 0.96838522 0.22411992
vn -0.07918095 0.96369952 0.25497797
vn -0.00951617 0.99980956 0.01704101
vn -0.00601479 0.99983758 0.01699014
vn -0.00540947 0.99994248 0.00926435
vn -0.00322660 0.99995017 0.00944737
vn -0.06069098 0.99117601 0.11784229
vn -0.03791320 0.99119264 0.12688465
vn -0.27103183 0.80688405 0.52486175
vn -0.17308919 0.79504371 0.58133101
vn -0.44931161 0.25195298 0.85711074
vn -0.27949616 0.23055591 0.93205464
vn -0.46926361 0.03390561 0.88240701
vn -0.28942344 0.02810177 0.95678866
vn -0.47498649 0.00922272 0.87994474
vn -0.29303902 0.00765296 0.95606989
vn -0.48138446 0.01001997 0.87645227
vn -0.29741293 0.00949471 0.95470172
vn -0.48712802 0.05024733 0.87188393
vn -0.30113193 0.05702738 0.95187575
vn -0.29206988 0.29755360 0.90893185
vn -0.64658052 0.00825940 0.76280111
vn -0.75140285 0.00870250 0.65978640
vn -0.64062536 0.00898989 0.76780105
vn -0.63501143 0.04429928 0.77123159
vn -0.74606979 0.05795806 0.66334069
vn -0.81840885 0.06876187 0.57050753
vn -0.68309999 0.39157215 0.61647844
vn -0.73056048 0.44690448 0.51629239
vn -0.77324390 0.46350315 0.43273410
vn -0.31902128 0.91972065 0.22877792
vn -0.32282722 0.92851251 0.18343180
vn -0.04902974 0.99818969 0.03483472
vn -0.04502297 0.99866414 0.02535792
vn -0.00236961 0.99999666 0.00107289
vn -0.00146431 0.99999893 0.00040024
vn -0.00091758 0.99999964 0.00021591
vn -0.00572527 0.99997735 0.00354653
vn -0.00421581 0.99998915 0.00199602
vn -0.00313470 0.99999261 0.00224900
vn -0.07136231 0.99681389 0.03562975
vn -0.07124950 0.99711287 0.02625737
vn -0.06992999 0.99697816 0.03382914
vn -0.42251378 0.89418691 0.14802682
vn -0.44900122 0.88525873 0.12130552
vn -0.46031591 0.86997676 0.17677592
vn -0.86294776 0.46396390 0.20014693
vn -0.87747216 0.45351657 0.15609416
vn -0.87866080 0.44897506 0.16240896
vn -0.97490442 0.19320202 0.11060926
vn -0.96546006 0.25856727 0.03209100
vn -0.99113095 0.10645385 0.07954247
vn -0.97916675 0.19973822 -0.03656746
vn -0.97801417 0.17463157 -0.11398309
vn -0.99558002 0.08885852 -0.03040816
vn -0.96254241 0.18029322 0.20250054
vn -0.97648293 0.07347400 0.20268865
vn -0.97602320 -0.01245598 0.21730986
vn -0.99186808 0.00035892 0.12727007
vn -0.99923760 0.00460052 0.03877006
vn -0.99336785 0.01467804 -0.11403909
vn -0.99671340 -0.08094502 -0.00323142
vn -0.98662812 -0.11156065 0.11882430
vn -0.92196989 0.38474500 -0.04407840
vn -0.93195128 0.33579352 -0.13678314
vn -0.86026984 0.47267956 -0.19107586
vn -0.92969203 0.30366069 -0.20847759
vn -0.85865241 0.43904036 -0.26449904
vn -0.92076540 0.26952419 -0.28204226
vn -0.85089493 0.40509510 -0.33447847
vn -0.90523499 0.22472808 -0.36062017
vn -0.83498830 0.36851999 -0.40864122
vn -0.88225341 0.17712840 -0.43618175
vn -0.81223041 0.33077571 -0.48048860
vn -0.85369909 0.13862962 -0.50197589
vn -0.93111473 0.01222883 -0.36452138
vn -0.89807302 -0.02904609 -0.43888634
vn -0.85285580 -0.05476061 -0.51926702
vn -0.91901708 -0.21653682 -0.32942283
vn -0.87225693 -0.22816491 -0.43256053
vn -0.91073936 -0.36332619 -0.19633658
vn -0.86313415 -0.37080047 -0.34279227
vn -0.81733751 -0.49887076 -0.28824884
vn -0.85293502 -0.49593729 -0.16293572
vn -0.95343095 -0.16187115 -0.25449389
vn -0.95379913 -0.27367771 -0.12396669
vn -0.80206907 -0.22930694 -0.55145586
vn -0.79005110 -0.07355832 -0.60861188
vn -0.72511303 -0.23413491 -0.64760476
vn -0.71121675 -0.08604968 -0.69768631
vn -0.63681734 -0.23808722 -0.73333365
vn -0.61706722 -0.09110968 -0.78161830
vn -0.53451174 -0.23993807 -0.81038690
vn -0.51088995 -0.09100371 -0.85481572
vn -0.48090619 0.05873721 -0.87480241
vn -0.39810780 -0.08921416 -0.91299021
vn -0.37545589 0.06082699 -0.92484218
vn -0.26391581 0.06142669 -0.96258777
vn -0.27923557 -0.08746017 -0.95623130
vn -0.42094433 -0.23994163 -0.87477648
vn -0.29836372 -0.23956643 -0.92389774
vn -0.43184301 -0.39388335 -0.81139851
vn -0.30891564 -0.40132567 -0.86226964
vn -0.41838035 -0.54462272 -0.72687274
vn -0.29882145 -0.56422955 -0.76964331
vn -0.37546217 -0.68438685 -0.62501425
vn -0.26389468 -0.71493524 -0.64747769
vn -0.20821607 -0.84251696 -0.49680099
vn -0.14005286 -0.93773013 -0.31787965
vn -0.30693904 -0.80891055 -0.50145006
vn -0.22416463 -0.91069502 -0.34696528
vn -0.14792040 -0.97037721 -0.19101721
vn -0.07438270 -0.98643517 -0.14633167
vn -0.09478085 -0.99148440 -0.08930485
vn -0.03105603 -0.99845254 -0.04613081
vn -0.00960717 -0.99960572 -0.02638379
vn -0.01155618 -0.99986529 -0.01166036
vn -0.00190403 -0.99999201 -0.00352460
vn -0.00030607 -0.99999994 -0.00033592
vn -0.00006370 -1.00000000 -0.00002789
vn -0.00007857 -1.00000000 0.00005302
vn -0.00021722 -1.00000000 0.00015674
vn -0.00058371 -0.99999976 0.00045498
vn -0.00182125 -0.99999380 0.00302353
vn -0.00666112 -0.99978441 0.01966890
vn -0.00000120 -0.99988288 0.01530555
vn 0.02010139 -0.99592489 0.08791808
vn -0.00000110 -0.99680501 0.07987392
vn -0.00000480 -0.97067207 0.24040750
vn 0.04444363 -0.96777976 0.24784502
vn 0.08758415 -0.95947868 0.26782399
vn 0.14943947 -0.87430602 0.46179748
vn 0.07523980 -0.88748837 0.45464650
vn -0.00000095 -0.89188260 0.45226705
vn -0.02010297 -0.99592471 0.08791976
vn -0.04444823 -0.96777451 0.24786468
vn -0.04457401 -0.99298865 0.10948409
vn -0.08758734 -0.95947486 0.26783672
vn -0.13806257 -0.94548965 0.29493734
vn -0.09748273 -0.98524231 0.14069425
vn -0.22620490 -0.91790891 0.32599798
vn -0.23489724 -0.94474375 0.22865376
vn -0.38304067 -0.84292841 0.37782478
vn -0.32680160 -0.82755584 0.45645601
vn -0.23023906 -0.85000253 0.47379929
vn -0.08500619 -0.99363852 0.07386773
vn -0.02336490 -0.99912912 0.03457077
vn -0.01341354 -0.99985003 0.01095333
vn -0.14944588 -0.87430406 0.46179903
vn -0.07524633 -0.88748103 0.45465967
vn -0.00000095 -0.89188260 0.45226705
vn -0.00818871 -0.99995470 0.00485510
vn -0.07049373 -0.99652195 0.04443745
vn -0.05731203 -0.99793279 0.02907838
vn -0.00507839 -0.99998379 0.00260596
vn -0.04717948 -0.99872661 0.01786919
vn -0.00337393 -0.99999380 0.00105439
vn -0.04075761 -0.99914086 0.00750631
vn -0.00306579 -0.99999523 -0.00040990
vn -0.03959268 -0.99921018 -0.00339515
vn -0.00484996 -0.99998391 -0.00296905
vn -0.04581200 -0.99880278 -0.01715695
vn -0.06264942 -0.99721891 -0.04036769
vn -0.19969724 -0.97831708 -0.05492472
vn -0.21400347 -0.97153288 -0.10161892
vn -0.23653960 -0.95840800 -0.15969691
vn -0.43066144 -0.87040973 -0.23857430
vn -0.43545502 -0.88378829 -0.17116463
vn -0.26346311 -0.93468273 -0.23865345
vn -0.42972288 -0.85209811 -0.29877594
vn -0.42476439 -0.82391596 -0.37515026
vn -0.31632191 -0.87409377 -0.36864698
vn -0.40697640 -0.76476645 -0.49950233
vn -0.51238424 -0.72523355 -0.45988998
vn -0.56380934 -0.73354965 -0.37950498
vn -0.42972288 -0.85209811 -0.29877594
vn -0.47998801 -0.65022123 -0.58891761
vn -0.52479768 -0.52485871 -0.67015725
vn -0.61511678 -0.51085114 -0.60055184
vn -0.57224983 -0.62604034 -0.52972037
vn -0.68933403 -0.50612658 -0.51831889
vn -0.63831657 -0.62423736 -0.45042172
vn -0.75520009 -0.50696743 -0.41552013
vn -0.68828845 -0.63230699 -0.35559377
vn -0.58747017 -0.75106519 -0.30129704
vn -0.72887045 -0.63714349 -0.25059161
vn -0.61297077 -0.75978643 -0.21677513
vn -0.43545502 -0.88378829 -0.17116463
vn -0.43066144 -0.87040973 -0.23857430
vn -0.54186833 -0.38668698 -0.74622518
vn -0.63714731 -0.38020620 -0.67043757
vn -0.71843946 -0.37573609 -0.58537787
vn -0.79188806 -0.37440062 -0.48242882
vn -0.75602770 -0.63892484 -0.14211719
vn -0.86033803 -0.50864679 -0.03312138
vn -0.91461182 -0.40333930 -0.02833169
vn -0.84655756 -0.52096677 0.10924333
vn -0.90285814 -0.41043663 0.12801971
vn -0.95124412 -0.30796328 0.01712471
vn -0.93928087 -0.30411831 0.15894522
vn -0.96001369 -0.20170836 0.19413297
vn -0.97625619 -0.20301437 0.07555911
vn -0.98455346 -0.16656630 -0.05394676
vn -0.98122144 -0.06854907 -0.18029283
vn -0.97048151 0.13260163 -0.20145085
vn -0.95611334 0.07154856 -0.28412703
vn -0.96980351 -0.10788231 0.21872954
vn -0.94217223 -0.02571101 0.33414149
vn -0.94250423 0.06057622 0.32865837
vn -0.88756424 -0.03716760 0.45918223
vn -0.88950503 0.04916520 0.45427266
vn -0.93011349 0.18138234 0.31935781
vn -0.88036227 0.17330562 0.44150588
vn -0.82744145 0.48369512 0.28527120
vn -0.88036227 0.17330562 0.44150588
vn -0.78458613 0.48249364 0.38939002
vn -0.40511793 0.89194822 0.20076832
vn -0.74412823 0.44099531 0.50179315
vn -0.41405320 0.86704648 0.27711076
vn -0.08130522 0.99518675 0.05470658
vn -0.43439138 0.81772274 0.37766868
vn -0.09941652 0.99126446 0.08666725
vn -0.00841399 0.99994111 0.00686639
vn -0.11766713 0.98439968 0.13081208
vn -0.01121010 0.99987173 0.01143867
vn -0.12364642 0.97581118 0.18028913
vn -0.40986481 0.68035740 0.60755628
vn -0.43994802 0.75078088 0.49272084
vn -0.53657651 0.21813658 0.81516999
vn -0.62990510 0.29241064 0.71952456
vn -0.53457910 0.02857587 0.84463525
vn -0.64432716 0.06997154 0.76154226
vn -0.01178159 0.99981230 0.01537951
vn -0.00406370 0.99998766 0.00287194
vn -0.00575460 0.99996388 0.00625319
vn -0.05939338 0.99676245 0.05419507
vn -0.06873223 0.99383759 0.08696407
vn -0.33100465 0.89338136 0.30381867
vn -0.32924768 0.84833723 0.41463226
vn -0.59784681 0.31317756 0.73790175
vn 0.07523980 -0.88748837 0.45464650
vn 0.10512163 -0.77206206 0.62679321
vn 0.20874777 -0.75909019 0.61660892
vn 0.14943947 -0.87430602 0.46179748
vn -0.00000095 -0.77663201 0.62995452
vn -0.00000095 -0.89188260 0.45226705
vn 0.12795272 -0.65963155 0.74061757
vn -0.00000498 -0.66439283 0.74738353
vn 0.14080344 -0.56080621 0.81588650
vn -0.00001285 -0.56542712 0.82479829
vn 0.14500868 -0.45940694 0.87630916
vn -0.00000084 -0.46266541 0.88653302
vn 0.14512448 -0.34766269 0.92632043
vn 0.00000309 -0.34932035 0.93700337
vn 0.14536399 -0.24071243 0.95964932
vn -0.00000437 -0.24041773 0.97066957
vn 0.14588411 -0.16236718 0.97588664
vn -0.00000034 -0.15938032 0.98721725
vn 0.14538953 -0.11377948 0.98281038
vn 0.00000398 -0.10930055 0.99400878
vn 0.14481038 -0.07035554 0.98695499
vn -0.00000273 -0.06633826 0.99779725
vn 0.14491111 -0.01352178 0.98935229
vn -0.00000477 -0.01081419 0.99994159
vn 0.27119476 -0.55104411 0.78917921
vn 0.25042066 -0.64793295 0.71935552
vn 0.38131639 -0.54240519 0.74859506
vn 0.35762537 -0.63533551 0.68443626
vn 0.30824977 -0.74117196 0.59636080
vn 0.39730963 -0.72919387 0.55715472
vn 0.44484112 -0.62749296 0.63903755
vn 0.46964252 -0.73094893 0.49512592
vn 0.52211529 -0.62480539 0.58052891
vn 0.59609896 -0.62353295 0.50583863
vn 0.52717501 -0.73642933 0.42397928
vn 0.40351698 -0.86136997 0.30857080
vn 0.57447809 -0.74052137 0.34871629
vn 0.42034739 -0.87236959 0.24955849
vn 0.38303882 -0.84293258 0.37781742
vn 0.32680276 -0.82755595 0.45645490
vn 0.23023857 -0.85000211 0.47380027
vn 0.43310532 -0.88109201 0.18999128
vn 0.60876161 -0.74674219 0.26792821
vn 0.63069284 -0.75546628 0.17747499
vn 0.43923891 -0.88957471 0.12540364
vn 0.74506319 -0.63228256 0.21236712
vn 0.71092182 -0.62615353 0.32019055
vn 0.66123658 -0.62313521 0.41769466
vn 0.77778065 -0.51572907 0.35927826
vn 0.71439517 -0.51747662 0.47101754
vn 0.63498610 -0.52406603 0.56758034
vn 0.75278860 -0.41228670 0.51315600
vn 0.66304719 -0.42617327 0.61542249
vn 0.56955099 -0.43915120 0.69480783
vn 0.55076492 -0.53119403 0.64380968
vn 0.48152131 -0.44595742 0.75449270
vn 0.46958113 -0.53660047 0.70110881
vn 0.38853741 -0.44908121 0.80458981
vn 0.27647009 -0.45333150 0.84738123
vn 0.38774908 -0.34627846 0.85424936
vn 0.27492532 -0.34554935 0.89722449
vn 0.38550144 -0.24940753 0.88836062
vn 0.27350223 -0.24323274 0.93060970
vn 0.38562173 -0.17958552 0.90501106
vn 0.27362108 -0.17018557 0.94666171
vn 0.38985696 -0.12996496 0.91165829
vn 0.27429092 -0.12345711 0.95368910
vn 0.39922029 -0.07592735 0.91370577
vn 0.27663192 -0.07728408 0.95786321
vn 0.41155982 -0.00207940 0.91138041
vn 0.28100789 -0.01471435 0.95959270
vn 0.48938444 -0.25481063 0.83401114
vn 0.48692083 -0.34732777 0.80141848
vn 0.59428674 -0.25105271 0.76406533
vn 0.58403254 -0.34164813 0.73633045
vn 0.60331279 -0.17805104 0.77737480
vn 0.49331939 -0.18445294 0.85006654
vn 0.61547261 -0.11015616 0.78042239
vn 0.50258243 -0.12623617 0.85526329
vn 0.63094145 -0.03163464 0.77518523
vn 0.51781678 -0.05960365 0.85341269
vn 0.64432651 0.06997342 0.76154256
vn 0.53457850 0.02857590 0.84463561
vn 0.68493164 -0.32686096 0.65117639
vn 0.69931656 -0.23644786 0.67457306
vn 0.77927119 -0.30971020 0.54480833
vn 0.79469258 -0.21759763 0.56667006
vn 0.87430179 -0.20183186 0.44142991
vn 0.85747600 -0.29784453 0.41955176
vn 0.92940575 -0.19624615 0.31255782
vn 0.88262719 -0.11755807 0.45513663
vn 0.93791437 -0.10818794 0.32956350
vn 0.94217241 -0.02571121 0.33414090
vn 0.88756168 -0.03716781 0.45918724
vn 0.94250143 0.06057494 0.32866669
vn 0.88950169 0.04916359 0.45427936
vn 0.93011278 0.18138681 0.31935734
vn 0.88036102 0.17330895 0.44150710
vn 0.82743877 0.48369601 0.28527755
vn 0.88036102 0.17330895 0.44150710
vn 0.78457654 0.48249620 0.38940617
vn 0.40512127 0.89194643 0.20076934
vn 0.74412781 0.44098756 0.50180054
vn 0.41405714 0.86703974 0.27712610
vn 0.08130431 0.99518698 0.05470505
vn 0.43439645 0.81771493 0.37767991
vn 0.09942247 0.99126321 0.08667423
vn 0.00841424 0.99994105 0.00686654
vn 0.11767915 0.98439664 0.13082378
vn 0.01120987 0.99987173 0.01143919
vn 0.12365477 0.97580963 0.18029186
vn 0.40987775 0.68033546 0.60757220
vn 0.43995759 0.75076914 0.49273020
vn 0.53657722 0.21812093 0.81517375
vn 0.62990916 0.29238912 0.71952981
vn 0.53457850 0.02857590 0.84463561
vn 0.64432651 0.06997342 0.76154256
vn 0.01178252 0.99981230 0.01538101
vn 0.00406294 0.99998766 0.00287193
vn 0.00575300 0.99996400 0.00625106
vn 0.05939337 0.99676239 0.05419603
vn 0.06873255 0.99383759 0.08696403
vn 0.33100367 0.89338148 0.30381921
vn 0.32925028 0.84833467 0.41463554
vn 0.59783840 0.31316155 0.73791546
vn 0.79005152 -0.07355914 -0.60861129
vn 0.80206811 -0.22930807 -0.55145675
vn 0.72510725 -0.23413816 -0.64761013
vn 0.71121484 -0.08605438 -0.69768769
vn 0.63681126 -0.23808703 -0.73333901
vn 0.61706638 -0.09110912 -0.78161901
vn 0.53450322 -0.23993583 -0.81039321
vn 0.51088738 -0.09100050 -0.85481751
vn 0.48091057 0.05873705 -0.87479997
vn 0.63714200 -0.38020635 -0.67044252
vn 0.54185957 -0.38669056 -0.74622959
vn 0.71843475 -0.37573430 -0.58538473
vn 0.79188740 -0.37439966 -0.48243055
vn 0.75603014 -0.63892269 -0.14211358
vn 0.86033911 -0.50864571 -0.03310936
vn 0.91461158 -0.40333989 -0.02833143
vn 0.84655964 -0.52096170 0.10925106
vn 0.90286040 -0.41043016 0.12802413
vn 0.95124543 -0.30795947 0.01712225
vn 0.93928301 -0.30411074 0.15894708
vn 0.96001399 -0.20170435 0.19413547
vn 0.97625709 -0.20301014 0.07555839
vn 0.98455423 -0.16656239 -0.05394445
vn 0.98122185 -0.06854897 -0.18029061
vn 0.97048140 0.13260207 -0.20145109
vn 0.95611346 0.07154837 -0.28412670
vn 0.96980190 -0.10788206 0.21873690
vn 0.91073298 -0.29638064 0.28761783
vn 0.82618076 -0.40482169 0.39184785
vn 0.87564600 -0.40593714 0.26164719
vn 0.82111484 -0.51880527 0.23793194
vn 0.76456195 -0.63757998 0.09453476
vn 0.76829869 -0.63953590 -0.02666362
vn 0.64385206 -0.76457852 -0.02956859
vn 0.63315904 -0.76345378 -0.12746760
vn 0.44347197 -0.89590329 -0.02626773
vn 0.44104430 -0.89182132 -0.10067125
vn 0.64288366 -0.76222730 0.07556575
vn 0.44236186 -0.89534569 0.05169318
vn 0.70959461 -0.16005662 0.68619049
vn 0.80400127 -0.13704714 0.57861918
vn 0.81187397 -0.05796778 0.58094788
vn 0.72062445 -0.08499271 0.68809640
vn 0.81789786 0.02882756 0.57464087
vn 0.73194635 0.00016954 0.68136227
vn 0.81521624 0.14893100 0.55968040
vn 0.73746055 0.11220911 0.66600382
vn 0.73746055 0.11220911 0.66600382
vn 0.69689149 0.37109068 0.61370516
vn 0.81521624 0.14893100 0.55968040
vn -0.06087501 0.08263373 0.99471903
vn -0.04578503 0.36229962 0.93093652
vn -0.00486775 0.34612897 0.93817437
vn -0.04873699 0.08093760 0.99552691
vn -0.20855615 0.03445265 0.97740340
vn -0.33982888 0.06014944 0.93856192
vn -0.36325023 0.29545018 0.88360542
vn -0.01106456 0.81371886 0.58115339
vn -0.23739655 0.73045701 0.64037132
vn -0.04990060 0.98574269 0.16069022
vn -0.33057100 0.92793256 0.17223252
vn -0.72451651 0.52204865 0.45004562
vn -0.87747049 0.41597795 0.23876354
vn -0.37626696 0.92066956 0.10387848
vn -0.95951164 0.08359061 0.26897988
vn -0.95839763 0.00913638 0.28529021
vn -0.95766306 0.01819211 0.28731617
vn -0.95963567 0.01573753 0.28080550
vn -0.92801023 0.01680121 0.37217575
vn -0.93249202 0.03483391 0.35950702
vn -0.88835073 0.03384183 0.45791674
vn -0.88436204 0.15855260 0.43904996
vn -0.82874006 0.17072840 0.53295565
vn -0.74271351 0.48656842 0.46003035
vn -0.65629274 0.52554917 0.54136670
vn -0.48179728 0.78150743 0.39638057
vn -0.38534063 0.80878901 0.44426686
vn -0.29047886 0.89828038 0.32971874
vn -0.22368026 0.90627611 0.35865143
vn -0.18041772 0.94941944 0.25700638
vn -0.12336479 0.95532793 0.26856980
vn -0.06080114 0.95857674 0.27826950
vn -0.10058056 0.98072910 0.16749339
vn -0.35740745 0.88859749 0.28749692
vn -0.23038208 0.94148272 0.24603763
vn -0.28699151 0.93306100 0.21687125
vn -0.23971811 0.95687217 0.16410640
vn -0.18550088 0.96838742 0.16677919
vn -0.33157992 0.93085456 0.15350740
vn -0.25722441 0.96023047 0.10859572
vn -0.17710504 0.97973913 0.09351498
vn -0.41859400 0.88067961 0.22177120
vn -0.56231302 0.75923002 0.32767949
vn -0.46490830 0.87377012 0.14277986
vn -0.61781967 0.74900645 0.23934969
vn -0.80311966 0.46865782 0.36791137
vn -0.65622085 0.74255884 0.13409202
vn -0.85120869 0.44756192 0.27410239
vn -0.92904150 0.14146300 0.34186283
vn -0.87834555 0.41212890 0.24219613
vn -0.94997388 0.09595985 0.29722282
vn -0.82106376 0.47497776 0.31662354
vn -0.67892456 0.73250484 0.04998261
vn -0.56471443 0.82195497 -0.07407918
vn -0.69518644 0.71879983 -0.00653484
vn -0.65035117 0.74627393 -0.14183988
vn -0.51189059 0.85792881 0.04388939
vn -0.64599186 0.72905040 -0.22623000
vn -0.57006949 0.79973549 -0.18826573
vn -0.73338157 0.61948848 0.27997437
vn -0.60215300 0.30935642 0.73600984
vn -0.59009314 0.45963272 0.66372275
vn -0.25349164 0.15681060 0.95454305
vn -0.24791104 0.21855250 0.94380873
vn -0.60372770 0.48510543 -0.63260233
vn -0.65551579 0.35294563 -0.66762906
vn -0.58223003 0.45200616 -0.67579484
vn -0.55467689 0.40529734 -0.72668260
vn -0.59667850 0.31322318 -0.73882753
vn -0.47954246 0.42859727 -0.76573068
vn -0.07524633 -0.88748103 0.45465967
vn -0.14944588 -0.87430406 0.46179903
vn -0.20875606 -0.75908643 0.61661065
vn -0.10512865 -0.77205914 0.62679565
vn -0.00000095 -0.77663201 0.62995452
vn -0.00000095 -0.89188260 0.45226705
vn -0.12796423 -0.65963376 0.74061358
vn -0.00000498 -0.66439283 0.74738353
vn -0.14082094 -0.56080431 0.81588483
vn -0.00001285 -0.56542712 0.82479829
vn -0.14500383 -0.45940739 0.87630975
vn -0.00000084 -0.46266541 0.88653302
vn -0.14511779 -0.34766793 0.92631954
vn 0.00000309 -0.34932035 0.93700337
vn -0.14537221 -0.24071804 0.95964670
vn -0.00000437 -0.24041773 0.97066957
vn -0.14589813 -0.16237120 0.97588390
vn -0.00000034 -0.15938032 0.98721725
vn -0.14539461 -0.11378137 0.98280936
vn 0.00000398 -0.10930055 0.99400878
vn -0.14482571 -0.07035884 0.98695242
vn -0.00000273 -0.06633826 0.99779725
vn -0.14492796 -0.01352272 0.98934978
vn -0.00000477 -0.01081419 0.99994159
vn -0.27120283 -0.55104184 0.78917807
vn -0.25042856 -0.64793438 0.71935159
vn -0.38131693 -0.54240441 0.74859530
vn -0.35762593 -0.63533562 0.68443578
vn -0.30825046 -0.74117172 0.59636086
vn -0.39730942 -0.72919405 0.55715466
vn -0.44484118 -0.62749326 0.63903725
vn -0.46964273 -0.73094791 0.49512711
vn -0.52211553 -0.62480545 0.58052874
vn -0.59609920 -0.62353259 0.50583887
vn -0.52717650 -0.73642755 0.42398059
vn -0.40352619 -0.86136293 0.30857822
vn -0.57447964 -0.74052018 0.34871626
vn -0.42035347 -0.87236649 0.24955904
vn -0.38304067 -0.84292841 0.37782478
vn -0.32680160 -0.82755584 0.45645601
vn -0.23023906 -0.85000253 0.47379929
vn -0.43310747 -0.88109088 0.18999149
vn -0.60876226 -0.74674171 0.26792789
vn -0.63069326 -0.75546592 0.17747498
vn -0.43924046 -0.88957381 0.12540452
vn -0.74506348 -0.63228226 0.21236677
vn -0.71092194 -0.62615347 0.32019037
vn -0.66123641 -0.62313503 0.41769502
vn -0.77778041 -0.51572943 0.35927829
vn -0.71439528 -0.51747668 0.47101742
vn -0.63498616 -0.52406585 0.56758058
vn -0.75278908 -0.41228628 0.51315564
vn -0.66304749 -0.42617267 0.61542255
vn -0.56955075 -0.43915096 0.69480824
vn -0.55076504 -0.53119391 0.64380980
vn -0.48152068 -0.44595757 0.75449300
vn -0.46958080 -0.53659999 0.70110941
vn -0.38853747 -0.44908154 0.80458963
vn -0.27647007 -0.45333135 0.84738129
vn -0.38774937 -0.34627864 0.85424912
vn -0.27492386 -0.34555057 0.89722449
vn -0.38550219 -0.24940598 0.88836074
vn -0.27350327 -0.24323310 0.93060929
vn -0.38562343 -0.17958128 0.90501118
vn -0.27362400 -0.17018430 0.94666111
vn -0.38985726 -0.12996185 0.91165853
vn -0.27428856 -0.12345634 0.95368987
vn -0.39921829 -0.07592346 0.91370696
vn -0.27662927 -0.07728565 0.95786387
vn -0.41155839 -0.00207828 0.91138107
vn -0.28101018 -0.01471416 0.95959198
vn -0.48938498 -0.25480983 0.83401102
vn -0.48692048 -0.34732804 0.80141854
vn -0.59428579 -0.25105691 0.76406467
vn -0.58403170 -0.34164903 0.73633081
vn -0.60331774 -0.17805500 0.77737004
vn -0.49332279 -0.18445028 0.85006517
vn -0.61547130 -0.11016142 0.78042275
vn -0.50258660 -0.12623495 0.85526109
vn -0.63094205 -0.03163878 0.77518457
vn -0.51782060 -0.05960055 0.85341060
vn -0.64432716 0.06997154 0.76154226
vn -0.53457910 0.02857587 0.84463525
vn -0.68493241 -0.32686162 0.65117514
vn -0.69931996 -0.23645155 0.67456824
vn -0.77927160 -0.30970991 0.54480791
vn -0.79469395 -0.21759783 0.56666815
vn -0.87430322 -0.20183049 0.44142759
vn -0.85747665 -0.29784358 0.41955104
vn -0.92940575 -0.19624810 0.31255689
vn -0.88263035 -0.11755802 0.45513058
vn -0.93791682 -0.10818886 0.32955623
vn -0.91073292 -0.29638326 0.28761533
vn -0.82618111 -0.40482131 0.39184761
vn -0.87564611 -0.40593800 0.26164526
vn -0.82111353 -0.51880729 0.23793194
vn -0.76456320 -0.63757896 0.09453186
vn -0.76829803 -0.63953674 -0.02666368
vn -0.64385241 -0.76457828 -0.02956757
vn -0.63315862 -0.76345414 -0.12746769
vn -0.44347396 -0.89590228 -0.02626748
vn -0.44104773 -0.89181966 -0.10067126
vn -0.64288461 -0.76222658 0.07556538
vn -0.44236314 -0.89534503 0.05169345
vn -0.20894177 -0.97324687 0.09557144
vn -0.21850535 -0.96712154 0.13012035
vn -0.22939414 -0.95824313 0.17072907
vn -0.42035347 -0.87236649 0.24955904
vn -0.40352619 -0.86136293 0.30857822
vn -0.20006716 -0.97780877 0.06215484
vn -0.43310747 -0.88109088 0.18999149
vn -0.43924046 -0.88957381 0.12540452
vn -0.19380610 -0.98070329 0.02569563
vn -0.44236314 -0.89534503 0.05169345
vn -0.19325379 -0.98105389 -0.01365021
vn -0.44347396 -0.89590228 -0.02626748
vn -0.44104773 -0.89181966 -0.10067126
vn -0.80400324 -0.13704631 0.57861656
vn -0.70960087 -0.16005662 0.68618405
vn -0.81187499 -0.05796766 0.58094651
vn -0.72062534 -0.08499235 0.68809557
vn -0.81789815 0.02882828 0.57464039
vn -0.73194480 0.00016603 0.68136394
vn -0.81521606 0.14893523 0.55967951
vn -0.73746020 0.11220992 0.66600412
vn -0.73746020 0.11220992 0.66600412
vn -0.81521606 0.14893523 0.55967951
vn -0.69688618 0.37111080 0.61369896
vn -0.86447424 0.10300676 0.49201009
vn -0.95914418 0.02033510 0.28218609
vn -0.90662593 -0.00798851 0.42185983
vn -0.55285722 0.04833001 0.83187330
vn -0.94242120 -0.01055032 0.33426183
vn -0.68463296 -0.01859775 0.72865075
vn -0.79466242 0.01554506 0.60685253
vn -0.81908756 0.16622758 0.54905748
vn -0.36238742 0.92781967 0.08846505
vn -0.27626696 0.95951247 0.05488535
vn -0.29430592 0.95568794 -0.00668335
vn -0.40481144 0.91430277 0.01335118
vn -0.19182312 0.98079658 0.03524233
vn -0.20722450 0.97795445 -0.02575194
vn -0.12887135 0.99118662 0.03068147
vn -0.14146294 0.98940283 -0.03271610
vn -0.30878374 0.94811743 -0.07567027
vn -0.21623492 0.97268134 -0.08445964
vn -0.15146725 0.98418659 -0.09183942
vn -0.09004744 0.99541587 -0.03222961
vn -0.10111209 0.99039257 -0.09433419
vn -0.08159517 0.99623197 0.02939644
vn -0.08504816 0.99228072 0.09025401
vn -0.12677269 0.98755765 0.09305163
vn -0.14507751 0.97526222 0.16678183
vn -0.44250718 0.89381641 -0.07266137
vt 0.06816509 0.80780357
vt 0.06680611 0.79894572
vt 0.05732796 0.80179584
vt 0.05845401 0.81018960
vt 0.04762456 0.80286884
vt 0.04770949 0.81133348
vt 0.03794882 0.80177385
vt 0.03691569 0.81036836
vt 0.02871242 0.79891706
vt 0.02704564 0.80794698
vt 0.06553075 0.79351634
vt 0.05653337 0.79700744
vt 0.06225160 0.78930563
vt 0.06717011 0.78344572
vt 0.06307080 0.78073126
vt 0.05907902 0.78515285
vt 0.04763433 0.76935804
vt 0.05372664 0.78777945
vt 0.04771236 0.78863281
vt 0.04168877 0.78776854
vt 0.03627709 0.78517371
vt 0.03225639 0.78081882
vt 0.02978519 0.77535981
vt 0.02893594 0.76940805
vt 0.02974883 0.76345551
vt 0.03219762 0.75798494
vt 0.03618935 0.75356317
vt 0.04154184 0.75093681
vt 0.04755607 0.75008327
vt 0.05357966 0.75094748
vt 0.05899134 0.75354230
vt 0.06301203 0.75789720
vt 0.06548354 0.76335621
vt 0.04771194 0.79339486
vt 0.04016510 0.79241252
vt 0.03882524 0.79705167
vt 0.04767391 0.79812121
vt 0.05527577 0.79240763
vt 0.02984324 0.79355049
vt 0.03310171 0.78932077
vt 0.02819994 0.78356183
vt 0.02404252 0.78596109
vt 0.01955023 0.78791922
vt 0.02478531 0.79627532
vt 0.01644966 0.79978967
vt 0.01164708 0.79098356
vt 0.01600084 0.77890056
vt 0.00779977 0.78070235
vt 0.01473793 0.76937675
vt 0.00632837 0.76950127
vt 0.01594111 0.75983644
vt 0.00760809 0.75824291
vt 0.01948312 0.75081652
vt 0.01131102 0.74781024
vt 0.02466944 0.74268240
vt 0.01620951 0.73882252
vt 0.02065298 0.77787054
vt 0.02523759 0.77669501
vt 0.02421525 0.76940787
vt 0.01948515 0.76939207
vt 0.02517381 0.76212299
vt 0.02057716 0.76090747
vt 0.02809826 0.75527042
vt 0.02390525 0.75280374
vt 0.03301695 0.74941057
vt 0.02973768 0.74519986
vt 0.03999260 0.74630839
vt 0.03873506 0.74170864
vt 0.03794023 0.73692018
vt 0.02846220 0.73977053
vt 0.02710292 0.73091269
vt 0.03681406 0.72852653
vt 0.04764375 0.73584729
vt 0.04755870 0.72738254
vt 0.05731949 0.73694211
vt 0.05835250 0.72834760
vt 0.06655589 0.73979890
vt 0.06822267 0.73076898
vt 0.04755655 0.74532121
vt 0.04759440 0.74059492
vt 0.05510321 0.74630350
vt 0.05644301 0.74166435
vt 0.06216672 0.74939531
vt 0.06542513 0.74516553
vt 0.06706849 0.75515425
vt 0.07122591 0.75275493
vt 0.07571837 0.75079668
vt 0.07048318 0.74244088
vt 0.07881889 0.73892635
vt 0.08362153 0.74773252
vt 0.07926765 0.75981557
vt 0.08746871 0.75801378
vt 0.08053067 0.76933938
vt 0.08894011 0.76921487
vt 0.07932737 0.77887970
vt 0.08766040 0.78047323
vt 0.07578531 0.78789979
vt 0.08395717 0.79090589
vt 0.07059887 0.79603374
vt 0.07905856 0.79989380
vt 0.07136318 0.78591245
vt 0.07461557 0.76084548
vt 0.07003084 0.76202106
vt 0.07105324 0.76930815
vt 0.06633249 0.76930785
vt 0.06551954 0.77526051
vt 0.07578328 0.76932406
vt 0.07009473 0.77659315
vt 0.07469127 0.77780879
vt 0.00803272 0.95380282
vt 0.01913784 0.95270097
vt 0.01971135 0.94388676
vt 0.00818250 0.94369322
vt 0.02183179 0.93528140
vt 0.00951726 0.93436444
vt 0.00975410 0.96392572
vt 0.02051250 0.96136367
vt 0.01316706 0.97333229
vt 0.02375359 0.96962166
vt 0.01714785 0.98157322
vt 0.02845047 0.97742516
vt 0.02473868 0.96035790
vt 0.02347238 0.95251232
vt 0.02891267 0.95923078
vt 0.02781040 0.95244265
vt 0.03306917 0.95798135
vt 0.03216843 0.95244527
vt 0.04967786 0.95259565
vt 0.03279651 0.94691706
vt 0.03504572 0.94193757
vt 0.03899894 0.93826175
vt 0.04400469 0.93601024
vt 0.04947100 0.93521237
vt 0.05494884 0.93589181
vt 0.06000081 0.93804407
vt 0.06408731 0.94162798
vt 0.06646285 0.94651413
vt 0.06718812 0.95203102
vt 0.06638078 0.95759058
vt 0.06410602 0.96271676
vt 0.06042293 0.96687675
vt 0.05546213 0.96935242
vt 0.04987524 0.97018188
vt 0.04426525 0.96943259
vt 0.03112061 0.93899918
vt 0.03642840 0.93451691
vt 0.03422231 0.93067122
vt 0.02708874 0.93599439
vt 0.02846716 0.94555426
vt 0.02412904 0.94444352
vt 0.03251193 0.92647624
vt 0.02463672 0.93106127
vt 0.02078263 0.91960168
vt 0.02912889 0.91578662
vt 0.04079420 0.92339063
vt 0.03871051 0.91258305
vt 0.04940671 0.92224658
vt 0.04908652 0.91123378
vt 0.05804215 0.92317671
vt 0.05956004 0.91210616
vt 0.06633846 0.92610550
vt 0.06940291 0.91492951
vt 0.07402340 0.93048263
vt 0.07809178 0.91869271
vt 0.04168514 0.92764860
vt 0.04275588 0.93184453
vt 0.04943714 0.93089271
vt 0.04942033 0.92657375
vt 0.05612449 0.93167365
vt 0.05716855 0.92744136
vt 0.06246898 0.93420714
vt 0.06466923 0.93027544
vt 0.06795410 0.93861556
vt 0.07189611 0.93549955
vt 0.07073728 0.94504297
vt 0.07499877 0.94392526
vt 0.07945583 0.94336212
vt 0.07717810 0.93450511
vt 0.08915285 0.93373322
vt 0.09063260 0.94277751
vt 0.08017222 0.95222688
vt 0.09120945 0.95278352
vt 0.07897357 0.96092594
vt 0.08994887 0.96298206
vt 0.07587633 0.96919698
vt 0.08691034 0.97262323
vt 0.07138673 0.97682369
vt 0.08298794 0.98118484
vt 0.07152490 0.95196223
vt 0.07584063 0.95202327
vt 0.07056496 0.95878363
vt 0.07475368 0.95990723
vt 0.06788961 0.96519053
vt 0.07176623 0.96743345
vt 0.06339196 0.97070968
vt 0.06647918 0.97461468
vt 0.05692080 0.97360885
vt 0.05808953 0.97784543
vt 0.05878232 0.98226523
vt 0.06758735 0.97978377
vt 0.06886379 0.99164546
vt 0.05991361 0.99341893
vt 0.04987726 0.98322713
vt 0.05010588 0.99438822
vt 0.04100469 0.98237962
vt 0.04021467 0.99382997
vt 0.03242797 0.98005283
vt 0.03100715 0.99220115
vt 0.04990710 0.97455078
vt 0.04990137 0.97888380
vt 0.04289568 0.97371995
vt 0.04171465 0.97800952
vt 0.03628690 0.97094446
vt 0.03920475 0.96707571
vt 0.03543071 0.96305108
vt 0.03328831 0.97491801
vt 0.03171355 0.96560478
vt 0.02789972 0.96783590
vt 0.09124670 0.85344690
vt 0.08258281 0.85420060
vt 0.08246843 0.86386704
vt 0.09119580 0.86464381
vt 0.08005176 0.87327623
vt 0.08878485 0.87539935
vt 0.07591169 0.88202143
vt 0.08503703 0.88493156
vt 0.08895633 0.84273362
vt 0.08042452 0.84470832
vt 0.08553425 0.83328915
vt 0.07650446 0.83561051
vt 0.07570516 0.84600616
vt 0.07783403 0.85459435
vt 0.07124793 0.84778655
vt 0.07312711 0.85510457
vt 0.06682353 0.84990388
vt 0.06842079 0.85573596
vt 0.04957344 0.85857821
vt 0.06834184 0.86181426
vt 0.06659391 0.86761057
vt 0.06320321 0.87253952
vt 0.05824774 0.87582827
vt 0.05241575 0.87742549
vt 0.04633742 0.87734652
vt 0.04054105 0.87559867
vt 0.03561192 0.87220800
vt 0.03232338 0.86725247
vt 0.03072613 0.86142033
vt 0.03080519 0.85534215
vt 0.03255301 0.84954572
vt 0.03594371 0.84461677
vt 0.04089906 0.84132808
vt 0.04673108 0.83973092
vt 0.05280938 0.83980989
vt 0.07099133 0.86982083
vt 0.06686493 0.87630522
vt 0.07062077 0.88014132
vt 0.07543858 0.87179720
vt 0.07304459 0.86257935
vt 0.07774451 0.86327636
vt 0.06214549 0.88470984
vt 0.06036510 0.88025260
vt 0.06344324 0.88942903
vt 0.07254096 0.88550901
vt 0.07486223 0.89453906
vt 0.06541776 0.89796120
vt 0.05395105 0.89158756
vt 0.05470454 0.90025115
vt 0.04428457 0.89147300
vt 0.04350787 0.90020061
vt 0.03487539 0.88905632
vt 0.03275233 0.89778948
vt 0.02613010 0.88491660
vt 0.02322014 0.89404190
vt 0.05304705 0.88213199
vt 0.04557221 0.88204932
vt 0.04487529 0.88674903
vt 0.05355730 0.88683867
vt 0.03833088 0.87999594
vt 0.03635433 0.88444316
vt 0.03184652 0.87586951
vt 0.02801051 0.87962544
vt 0.02789899 0.86936986
vt 0.02344175 0.87115026
vt 0.01872253 0.87244803
vt 0.02264266 0.88154578
vt 0.01361268 0.88386714
vt 0.01019057 0.87442267
vt 0.01656415 0.86295581
vt 0.00790035 0.86370957
vt 0.01667850 0.85328943
vt 0.00795110 0.85251272
vt 0.01909520 0.84388006
vt 0.01036211 0.84175724
vt 0.02323510 0.83513498
vt 0.01410969 0.83222485
vt 0.02601980 0.86205184
vt 0.02131288 0.86256218
vt 0.02610233 0.85457695
vt 0.02140241 0.85387999
vt 0.02815559 0.84733570
vt 0.02370831 0.84535903
vt 0.03228199 0.84085131
vt 0.02852603 0.83701527
vt 0.03878181 0.83690381
vt 0.03700142 0.83244652
vt 0.03570347 0.82772744
vt 0.02660596 0.83164740
vt 0.02428447 0.82261753
vt 0.03372877 0.81919545
vt 0.04519578 0.82556880
vt 0.04444196 0.81690520
vt 0.05486213 0.82568336
vt 0.05563884 0.81695580
vt 0.06427141 0.82809997
vt 0.06639438 0.81936693
vt 0.07301681 0.83223963
vt 0.07592656 0.82311445
vt 0.04609974 0.83502448
vt 0.04558941 0.83031780
vt 0.05357458 0.83510703
vt 0.05427163 0.83040732
vt 0.06081604 0.83716035
vt 0.05860578 0.84155774
vt 0.06353491 0.84494841
vt 0.06279247 0.83271307
vt 0.06730040 0.84128678
vt 0.07113641 0.83753085
vt 0.99527824 0.87789738
vt 0.98649645 0.87619948
vt 0.98284161 0.88494629
vt 0.99205530 0.88740468
vt 0.99714804 0.86725736
vt 0.98843908 0.86688536
vt 0.99670100 0.85629189
vt 0.98812473 0.85742348
vt 0.99399853 0.84590232
vt 0.98560071 0.84822810
vt 0.99025667 0.83680081
vt 0.98137307 0.83948857
vt 0.98379004 0.86651707
vt 0.98191357 0.87495977
vt 0.97915983 0.86604273
vt 0.97747171 0.87322271
vt 0.97452319 0.86550128
vt 0.97306883 0.87125331
vt 0.95600784 0.86316103
vt 0.96996796 0.87622887
vt 0.96526134 0.87966597
vt 0.95962191 0.88148546
vt 0.95366728 0.88167632
vt 0.94791543 0.88022208
vt 0.94294000 0.87712109
vt 0.93950295 0.87241459
vt 0.93768311 0.86677504
vt 0.93749225 0.86082071
vt 0.93894672 0.85506862
vt 0.94204748 0.85009325
vt 0.94675410 0.84665596
vt 0.95239365 0.84483647
vt 0.95834816 0.84464574
vt 0.96410000 0.84609985
vt 0.96907544 0.84920079
vt 0.96752918 0.88390410
vt 0.96044707 0.88606393
vt 0.96115279 0.89064795
vt 0.96946669 0.88818979
vt 0.97372019 0.87975496
vt 0.97756851 0.88334644
vt 0.97094035 0.89275414
vt 0.97968006 0.88852668
vt 0.98236787 0.89741009
vt 0.97326624 0.90115178
vt 0.96174502 0.89527792
vt 0.96287668 0.90385443
vt 0.95228338 0.89559233
vt 0.95191109 0.90430129
vt 0.94296932 0.89364958
vt 0.94127142 0.90243149
vt 0.93422246 0.88999486
vt 0.93176413 0.89920855
vt 0.95265174 0.89094317
vt 0.95312607 0.88631284
vt 0.94594586 0.88462490
vt 0.94420886 0.88906664
vt 0.93941379 0.88087344
vt 0.93582249 0.88472182
vt 0.93526447 0.87468231
vt 0.93097889 0.87661999
vt 0.92641473 0.87809384
vt 0.93064213 0.88683331
vt 0.92175877 0.88952118
vt 0.91801703 0.88041955
vt 0.92389083 0.86889851
vt 0.91531444 0.87003005
vt 0.92357647 0.85943675
vt 0.91486752 0.85906464
vt 0.92551899 0.85012269
vt 0.91673720 0.84842479
vt 0.92917359 0.84137577
vt 0.91995990 0.83891755
vt 0.93310487 0.86760020
vt 0.92852080 0.86830616
vt 0.93285561 0.86027932
vt 0.92822528 0.85980499
vt 0.93454397 0.85309929
vt 0.93010187 0.85136229
vt 0.93829525 0.84656703
vt 0.93444669 0.84297556
vt 0.94448626 0.84241790
vt 0.94254851 0.83813220
vt 0.94107509 0.83356804
vt 0.93233538 0.83779526
vt 0.92964745 0.82891202
vt 0.93874919 0.82517034
vt 0.95027018 0.83104396
vt 0.94913852 0.82246763
vt 0.95973206 0.83072966
vt 0.96010399 0.82202065
vt 0.96904588 0.83267218
vt 0.97074401 0.82389045
vt 0.97779298 0.83632696
vt 0.98025107 0.82711327
vt 0.95156837 0.84025812
vt 0.95086253 0.83567405
vt 0.95888937 0.84000915
vt 0.95936370 0.83537877
vt 0.96606934 0.84169710
vt 0.96780646 0.83725530
vt 0.97260165 0.84544855
vt 0.97619295 0.84160006
vt 0.97675097 0.85163957
vt 0.97251272 0.85390735
vt 0.97433233 0.85954696
vt 0.98103654 0.84970188
vt 0.97891068 0.85872179
vt 0.98349488 0.85801589
vt 0.99780804 0.96723425
vt 0.98959118 0.96544337
vt 0.98574054 0.97420037
vt 0.99432570 0.97672904
vt 0.99990028 0.95655477
vt 0.99170542 0.95606220
vt 0.99960226 0.94550562
vt 0.99151087 0.94649136
vt 0.99695879 0.93501091
vt 0.98904932 0.93717885
vt 0.99319220 0.92581701
vt 0.98484874 0.92834127
vt 0.98701692 0.95562422
vt 0.98499495 0.96411359
vt 0.98234963 0.95508325
vt 0.98054373 0.96229780
vt 0.97767782 0.95447683
vt 0.97613299 0.96025443
vt 0.95903844 0.95188093
vt 0.97293824 0.96522796
vt 0.96815133 0.96863663
vt 0.96244550 0.97040415
vt 0.95644259 0.97052026
vt 0.95066506 0.96897542
vt 0.94569153 0.96578074
vt 0.94228268 0.96099365
vt 0.94051540 0.95528805
vt 0.94039917 0.94928491
vt 0.94194406 0.94350743
vt 0.94513869 0.93853402
vt 0.94992566 0.93512523
vt 0.95563132 0.93335783
vt 0.96163434 0.93324161
vt 0.96741188 0.93478656
vt 0.97238535 0.93798113
vt 0.97038400 0.97293663
vt 0.96322101 0.97503507
vt 0.96387935 0.97967124
vt 0.97229075 0.97727919
vt 0.97666883 0.96882474
vt 0.98049182 0.97248673
vt 0.97374058 0.98189199
vt 0.98257804 0.97769153
vt 0.98510230 0.98603511
vt 0.97590834 0.98980153
vt 0.96442795 0.98435330
vt 0.96541357 0.99244487
vt 0.95485723 0.98454797
vt 0.95436460 0.99274278
vt 0.94547594 0.98243380
vt 0.94368517 0.99065053
vt 0.93671906 0.97858286
vt 0.93419033 0.98716807
vt 0.95529532 0.97985935
vt 0.95583618 0.97519207
vt 0.94862145 0.97338629
vt 0.94680572 0.97783744
vt 0.94209462 0.96951127
vt 0.93843257 0.97333455
vt 0.93798280 0.96322656
vt 0.93364030 0.96513331
vt 0.92902750 0.96658301
vt 0.93322814 0.97542059
vt 0.92488456 0.97794485
vt 0.92111802 0.96875095
vt 0.92656606 0.95727062
vt 0.91847444 0.95825624
vt 0.92637151 0.94769990
vt 0.91817653 0.94720721
vt 0.92848563 0.93831873
vt 0.92026877 0.93652785
vt 0.93233627 0.92956161
vt 0.92375100 0.92703307
vt 0.93588418 0.95606351
vt 0.93124813 0.95672202
vt 0.93572718 0.94867873
vt 0.93105990 0.94813776
vt 0.93753308 0.94146407
vt 0.93308187 0.93964839
vt 0.94140798 0.93493724
vt 0.93758488 0.93127513
vt 0.94769281 0.93082523
vt 0.94578594 0.92648280
vt 0.94433635 0.92186999
vt 0.93549877 0.92607057
vt 0.93297422 0.91772699
vt 0.94216841 0.91396058
vt 0.95364887 0.91940856
vt 0.95266318 0.91131699
vt 0.96321946 0.91921401
vt 0.96371210 0.91101921
vt 0.97260076 0.92132807
vt 0.97439152 0.91311133
vt 0.98135757 0.92517889
vt 0.98388636 0.91659367
vt 0.95485574 0.92872679
vt 0.95419741 0.92409062
vt 0.96224070 0.92856979
vt 0.96278155 0.92390251
vt 0.96945530 0.93037558
vt 0.97127098 0.92592442
vt 0.97598219 0.93425059
vt 0.97964412 0.93042731
vt 0.98009419 0.94053543
vt 0.97579408 0.94276810
vt 0.97756153 0.94847381
vt 0.98443651 0.93862867
vt 0.98219264 0.94769847
vt 0.98682874 0.94703996
vt 0.90612310 0.70774120
vt 0.89953262 0.71001124
vt 0.90409583 0.71929640
vt 0.91042870 0.71737981
vt 0.90675503 0.72921973
vt 0.91330665 0.72841555
vt 0.90687817 0.73946118
vt 0.91349071 0.74001378
vt 0.90443200 0.74943429
vt 0.91096252 0.75116605
vt 0.90009993 0.75861704
vt 0.90682942 0.76098049
vt 0.89417750 0.71227598
vt 0.89923161 0.72088355
vt 0.89030081 0.71625704
vt 0.88346249 0.71207517
vt 0.88125831 0.71671683
vt 0.88648707 0.72015214
vt 0.87227494 0.73473412
vt 0.89007133 0.72523671
vt 0.89191586 0.73127788
vt 0.89199144 0.73762459
vt 0.89029235 0.74371761
vt 0.88685709 0.74894637
vt 0.88177234 0.75253063
vt 0.87573117 0.75437510
vt 0.86938447 0.75445074
vt 0.86329168 0.75275165
vt 0.85806268 0.74931628
vt 0.85447854 0.74423164
vt 0.85263413 0.73819041
vt 0.85255843 0.73184377
vt 0.85425752 0.72575086
vt 0.85769278 0.72052199
vt 0.86277741 0.71693772
vt 0.89684004 0.73048419
vt 0.89694601 0.73830777
vt 0.90189844 0.73893100
vt 0.90177196 0.72980273
vt 0.89463311 0.72290128
vt 0.89961189 0.74790889
vt 0.89493388 0.74592155
vt 0.89075214 0.75276017
vt 0.89473313 0.75663662
vt 0.88410777 0.75709230
vt 0.88612562 0.76169103
vt 0.88771278 0.76655513
vt 0.89699799 0.76199168
vt 0.89926785 0.76858228
vt 0.88962954 0.77288795
vt 0.87778956 0.76921415
vt 0.87859374 0.77576596
vt 0.86754793 0.76933748
vt 0.86699563 0.77595001
vt 0.85757500 0.76689136
vt 0.85584325 0.77342188
vt 0.84839207 0.76255924
vt 0.84602875 0.76928872
vt 0.87652487 0.75929928
vt 0.87720639 0.76423115
vt 0.86870128 0.75940514
vt 0.86807817 0.76435775
vt 0.86108762 0.75739318
vt 0.85910040 0.76207107
vt 0.85424894 0.75321132
vt 0.85037261 0.75719243
vt 0.84991676 0.74656707
vt 0.84531814 0.74858487
vt 0.84045392 0.75017214
vt 0.84501737 0.75945717
vt 0.83842677 0.76172733
vt 0.83412105 0.75208873
vt 0.83779484 0.74024874
vt 0.83124334 0.74105293
vt 0.83767170 0.73000729
vt 0.83105904 0.72945470
vt 0.84011775 0.72003418
vt 0.83358723 0.71830243
vt 0.84444982 0.71085137
vt 0.83772045 0.70848793
vt 0.84770972 0.73898417
vt 0.84277791 0.73966569
vt 0.84760398 0.73116058
vt 0.84265143 0.73053753
vt 0.84961587 0.72354680
vt 0.84493798 0.72155958
vt 0.85379773 0.71670824
vt 0.84981674 0.71283168
vt 0.86044198 0.71237606
vt 0.85842425 0.70777738
vt 0.85683697 0.70291334
vt 0.84755188 0.70747644
vt 0.84528190 0.70088607
vt 0.85492045 0.69658035
vt 0.86676031 0.70025420
vt 0.86595613 0.69370240
vt 0.87700182 0.70013088
vt 0.87755448 0.69351834
vt 0.88697511 0.70257699
vt 0.88870674 0.69604653
vt 0.89615792 0.70690912
vt 0.89852124 0.70017970
vt 0.88544971 0.70739716
vt 0.86734349 0.70523733
vt 0.87647182 0.70511061
vt 0.86802489 0.71016902
vt 0.86881858 0.71509343
vt 0.87516528 0.71501762
vt 0.87584847 0.71006322
vt 0.92143792 0.79960191
vt 0.92771000 0.79742992
vt 0.92317766 0.78816032
vt 0.91713756 0.78998619
vt 0.92055672 0.77824128
vt 0.91430265 0.77898371
vt 0.92048639 0.76800883
vt 0.91418296 0.76743627
vt 0.92299527 0.75806510
vt 0.91678888 0.75635123
vt 0.92738765 0.74893594
vt 0.92100900 0.74661589
vt 0.93303746 0.79518235
vt 0.92803258 0.78658819
vt 0.93691963 0.79123580
vt 0.94371372 0.79544461
vt 0.94593638 0.79082769
vt 0.94073969 0.78737330
vt 0.95498437 0.77290332
vt 0.93718809 0.78228545
vt 0.93537611 0.77625233
vt 0.93533212 0.76992273
vt 0.93706006 0.76385534
vt 0.94051439 0.75865865
vt 0.94560212 0.75510710
vt 0.95163542 0.75329494
vt 0.95796508 0.75325119
vt 0.96403211 0.75497890
vt 0.96922892 0.75843346
vt 0.97278053 0.76352113
vt 0.97459275 0.76955432
vt 0.97463638 0.77588391
vt 0.97290879 0.78195119
vt 0.96945435 0.78714800
vt 0.96436650 0.79069948
vt 0.93045801 0.77702093
vt 0.93039209 0.76921582
vt 0.92545325 0.76856726
vt 0.92553312 0.77767903
vt 0.93262750 0.78459322
vt 0.92779022 0.75962275
vt 0.93244320 0.76163280
vt 0.93665189 0.75483847
vt 0.93270546 0.75095654
vt 0.94329458 0.75054657
vt 0.94129962 0.74595177
vt 0.93972713 0.74109674
vt 0.93045777 0.74562919
vt 0.92828578 0.73935711
vt 0.93790144 0.73505664
vt 0.94964629 0.73847580
vt 0.94890398 0.73222172
vt 0.95987874 0.73840535
vt 0.96045142 0.73210192
vt 0.96982259 0.74091423
vt 0.97153634 0.73470783
vt 0.97895175 0.74530667
vt 0.98127168 0.73892784
vt 0.95086688 0.74837720
vt 0.95020872 0.74345207
vt 0.95867175 0.74831110
vt 0.95932025 0.74337232
vt 0.96625477 0.75036198
vt 0.96826476 0.74570912
vt 0.97304910 0.75457084
vt 0.97693115 0.75062430
vt 0.97734123 0.76121342
vt 0.98193616 0.75921851
vt 0.98679107 0.75764614
vt 0.98225850 0.74837685
vt 0.98853058 0.74620473
vt 0.99283105 0.75582027
vt 0.98941189 0.76756525
vt 0.99566609 0.76682293
vt 0.98948234 0.77779770
vt 0.99578589 0.77837026
vt 0.98697335 0.78774154
vt 0.99317986 0.78945541
vt 0.98258108 0.79687077
vt 0.98895985 0.79919070
vt 0.97951049 0.76878572
vt 0.98443574 0.76812756
vt 0.97957665 0.77659070
vt 0.98451537 0.77723932
vt 0.97752553 0.78417385
vt 0.98217863 0.78618383
vt 0.97331673 0.79096806
vt 0.97726327 0.79485011
vt 0.96667415 0.79526019
vt 0.96866912 0.79985499
vt 0.97024125 0.80471003
vt 0.97951084 0.80017757
vt 0.98168284 0.80644959
vt 0.97206718 0.81075013
vt 0.96032232 0.80733097
vt 0.96106488 0.81358504
vt 0.95008999 0.80740142
vt 0.94951731 0.81370461
vt 0.94014603 0.80489230
vt 0.93843228 0.81109875
vt 0.93101674 0.80049992
vt 0.92869693 0.80687869
vt 0.94170374 0.80009753
vt 0.95976013 0.80235457
vt 0.95064825 0.80243433
vt 0.95910186 0.79742956
vt 0.95833331 0.79251170
vt 0.95200366 0.79255545
vt 0.95129687 0.79749560
vt 0.15701269 0.83215308
vt 0.15873115 0.84109128
vt 0.16229872 0.83975124
vt 0.16086404 0.83185136
vt 0.16532122 0.83847690
vt 0.16415296 0.83151722
vt 0.16774331 0.83736289
vt 0.16676526 0.83121717
vt 0.18149857 0.83149433
vt 0.16994105 0.84240246
vt 0.17318420 0.84632230
vt 0.17715590 0.84879577
vt 0.18149684 0.84964764
vt 0.18583499 0.84880805
vt 0.18979828 0.84634995
vt 0.19302748 0.84245110
vt 0.19520733 0.83743834
vt 0.19616529 0.83131325
vt 0.18141763 0.80726707
vt 0.19615260 0.80741096
vt 0.19517425 0.80128837
vt 0.19876543 0.80706489
vt 0.19759676 0.80015635
vt 0.20205513 0.80666208
vt 0.20061919 0.79886293
vt 0.19297619 0.79628003
vt 0.18973254 0.79238856
vt 0.18576072 0.78994131
vt 0.18141942 0.78911388
vt 0.17708103 0.78997791
vt 0.17311756 0.79246199
vt 0.16988800 0.79638970
vt 0.16770761 0.80143332
vt 0.16674928 0.80758142
vt 0.16413580 0.80728650
vt 0.16528772 0.80032575
vt 0.16789101 0.79439116
vt 0.17171858 0.78980982
vt 0.17636596 0.78694761
vt 0.18141286 0.78593683
vt 0.18646376 0.78690803
vt 0.16413580 0.80728650
vt 0.16086225 0.80695772
vt 0.15705238 0.80666447
vt 0.10343443 0.80687797
vt 0.10339914 0.83198845
vt 0.15700208 0.83993983
vt 0.10338835 0.83979821
vt 0.15699194 0.84743798
vt 0.10337798 0.84731281
vt 0.15698247 0.85444081
vt 0.10336845 0.85432744
vt 0.15697353 0.86090946
vt 0.10335945 0.86080468
vt 0.15696518 0.86702430
vt 0.10335104 0.86692595
vt 0.15695684 0.87314010
vt 0.10334258 0.87304676
vt 0.15694796 0.87961090
vt 0.10333376 0.87952185
vt 0.15693824 0.88661778
vt 0.10332398 0.88653255
vt 0.15692805 0.89412284
vt 0.10331361 0.89404023
vt 0.15691744 0.90191972
vt 0.10330288 0.90183985
vt 0.15688317 0.92696607
vt 0.10326849 0.92688930
vt 0.10325776 0.93468797
vt 0.15687226 0.93476391
vt 0.10324757 0.94219458
vt 0.15686201 0.94227004
vt 0.10323791 0.94920373
vt 0.15685235 0.94927859
vt 0.10322885 0.95567667
vt 0.15684347 0.95575142
vt 0.10322057 0.96179497
vt 0.15683495 0.96186948
vt 0.10321216 0.96791351
vt 0.15682648 0.96798766
vt 0.10320310 0.97438622
vt 0.15681754 0.97446048
vt 0.10319363 0.98139501
vt 0.15680818 0.98146915
vt 0.10318325 0.98890150
vt 0.15679781 0.98897576
vt 0.10317247 0.99669981
vt 0.15678702 0.99677396
vt 0.20061919 0.79886293
vt 0.20590779 0.80625629
vt 0.20418712 0.79751015
vt 0.19746855 0.79203331
vt 0.20048895 0.78971076
vt 0.19286530 0.78678715
vt 0.19503555 0.78366160
vt 0.18733405 0.78356957
vt 0.18646376 0.78690803
vt 0.18141286 0.78593683
vt 0.18140511 0.78249240
vt 0.17636596 0.78694761
vt 0.17548101 0.78361320
vt 0.17171858 0.78980982
vt 0.16996424 0.78687513
vt 0.16789101 0.79439116
vt 0.16538458 0.79216945
vt 0.16528772 0.80032575
vt 0.16226618 0.79906058
vt 0.15869664 0.79773557
vt 0.16235386 0.78986335
vt 0.16777901 0.78376055
vt 0.17436032 0.78000152
vt 0.18139605 0.77882671
vt 0.18843745 0.77995253
vt 0.16794829 0.84440768
vt 0.17179446 0.84898019
vt 0.17645286 0.85182929
vt 0.18150358 0.85282457
vt 0.18655024 0.85183775
vt 0.19119714 0.84900248
vt 0.19502440 0.84445465
vt 0.19295166 0.85193765
vt 0.18743519 0.85517204
vt 0.18855588 0.85878360
vt 0.18152015 0.85993457
vt 0.18151133 0.85626900
vt 0.17447929 0.85878515
vt 0.17558257 0.85516798
vt 0.16788147 0.85504782
vt 0.17005162 0.85192263
vt 0.16242836 0.84895957
vt 0.16544889 0.84663928
vt 0.16794829 0.84440768
vt 0.17179446 0.84898019
vt 0.17645286 0.85182929
vt 0.18150358 0.85282457
vt 0.18655024 0.85183775
vt 0.19513658 0.85505283
vt 0.19753078 0.84668064
vt 0.20056143 0.84898925
vt 0.20064840 0.83984816
vt 0.20421776 0.84118593
vt 0.19762716 0.83856380
vt 0.19877860 0.83165455
vt 0.20205125 0.83205187
vt 0.20585969 0.83244932
vt 0.19877860 0.83165455
vt 0.19112255 0.78973031
vt 0.19496891 0.79426944
vt 0.19746855 0.79203331
vt 0.19112255 0.78973031
vt 0.80578923 0.82834923
vt 0.80749822 0.83714712
vt 0.81108856 0.83579546
vt 0.80966365 0.82795036
vt 0.81413090 0.83450234
vt 0.81297243 0.82755339
vt 0.81656921 0.83336997
vt 0.81560016 0.82721150
vt 0.83041489 0.82739151
vt 0.81876707 0.83841079
vt 0.82201910 0.84233105
vt 0.82600689 0.84480155
vt 0.83036971 0.84564358
vt 0.83473384 0.84478539
vt 0.83872473 0.84229732
vt 0.84198165 0.83835602
vt 0.84418559 0.83328986
vt 0.84516406 0.82711071
vt 0.83039165 0.80303210
vt 0.84520471 0.80334616
vt 0.84423614 0.79716456
vt 0.84783173 0.80305088
vt 0.84667408 0.79605043
vt 0.85113955 0.80272269
vt 0.84971607 0.79477632
vt 0.84203839 0.79209244
vt 0.83878672 0.78814328
vt 0.83479941 0.78564686
vt 0.83043694 0.78477991
vt 0.82607317 0.78561372
vt 0.82208252 0.78807575
vt 0.81882620 0.79198813
vt 0.81662273 0.79702306
vt 0.81564450 0.80317914
vt 0.81301820 0.80282968
vt 0.81419241 0.79588532
vt 0.81682348 0.78996885
vt 0.82068253 0.78540516
vt 0.82536149 0.78256571
vt 0.83043778 0.78158557
vt 0.83551371 0.78259838
vt 0.81301820 0.80282968
vt 0.80972850 0.80242229
vt 0.80590010 0.80201364
vt 0.81115770 0.79458690
vt 0.81419241 0.79588532
vt 0.80757201 0.79323334
vt 0.81430864 0.78772444
vt 0.81682348 0.78996885
vt 0.81126702 0.78539628
vt 0.81892526 0.78244960
vt 0.82068253 0.78540516
vt 0.81673598 0.77931255
vt 0.82447970 0.77921098
vt 0.82536149 0.78256571
vt 0.82336152 0.77557713
vt 0.83043849 0.77812254
vt 0.83043778 0.78158557
vt 0.83043802 0.77443683
vt 0.83639681 0.77924371
vt 0.83551371 0.78259838
vt 0.83751476 0.77560961
vt 0.84195006 0.78251994
vt 0.84019077 0.78547424
vt 0.84413946 0.77938306
vt 0.84656513 0.78784305
vt 0.84404671 0.79008090
vt 0.84960771 0.78551745
vt 0.84656513 0.78784305
vt 0.84019077 0.78547424
vt 0.85330629 0.79343748
vt 0.84971607 0.79477632
vt 0.85501242 0.80242860
vt 0.85491168 0.82805586
vt 0.90881932 0.82816684
vt 0.90878975 0.83601904
vt 0.85488248 0.83588505
vt 0.90876126 0.84357476
vt 0.85485411 0.84342408
vt 0.90873480 0.85062754
vt 0.85482776 0.85046512
vt 0.90871012 0.85713995
vt 0.85480344 0.85696888
vt 0.90868700 0.86329454
vt 0.85478044 0.86311734
vt 0.90866411 0.86944878
vt 0.85475743 0.86926633
vt 0.90863955 0.87595892
vt 0.85473311 0.87577206
vt 0.90861320 0.88300759
vt 0.85470653 0.88281733
vt 0.90858471 0.89055645
vt 0.85467839 0.89036298
vt 0.90855539 0.89839828
vt 0.85464883 0.89820266
vt 0.90846086 0.92358452
vt 0.85455441 0.92338490
vt 0.85452497 0.93122530
vt 0.90843141 0.93142545
vt 0.85449672 0.93877244
vt 0.90840304 0.93897301
vt 0.85447037 0.94581914
vt 0.90837657 0.94602013
vt 0.85444582 0.95232713
vt 0.90835226 0.95252836
vt 0.85442293 0.95847851
vt 0.90832901 0.95867997
vt 0.85439980 0.96463007
vt 0.90830612 0.96483159
vt 0.85437536 0.97113806
vt 0.90828156 0.97133994
vt 0.85434878 0.97818494
vt 0.90825522 0.97838676
vt 0.85432053 0.98573232
vt 0.90822685 0.98593420
vt 0.85429108 0.99357295
vt 0.90819752 0.99377489
vt 0.90891469 0.80291975
vt 0.81675875 0.84042752
vt 0.82061529 0.84500074
vt 0.82529271 0.84784931
vt 0.83036888 0.84883827
vt 0.83544564 0.84783399
vt 0.84012496 0.84496713
vt 0.84398448 0.84037012
vt 0.84188223 0.84792197
vt 0.83632743 0.85118866
vt 0.83744550 0.85482252
vt 0.83036852 0.85598671
vt 0.83036840 0.85230124
vt 0.82329154 0.85483807
vt 0.82440960 0.85120404
vt 0.81666648 0.85109305
vt 0.81885600 0.84795558
vt 0.81119764 0.84499782
vt 0.81424034 0.84266990
vt 0.81675875 0.84042752
vt 0.82061529 0.84500074
vt 0.82529271 0.84784931
vt 0.83036888 0.84883827
vt 0.83544564 0.84783399
vt 0.84407151 0.85105896
vt 0.84649920 0.84260988
vt 0.84954107 0.84493589
vt 0.84965110 0.83568871
vt 0.85323703 0.83702946
vt 0.84661615 0.83440942
vt 0.84779119 0.82741344
vt 0.85108173 0.82775193
vt 0.84779119 0.82741344
vt 0.15559213 0.11782753
vt 0.15553731 0.12359864
vt 0.16179982 0.12382710
vt 0.16192015 0.11802065
vt 0.14913128 0.11773342
vt 0.14916021 0.12343383
vt 0.14273618 0.11792588
vt 0.14285871 0.12368363
vt 0.13643543 0.11813843
vt 0.13658290 0.12391031
vt 0.16161305 0.13122296
vt 0.15532002 0.13101685
vt 0.15543555 0.13366354
vt 0.16111623 0.13383776
vt 0.15590926 0.13633603
vt 0.15991165 0.13620448
vt 0.15623899 0.13790131
vt 0.15902194 0.13745940
vt 0.14926948 0.13042945
vt 0.14923914 0.13291109
vt 0.15481353 0.13377887
vt 0.14922756 0.13542676
vt 0.15369210 0.13645077
vt 0.14923728 0.13689989
vt 0.15282552 0.13793451
vt 0.14571218 0.13795149
vt 0.14483817 0.13647991
vt 0.14363198 0.13384408
vt 0.14303696 0.13105941
vt 0.14351398 0.13973910
vt 0.15498926 0.13971299
vt 0.13674520 0.13126552
vt 0.13723435 0.13387680
vt 0.14291467 0.13371027
vt 0.13843220 0.13624400
vt 0.14243394 0.13638365
vt 0.13931838 0.13750052
vt 0.14209999 0.13794857
vt 0.16469353 0.15213513
vt 0.15892632 0.15214777
vt 0.15894009 0.15843064
vt 0.16470738 0.15841794
vt 0.15855762 0.15843147
vt 0.15854384 0.15214866
vt 0.15857357 0.16569430
vt 0.15895620 0.16574383
vt 0.15793099 0.16811377
vt 0.15827437 0.16831106
vt 0.15617904 0.16988748
vt 0.15640026 0.17019331
vt 0.15493256 0.17050153
vt 0.15501122 0.17089331
vt 0.14366437 0.17052627
vt 0.14356585 0.17090714
vt 0.14241524 0.16991770
vt 0.14219531 0.17022449
vt 0.14065550 0.16815174
vt 0.14031300 0.16835052
vt 0.14000228 0.16573507
vt 0.13961990 0.16578633
vt 0.13998629 0.15847224
vt 0.13960387 0.15847307
vt 0.13998629 0.15847224
vt 0.13997252 0.15218937
vt 0.13960387 0.15847307
vt 0.13959001 0.15219027
vt 0.15891027 0.14483464
vt 0.15852787 0.14488584
vt 0.15821715 0.14227051
vt 0.15787469 0.14246917
vt 0.15633483 0.14039642
vt 0.15611494 0.14070320
vt 0.15498926 0.13971299
vt 0.15486580 0.14009464
vt 0.14351398 0.13973910
vt 0.14359762 0.14011937
vt 0.14212988 0.14042765
vt 0.14235114 0.14073342
vt 0.14025579 0.14230996
vt 0.14059916 0.14250714
vt 0.13957398 0.14487708
vt 0.13995658 0.14492655
vt 0.13959001 0.15219027
vt 0.13997252 0.15218937
vt 0.16200249 0.19240767
vt 0.16186793 0.18666571
vt 0.15562427 0.18687803
vt 0.15573408 0.19260591
vt 0.14935511 0.18711317
vt 0.14937186 0.19278401
vt 0.14301160 0.18693578
vt 0.14294489 0.19267666
vt 0.13678217 0.18669534
vt 0.13665022 0.19247139
vt 0.13698348 0.17933840
vt 0.14324333 0.17955673
vt 0.14313395 0.17692357
vt 0.13748316 0.17673832
vt 0.14266829 0.17426401
vt 0.13868643 0.17438644
vt 0.14234352 0.17270613
vt 0.13957416 0.17313987
vt 0.14926110 0.18015373
vt 0.14929652 0.17768514
vt 0.15487643 0.17676884
vt 0.15368204 0.17414421
vt 0.14931333 0.17518258
vt 0.15281567 0.17267835
vt 0.14930673 0.17371708
vt 0.15546249 0.17954022
vt 0.14487419 0.17415446
vt 0.14573933 0.17268020
vt 0.14375298 0.17681015
vt 0.14356585 0.17090714
vt 0.15501122 0.17089331
vt 0.16172196 0.17934841
vt 0.16124083 0.17674965
vt 0.15558974 0.17690343
vt 0.16005425 0.17439234
vt 0.15607363 0.17424494
vt 0.15917529 0.17314041
vt 0.15640916 0.17268884
vt 0.13383664 0.15848583
vt 0.13960387 0.15847307
vt 0.13959001 0.15219027
vt 0.13382280 0.15220290
vt 0.09078375 0.14850277
vt 0.09078375 0.19111925
vt 0.09773850 0.19111925
vt 0.09773850 0.14850277
vt 0.08386944 0.14850277
vt 0.08386944 0.19111925
vt 0.07703973 0.14850277
vt 0.07703970 0.19111925
vt 0.07036197 0.14850277
vt 0.07036197 0.19111925
vt 0.06396170 0.14850277
vt 0.06396170 0.19111925
vt 0.10468708 0.14850277
vt 0.10468708 0.19111925
vt 0.11161700 0.19111925
vt 0.11161700 0.14850277
vt 0.11848593 0.19111925
vt 0.11848593 0.14850277
vt 0.12525055 0.19111925
vt 0.12525055 0.14850277
vt 0.13185124 0.19111925
vt 0.13185124 0.14850277
vt 0.10468708 0.19169527
vt 0.09773850 0.19169521
vt 0.09773850 0.19220889
vt 0.09078375 0.19220889
vt 0.09773850 0.19282055
vt 0.09078375 0.19282055
vt 0.10468708 0.19282055
vt 0.10468708 0.19220889
vt 0.11161700 0.19282055
vt 0.11161700 0.19220889
vt 0.11848593 0.19282055
vt 0.11848593 0.19220889
vt 0.12525055 0.19282055
vt 0.12525055 0.19220889
vt 0.13185124 0.19282055
vt 0.13185124 0.19220889
vt 0.08386944 0.19220889
vt 0.08386944 0.19282055
vt 0.07703970 0.19220889
vt 0.07703970 0.19282055
vt 0.07036197 0.19220889
vt 0.07036197 0.19282055
vt 0.06396170 0.19220889
vt 0.06396170 0.19282055
vt 0.11848593 0.19169521
vt 0.11161700 0.19169521
vt 0.12525055 0.19169527
vt 0.13185124 0.19169521
vt 0.07036197 0.19169521
vt 0.07703970 0.19169527
vt 0.06396170 0.19169521
vt 0.08386944 0.19169527
vt 0.09078375 0.19169521
vt 0.19321167 0.11908066
vt 0.19492349 0.11905634
vt 0.19491494 0.11845249
vt 0.19320311 0.11847669
vt 0.19148755 0.11910504
vt 0.19147900 0.11850119
vt 0.18975620 0.11912960
vt 0.18974763 0.11852568
vt 0.18802059 0.11915421
vt 0.18801203 0.11855030
vt 0.18628296 0.11917883
vt 0.18627439 0.11857492
vt 0.18454510 0.11920345
vt 0.18453652 0.11859953
vt 0.18280967 0.11922807
vt 0.18280111 0.11862415
vt 0.18107964 0.11925256
vt 0.18107109 0.11864871
vt 0.17936121 0.11927694
vt 0.17935266 0.11867303
vt 0.17766666 0.11930096
vt 0.17765811 0.11869705
vt 0.17747334 0.10566097
vt 0.17916788 0.10563695
vt 0.18088630 0.10561258
vt 0.18261634 0.10558808
vt 0.18435174 0.10556346
vt 0.18608962 0.10553885
vt 0.18782724 0.10551423
vt 0.18956284 0.10548961
vt 0.19129421 0.10546505
vt 0.19301833 0.10544062
vt 0.19473016 0.10541636
vt 0.20380154 0.10791010
vt 0.20328490 0.10540223
vt 0.20288314 0.10554117
vt 0.20337749 0.10794479
vt 0.20367971 0.11046779
vt 0.20326079 0.11039603
vt 0.20291972 0.11291927
vt 0.20253448 0.11274427
vt 0.20180450 0.10333097
vt 0.20215718 0.10309666
vt 0.20018969 0.10144341
vt 0.20046835 0.10113215
vt 0.19808629 0.09997070
vt 0.19827183 0.09960848
vt 0.19550271 0.09895962
vt 0.19556662 0.09847814
vt 0.20154108 0.11511070
vt 0.20121987 0.11484385
vt 0.19956772 0.11690998
vt 0.19933990 0.11656916
vt 0.19702543 0.11825603
vt 0.19690038 0.11779630
vt 0.19717231 0.10216415
vt 0.19565423 0.10169375
vt 0.19685005 0.11520886
vt 0.19825791 0.11454064
vt 0.19950202 0.11327773
vt 0.20041919 0.11168975
vt 0.20093133 0.10991013
vt 0.20099589 0.10805434
vt 0.20060538 0.10623908
vt 0.19978665 0.10457963
vt 0.19860531 0.10318512
vt 0.20587209 0.10775906
vt 0.20525287 0.10474402
vt 0.20491751 0.10485381
vt 0.20551988 0.10778266
vt 0.20572175 0.11083329
vt 0.20537481 0.11076933
vt 0.20480213 0.11377639
vt 0.20448208 0.11362928
vt 0.20359838 0.10216427
vt 0.20389605 0.10197556
vt 0.20162714 0.09989256
vt 0.20187168 0.09963959
vt 0.19911551 0.09819257
vt 0.19931495 0.09790695
vt 0.19646594 0.09679586
vt 0.19674279 0.09649491
vt 0.20315105 0.11639094
vt 0.20287590 0.11617285
vt 0.20087995 0.11848319
vt 0.20064716 0.11822015
vt 0.19830462 0.12011534
vt 0.19800651 0.11986971
vt 0.20039009 0.09329563
vt 0.20223980 0.09767151
vt 0.20446312 0.09575558
vt 0.20513374 0.09289545
vt 0.20399405 0.09018582
vt 0.20147882 0.08866233
vt 0.19854818 0.08890736
vt 0.19632098 0.09082782
vt 0.19564763 0.09369034
vt 0.19678508 0.09640217
vt 0.17519131 0.10198039
vt 0.17727295 0.10210937
vt 0.17737721 0.10149044
vt 0.17522871 0.10135549
vt 0.17307556 0.10191512
vt 0.17308724 0.10128874
vt 0.17952995 0.10178989
vt 0.17922936 0.10241014
vt 0.17095065 0.10188586
vt 0.17094964 0.10125953
vt 0.16882420 0.10188341
vt 0.16881412 0.10125726
vt 0.16669750 0.10190570
vt 0.16667891 0.10127974
vt 0.16457248 0.10195315
vt 0.16454196 0.10132867
vt 0.16245353 0.10203362
vt 0.16240031 0.10141379
vt 0.16035113 0.10216224
vt 0.16024865 0.10157096
vt 0.15843078 0.10255831
vt 0.15808849 0.10192341
vt 0.15740904 0.08500248
vt 0.15962052 0.08497119
vt 0.16186848 0.08493924
vt 0.16413075 0.08490723
vt 0.16639936 0.08487505
vt 0.16867024 0.08484292
vt 0.16023360 0.10369325
vt 0.15927343 0.10389125
vt 0.15721658 0.10405207
vt 0.15866633 0.10463816
vt 0.15709731 0.10597742
vt 0.15860669 0.10560083
vt 0.15812469 0.10760689
vt 0.15912038 0.10641557
vt 0.15990990 0.10832268
vt 0.16001299 0.10677350
vt 0.16177291 0.10785389
vt 0.16094449 0.10653907
vt 0.16300404 0.10638171
vt 0.16156006 0.10580301
vt 0.16313499 0.10447109
vt 0.16162553 0.10484767
vt 0.16211914 0.10285628
vt 0.16111761 0.10404027
vt 0.17547190 0.08474648
vt 0.17772569 0.08471453
vt 0.17996286 0.08468276
vt 0.17320901 0.08477843
vt 0.17094094 0.08481067
vt 0.14738798 0.11028993
vt 0.15045488 0.11045754
vt 0.15060176 0.10954499
vt 0.14743650 0.10936916
vt 0.14427140 0.11021632
vt 0.14428169 0.10929400
vt 0.15377527 0.10996282
vt 0.15333933 0.11087912
vt 0.14114201 0.11019605
vt 0.14113355 0.10927361
vt 0.13801008 0.11021560
vt 0.13798857 0.10929328
vt 0.13487852 0.11027110
vt 0.13484436 0.10934949
vt 0.13174939 0.11036402
vt 0.13169795 0.10944432
vt 0.12862980 0.11050504
vt 0.12854487 0.10959303
vt 0.12553510 0.11071730
vt 0.12537782 0.10984743
vt 0.12271100 0.11132133
vt 0.12220037 0.11038995
vt 0.12101907 0.08535695
vt 0.12427497 0.08531076
vt 0.12758416 0.08526385
vt 0.13091534 0.08521664
vt 0.13425601 0.08516943
vt 0.13760018 0.08512181
vt 0.12537849 0.11297333
vt 0.12396644 0.11327535
vt 0.12093928 0.11353433
vt 0.12308058 0.11438185
vt 0.12078421 0.11637074
vt 0.12300304 0.11580002
vt 0.12231472 0.11875951
vt 0.12376830 0.11699444
vt 0.12495112 0.11979431
vt 0.12508650 0.11751187
vt 0.12768984 0.11908400
vt 0.12645586 0.11715668
vt 0.12948716 0.11690283
vt 0.12735452 0.11606610
vt 0.12965941 0.11408770
vt 0.12744065 0.11465853
vt 0.12814623 0.11172050
vt 0.12668405 0.11347497
vt 0.14761829 0.08497977
vt 0.15093835 0.08493280
vt 0.15423420 0.08488613
vt 0.14428493 0.08502710
vt 0.14094430 0.08507442
vt 0.10915762 0.11750895
vt 0.11308080 0.11771029
vt 0.11326486 0.11654252
vt 0.10921568 0.11633116
vt 0.10517126 0.11742806
vt 0.10518056 0.11624813
vt 0.11732548 0.11706364
vt 0.11677176 0.11823761
vt 0.10116845 0.11741537
vt 0.10115397 0.11623544
vt 0.09716296 0.11745340
vt 0.09713167 0.11627394
vt 0.09315808 0.11753714
vt 0.09311041 0.11635888
vt 0.08915657 0.11766946
vt 0.08908656 0.11649346
vt 0.08516717 0.11786300
vt 0.08505464 0.11669672
vt 0.08120967 0.11814737
vt 0.08100462 0.11703551
vt 0.07760024 0.11893165
vt 0.07694304 0.11774266
vt 0.07532847 0.08565271
vt 0.07949203 0.08559370
vt 0.08372414 0.08553368
vt 0.08798406 0.08547336
vt 0.09225629 0.08541280
vt 0.09653342 0.08535212
vt 0.08101872 0.12103349
vt 0.07921401 0.12142563
vt 0.07534325 0.12176931
vt 0.07808551 0.12284446
vt 0.07515669 0.12539786
vt 0.07799223 0.12465870
vt 0.07712406 0.12844664
vt 0.07897592 0.12618315
vt 0.08050060 0.12975949
vt 0.08066419 0.12683952
vt 0.08400032 0.12883943
vt 0.08241405 0.12637949
vt 0.08629003 0.12604237
vt 0.08355890 0.12498099
vt 0.08649890 0.12244129
vt 0.08366334 0.12318045
vt 0.08455360 0.11941975
vt 0.08269069 0.12166965
vt 0.10934699 0.08517051
vt 0.11359394 0.08511031
vt 0.11780989 0.08505058
vt 0.10508323 0.08523095
vt 0.10081059 0.08529150
vt 0.07715166 0.03388494
vt 0.07695866 0.02804118
vt 0.07534529 0.02829313
vt 0.07550887 0.03397977
vt 0.07720960 0.03972745
vt 0.07555826 0.03977305
vt 0.07472505 0.02298939
vt 0.07635034 0.02221334
vt 0.07722622 0.04556888
vt 0.07557271 0.04560030
vt 0.07723094 0.05141002
vt 0.07557687 0.05143690
vt 0.07723017 0.05725110
vt 0.07557588 0.05727285
vt 0.07721748 0.06309205
vt 0.07556348 0.06309700
vt 0.07716337 0.06893229
vt 0.07551500 0.06888229
vt 0.07697418 0.07476765
vt 0.07538906 0.07457495
vt 0.07636935 0.08056360
vt 0.07458226 0.07971936
vt 0.06733203 0.07552201
vt 0.07074291 0.08308023
vt 0.06565452 0.08359098
vt 0.07338156 0.06997263
vt 0.06900947 0.06745303
vt 0.06396991 0.06799722
vt 0.06020229 0.07140720
vt 0.05915442 0.07638651
vt 0.06123370 0.08103806
vt 0.32938758 0.07466608
vt 0.33000523 0.08048683
vt 0.33175337 0.07961744
vt 0.33094764 0.07445616
vt 0.32919383 0.06882298
vt 0.33083487 0.06873095
vt 0.32913560 0.06298053
vt 0.33078909 0.06293494
vt 0.32911903 0.05713910
vt 0.33077508 0.05710769
vt 0.32911432 0.05129802
vt 0.33077079 0.05127114
vt 0.32911491 0.04545707
vt 0.33077192 0.04543513
vt 0.32912773 0.03961605
vt 0.33078459 0.03961152
vt 0.32918191 0.03377587
vt 0.33083704 0.03382891
vt 0.32937071 0.02794003
vt 0.33101475 0.02817202
vt 0.32996643 0.02213776
vt 0.33163404 0.02289975
vt 0.34509593 0.08094072
vt 0.34204990 0.07818007
vt 0.33983886 0.07945478
vt 0.34067386 0.08349013
vt 0.33729577 0.07919812
vt 0.33558768 0.08297694
vt 0.33537862 0.07751840
vt 0.33497575 0.07493776
vt 0.33598194 0.07264018
vt 0.33296001 0.06986099
vt 0.33816895 0.07138383
vt 0.33733404 0.06734830
vt 0.34068802 0.07165891
vt 0.34237218 0.06789845
vt 0.34256989 0.07336557
vt 0.34613591 0.07131183
vt 0.34309131 0.07585549
vt 0.34717876 0.07629168
vt 0.20453191 0.19014668
vt 0.20452535 0.18770951
vt 0.20312701 0.18773645
vt 0.20314540 0.19012171
vt 0.20174435 0.18770963
vt 0.20175132 0.19015396
vt 0.21397844 0.19013041
vt 0.20440581 0.19170564
vt 0.21402571 0.19171536
vt 0.21397597 0.18768644
vt 0.21542448 0.19016892
vt 0.21543586 0.18764901
vt 0.21402106 0.18611956
vt 0.20439182 0.18613321
vt 0.17675060 0.19026774
vt 0.17664717 0.19183588
vt 0.20186862 0.19173211
vt 0.17674400 0.18782401
vt 0.17534985 0.18785608
vt 0.17536797 0.19024104
vt 0.17396328 0.18783098
vt 0.17396978 0.19026810
vt 0.16451672 0.18784732
vt 0.17408940 0.18627208
vt 0.16446939 0.18626243
vt 0.16451916 0.19029129
vt 0.16447416 0.19185817
vt 0.17410330 0.19184440
vt 0.16307072 0.18780881
vt 0.16305926 0.19032872
vt 0.17537065 0.19150549
vt 0.16329238 0.19160098
vt 0.17662704 0.18624616
vt 0.20184749 0.18614113
vt 0.20178361 0.18465453
vt 0.17667355 0.18476444
vt 0.20162231 0.17515653
vt 0.20325956 0.18467438
vt 0.20310187 0.17501616
vt 0.17664200 0.17527175
vt 0.17516740 0.17522043
vt 0.17518777 0.18482119
vt 0.20161875 0.17368418
vt 0.17659065 0.17378044
vt 0.20171000 0.17211747
vt 0.17664255 0.17220098
vt 0.20165037 0.16967577
vt 0.20318621 0.17204326
vt 0.20309986 0.16958505
vt 0.17664379 0.16976535
vt 0.20167755 0.16810280
vt 0.17659797 0.16818672
vt 0.20163293 0.16661650
vt 0.17663996 0.16670221
vt 0.17519785 0.16972721
vt 0.17518283 0.17223853
vt 0.20179950 0.15717387
vt 0.20310521 0.16671532
vt 0.20329435 0.15722889
vt 0.17646958 0.15714663
vt 0.20180015 0.15568590
vt 0.17647186 0.15565866
vt 0.17497908 0.15720493
vt 0.17516358 0.16679752
vt 0.20210294 0.15571624
vt 0.20321883 0.15606421
vt 0.20286007 0.16789329
vt 0.17616715 0.15569019
vt 0.17505251 0.15603942
vt 0.17542079 0.16845310
vt 0.17541261 0.16797757
vt 0.20312428 0.18647188
vt 0.20304319 0.18587929
vt 0.20314218 0.19138467
vt 0.21520145 0.19144773
vt 0.20285021 0.16833168
vt 0.17542869 0.18601340
vt 0.17535315 0.18659323
vt 0.17541066 0.17351383
vt 0.17539775 0.17402345
vt 0.16329364 0.18652999
vt 0.20277721 0.17376238
vt 0.20318690 0.17255133
vt 0.21520281 0.18637687
vt 0.72039014 0.96162093
vt 0.72421199 0.96443844
vt 0.72879642 0.96041560
vt 0.72198188 0.95835531
vt 0.71252489 0.95745385
vt 0.71354473 0.96255839
vt 0.71660441 0.96863121
vt 0.73292738 0.95589316
vt 0.73810399 0.96172398
vt 0.73888701 0.94821841
vt 0.74432105 0.95598066
vt 0.74675220 0.96606094
vt 0.75050718 0.95349807
vt 0.75371104 0.96388221
vt 0.75458151 0.97740316
vt 0.74734455 0.97851056
vt 0.73926800 0.98067391
vt 0.73980886 0.96989834
vt 0.73454988 0.97201532
vt 0.73292226 0.96563858
vt 0.73044986 0.97347301
vt 0.73164994 0.98196679
vt 0.72587079 0.97958708
vt 0.72109586 0.97481227
vt 0.72811127 0.96929568
vt 0.71404952 0.99115592
vt 0.71184486 0.98660249
vt 0.69437838 0.98994029
vt 0.69541365 0.99459678
vt 0.69251901 0.98271370
vt 0.70853806 0.98002493
vt 0.68983543 0.97263348
vt 0.70462859 0.97125304
vt 0.68780071 0.96289831
vt 0.70196563 0.96290869
vt 0.68706930 0.95636702
vt 0.70106417 0.95695424
vt 0.68698698 0.95238030
vt 0.70098692 0.95259154
vt 0.71196342 0.95270479
vt 0.68696630 0.94975340
vt 0.70083243 0.94927436
vt 0.71102589 0.94846052
vt 0.72548944 0.94791454
vt 0.72378981 0.95355982
vt 0.71224666 0.94432443
vt 0.72603029 0.94254738
vt 0.73853660 0.93908596
vt 0.71418858 0.93844211
vt 0.72500020 0.93701535
vt 0.72343433 0.93225592
vt 0.73332393 0.93396091
vt 0.72777134 0.92818677
vt 0.71897370 0.92303592
vt 0.71562052 0.93132365
vt 0.73696560 0.92945904
vt 0.73188168 0.92345315
vt 0.74167353 0.93020076
vt 0.73605388 0.92036778
vt 0.70138347 0.93916321
vt 0.70095605 0.94517946
vt 0.68692005 0.94592118
vt 0.68733722 0.93989980
vt 0.68888247 0.93001533
vt 0.70317608 0.93057156
vt 0.69198328 0.91803437
vt 0.70646751 0.92009479
vt 0.69488317 0.90822208
vt 0.67928642 0.90555912
vt 0.67687070 0.91576809
vt 0.66111416 0.91316175
vt 0.67399132 0.92836189
vt 0.65858001 0.92589980
vt 0.64294201 0.92336041
vt 0.65674627 0.93685567
vt 0.64120102 0.93475413
vt 0.62558877 0.93293583
vt 0.64043349 0.94190866
vt 0.62481099 0.94048184
vt 0.60918850 0.93897778
vt 0.62461525 0.94509703
vt 0.60894644 0.94366503
vt 0.59322602 0.94286156
vt 0.60887945 0.94777542
vt 0.59312814 0.94697708
vt 0.57725322 0.94625592
vt 0.59309202 0.95055175
vt 0.57719654 0.94973272
vt 0.56109506 0.94898069
vt 0.57709867 0.95573866
vt 0.56104863 0.95485270
vt 0.54502434 0.95410067
vt 0.56117225 0.96481961
vt 0.54530764 0.96400064
vt 0.52956152 0.96344954
vt 0.54567856 0.97586298
vt 0.52987057 0.97524488
vt 0.51392353 0.97502345
vt 0.53015900 0.98419708
vt 0.51406777 0.98404777
vt 0.49802801 0.97501320
vt 0.49802801 0.96349585
vt 0.51369697 0.96341854
vt 0.49802801 0.95406467
vt 0.51344967 0.95385343
vt 0.49802801 0.94811028
vt 0.51313549 0.94801760
vt 0.49802801 0.94399989
vt 0.51304275 0.94432443
vt 0.49802801 0.93954438
vt 0.51303762 0.93996680
vt 0.49802801 0.93386817
vt 0.51318693 0.93437809
vt 0.49802801 0.92473060
vt 0.51365060 0.92540020
vt 0.49802801 0.91245091
vt 0.51451594 0.91314632
vt 0.49802801 0.90164959
vt 0.51539153 0.90212858
vt 0.49802801 0.89518017
vt 0.51573145 0.89539647
vt 0.49802801 0.89164150
vt 0.51563877 0.89170331
vt 0.49802801 0.88792264
vt 0.51528847 0.88795346
vt 0.49802801 0.88368344
vt 0.51488674 0.88379157
vt 0.49802801 0.87928975
vt 0.51454163 0.87952155
vt 0.49802801 0.87552446
vt 0.51429439 0.87584901
vt 0.49802801 0.87200129
vt 0.51416045 0.87250608
vt 0.53055042 0.87283576
vt 0.53092128 0.87599838
vt 0.54742467 0.87551934
vt 0.54695588 0.87221247
vt 0.54788315 0.87949574
vt 0.53136945 0.87971210
vt 0.54832608 0.88388944
vt 0.53190511 0.88396674
vt 0.54872781 0.88814926
vt 0.53246146 0.88813370
vt 0.54899573 0.89223897
vt 0.53290439 0.89205360
vt 0.54888231 0.89688504
vt 0.53294045 0.89623094
vt 0.54815608 0.90456498
vt 0.53226060 0.90344203
vt 0.54680133 0.91627806
vt 0.53083897 0.91479969
vt 0.54559612 0.92826921
vt 0.52953577 0.92689908
vt 0.54505527 0.93650544
vt 0.52891248 0.93552673
vt 0.54490590 0.94148105
vt 0.52874255 0.94083726
vt 0.54491103 0.94534940
vt 0.52878374 0.94489098
vt 0.54494196 0.94836783
vt 0.52891248 0.94792485
vt 0.52918029 0.95367318
vt 0.56114137 0.94575632
vt 0.56119800 0.94187260
vt 0.57735628 0.94222283
vt 0.57755709 0.93747890
vt 0.59347838 0.93802494
vt 0.59419435 0.93010288
vt 0.60997653 0.93120515
vt 0.61159390 0.91938394
vt 0.62728339 0.92116618
vt 0.62924069 0.90857744
vt 0.64514142 0.91062236
vt 0.64655787 0.90116024
vt 0.66302514 0.90327722
vt 0.66406560 0.89682841
vt 0.68071836 0.89903814
vt 0.69669110 0.90187621
vt 0.70978463 0.91143626
vt 0.71209735 0.90579599
vt 0.68153733 0.89508742
vt 0.69776767 0.89826548
vt 0.71360654 0.90255612
vt 0.72604072 0.91148257
vt 0.72842544 0.90889680
vt 0.69914299 0.89356273
vt 0.71544534 0.89808005
vt 0.73131520 0.90389019
vt 0.73976767 0.91814774
vt 0.74469697 0.91541266
vt 0.71714514 0.89255840
vt 0.73189193 0.89673567
vt 0.72281629 0.91604626
vt 0.70066762 0.88794321
vt 0.68246454 0.89013743
vt 0.66469395 0.89249140
vt 0.64720684 0.89515954
vt 0.63037908 0.89964592
vt 0.61339670 0.90705800
vt 0.59563148 0.91829717
vt 0.57810313 0.92956203
vt 0.56133193 0.93710804
vt 0.56181610 0.92907786
vt 0.56280512 0.91721541
vt 0.57920027 0.91769451
vt 0.58037978 0.90565181
vt 0.59717673 0.90612566
vt 0.56389195 0.90532213
vt 0.56450486 0.89736927
vt 0.58102876 0.89749801
vt 0.56467485 0.89245528
vt 0.58122975 0.89243984
vt 0.56463879 0.88807195
vt 0.58121943 0.88800496
vt 0.56447917 0.88352376
vt 0.58110088 0.88327134
vt 0.56425250 0.87870258
vt 0.58093613 0.87816173
vt 0.56396925 0.87428832
vt 0.58076608 0.87348473
vt 0.58057040 0.86956501
vt 0.59771752 0.87310874
vt 0.59756821 0.86904991
vt 0.56361383 0.87063116
vt 0.49802801 0.98952824
vt 0.51422745 0.98932219
vt 0.49802801 0.98408383
vt 0.53043199 0.98928094
vt 0.54599786 0.98478949
vt 0.54623485 0.98986304
vt 0.56180584 0.99082619
vt 0.56171829 0.98562384
vt 0.56147105 0.97669750
vt 0.57755202 0.98651499
vt 0.57740778 0.97761434
vt 0.57716054 0.96576220
vt 0.59341657 0.97856718
vt 0.59318483 0.96675116
vt 0.59305602 0.95669156
vt 0.60925037 0.96787918
vt 0.60902369 0.95781958
vt 0.60889494 0.95155102
vt 0.62503248 0.95902485
vt 0.62477499 0.95266360
vt 0.62465650 0.94910949
vt 0.64058799 0.95419854
vt 0.64038205 0.95008302
vt 0.64027900 0.94628686
vt 0.65597367 0.95096898
vt 0.65588093 0.94778574
vt 0.65599936 0.94365996
vt 0.67149311 0.94897044
vt 0.67153955 0.94513822
vt 0.67213702 0.93878722
vt 0.67158079 0.95166433
vt 0.67184854 0.95562017
vt 0.65625697 0.95505875
vt 0.67245120 0.96239352
vt 0.65674627 0.96176004
vt 0.64093316 0.96066803
vt 0.65763223 0.97206175
vt 0.64149463 0.97080493
vt 0.62536734 0.96923387
vt 0.64199942 0.98214191
vt 0.62563515 0.98085934
vt 0.60946149 0.97966951
vt 0.62565577 0.98942518
vt 0.60951817 0.98847234
vt 0.59351963 0.98747301
vt 0.60953867 0.99381375
vt 0.59354538 0.99281967
vt 0.57756233 0.99177915
vt 0.64221573 0.99035746
vt 0.62568152 0.99454004
vt 0.64235485 0.99528176
vt 0.65953803 0.99571443
vt 0.65923411 0.99098593
vt 0.67721069 0.99598229
vt 0.67662346 0.99124867
vt 0.65862632 0.98315156
vt 0.67550558 0.98359966
vt 0.67380589 0.97273129
vt 0.59808838 0.89784831
vt 0.61444753 0.89850754
vt 0.61476171 0.89326400
vt 0.63077569 0.89404178
vt 0.63087875 0.88964295
vt 0.64754170 0.89084828
vt 0.64789712 0.88580561
vt 0.66525030 0.88756210
vt 0.66594052 0.88169008
vt 0.68348950 0.88441485
vt 0.68444240 0.87909406
vt 0.70200163 0.88271505
vt 0.71856672 0.88707268
vt 0.73264402 0.89045167
vt 0.70304215 0.87850684
vt 0.71961755 0.88268930
vt 0.73291188 0.88576949
vt 0.64836067 0.87983060
vt 0.63099718 0.88457453
vt 0.61476171 0.88891155
vt 0.59834081 0.89273345
vt 0.59826869 0.88837588
vt 0.59810907 0.88341558
vt 0.61461753 0.88395131
vt 0.61450934 0.87832141
vt 0.63112086 0.87884676
vt 0.63128054 0.87362897
vt 0.64871097 0.87456131
vt 0.66658950 0.87630737
vt 0.64900964 0.87038910
vt 0.66703254 0.87229490
vt 0.68518424 0.87494761
vt 0.63142985 0.86940014
vt 0.61446297 0.87319112
vt 0.61442173 0.86900353
vt 0.59791839 0.87795568
vt 0.74464041 0.92807859
vt 0.74951309 0.92673421
vt 0.74946159 0.93590277
vt 0.74579418 0.93765914
vt 0.74576336 0.94447374
vt 0.27567104 0.96161574
vt 0.27407944 0.95835531
vt 0.26725969 0.96038985
vt 0.27184910 0.96442306
vt 0.28354663 0.95744872
vt 0.28251651 0.96254808
vt 0.27945685 0.96862090
vt 0.26313904 0.95587772
vt 0.25795728 0.96169823
vt 0.25718978 0.94819784
vt 0.25175050 0.95597047
vt 0.24931414 0.96605068
vt 0.24556948 0.95348769
vt 0.24236052 0.96388733
vt 0.24151063 0.97741348
vt 0.24875270 0.97850025
vt 0.25682926 0.98066878
vt 0.25626263 0.96988803
vt 0.26151654 0.97199476
vt 0.26313904 0.96561801
vt 0.26562172 0.97345245
vt 0.26442155 0.98195130
vt 0.27019569 0.97956645
vt 0.27497050 0.97479683
vt 0.26794991 0.96927506
vt 0.28197572 0.99119198
vt 0.28421116 0.98657686
vt 0.30165702 0.98992485
vt 0.30059084 0.99465328
vt 0.30352682 0.98268789
vt 0.28751796 0.97999400
vt 0.30622587 0.97260767
vt 0.29143265 0.97123241
vt 0.30825529 0.96287256
vt 0.29410079 0.96288806
vt 0.30898675 0.95633614
vt 0.29499701 0.95693368
vt 0.30906910 0.95234942
vt 0.29507428 0.95258117
vt 0.28409785 0.95269454
vt 0.30909485 0.94973797
vt 0.29522368 0.94925374
vt 0.28503525 0.94845021
vt 0.27056655 0.94790417
vt 0.27227670 0.95354956
vt 0.28381968 0.94431400
vt 0.27003598 0.94253701
vt 0.25752977 0.93908596
vt 0.28187266 0.93842667
vt 0.27106100 0.93701017
vt 0.27262175 0.93225592
vt 0.26272687 0.93397123
vt 0.26828471 0.92819703
vt 0.27710298 0.92305654
vt 0.28044587 0.93132365
vt 0.25910592 0.92945904
vt 0.26417950 0.92345828
vt 0.25439802 0.93018526
vt 0.25999704 0.92034209
vt 0.29468280 0.93914777
vt 0.29510516 0.94515884
vt 0.30913609 0.94590050
vt 0.30871892 0.93988436
vt 0.30717361 0.92999470
vt 0.29289034 0.93056136
vt 0.30406764 0.91799837
vt 0.28959891 0.92008448
vt 0.30115229 0.90816545
vt 0.31676453 0.90553337
vt 0.31918544 0.91575772
vt 0.33493671 0.91316688
vt 0.32206473 0.92835671
vt 0.33747610 0.92590493
vt 0.35311404 0.92336559
vt 0.33930978 0.93686593
vt 0.35485503 0.93476444
vt 0.37046206 0.93294615
vt 0.35562253 0.94192404
vt 0.37124506 0.94050759
vt 0.38686240 0.93899834
vt 0.37143558 0.94510728
vt 0.38710964 0.94369078
vt 0.40283003 0.94287181
vt 0.38717145 0.94779605
vt 0.40292275 0.94698220
vt 0.41879767 0.94628167
vt 0.40296397 0.95059299
vt 0.41884920 0.94974822
vt 0.43495592 0.94898069
vt 0.41895217 0.95575929
vt 0.43500736 0.95485270
vt 0.45102656 0.95410585
vt 0.43488377 0.96482474
vt 0.45075348 0.96400577
vt 0.46649444 0.96345460
vt 0.45037749 0.97586823
vt 0.46619061 0.97525007
vt 0.48213762 0.97502345
vt 0.46589699 0.98419708
vt 0.48199338 0.98404777
vt 0.48235917 0.96342367
vt 0.48261148 0.95385855
vt 0.48291543 0.94801760
vt 0.48301333 0.94432443
vt 0.48301846 0.93996161
vt 0.48286912 0.93437809
vt 0.48240548 0.92540020
vt 0.48154020 0.91314632
vt 0.48066449 0.90213376
vt 0.48031938 0.89541191
vt 0.48041731 0.89169300
vt 0.48076746 0.88794321
vt 0.48116416 0.88378644
vt 0.48151436 0.87952155
vt 0.48176166 0.87584901
vt 0.48190072 0.87251121
vt 0.46550044 0.87281001
vt 0.46513468 0.87599325
vt 0.44864681 0.87557089
vt 0.44911557 0.87227428
vt 0.44818327 0.87952673
vt 0.46468654 0.87972242
vt 0.44773519 0.88392043
vt 0.46415603 0.88396674
vt 0.44732821 0.88816983
vt 0.46359971 0.88812345
vt 0.44705525 0.89223385
vt 0.46316192 0.89206392
vt 0.44716340 0.89685929
vt 0.46312067 0.89624637
vt 0.44789478 0.90454435
vt 0.46378514 0.90344727
vt 0.44924948 0.91626769
vt 0.46521199 0.91479969
vt 0.45045993 0.92826921
vt 0.46651515 0.92689908
vt 0.45099565 0.93650544
vt 0.46714357 0.93552673
vt 0.45115015 0.94148624
vt 0.46731865 0.94082689
vt 0.45115015 0.94535452
vt 0.46727747 0.94488066
vt 0.45111924 0.94837296
vt 0.46714866 0.94792485
vt 0.46687570 0.95368350
vt 0.43491465 0.94579238
vt 0.43485802 0.94190353
vt 0.41869977 0.94224852
vt 0.41849890 0.93749958
vt 0.40257767 0.93804544
vt 0.40186170 0.93012869
vt 0.38607949 0.93122578
vt 0.38445181 0.91941488
vt 0.36876747 0.92117643
vt 0.36682045 0.90856206
vt 0.35091978 0.91062754
vt 0.34950328 0.90116543
vt 0.33303604 0.90327215
vt 0.33200073 0.89680779
vt 0.31534290 0.89899695
vt 0.29933402 0.90180409
vt 0.28625605 0.91142589
vt 0.28392267 0.90579087
vt 0.31453928 0.89510292
vt 0.29829356 0.89832729
vt 0.28240836 0.90253556
vt 0.27004117 0.91154438
vt 0.26755333 0.90878868
vt 0.29692858 0.89362460
vt 0.28059009 0.89806461
vt 0.26467401 0.90379244
vt 0.25630388 0.91814262
vt 0.25135383 0.91539723
vt 0.27891091 0.89253777
vt 0.26413831 0.89664292
vt 0.27326557 0.91609770
vt 0.29540908 0.88799989
vt 0.31359157 0.89016318
vt 0.33136716 0.89247072
vt 0.34883884 0.89512861
vt 0.36568725 0.89959955
vt 0.38265413 0.90709919
vt 0.40042976 0.91833836
vt 0.41795802 0.92958266
vt 0.43471894 0.93713373
vt 0.43424505 0.92909336
vt 0.43324581 0.91722578
vt 0.41685578 0.91771507
vt 0.41567624 0.90566730
vt 0.39887932 0.90618747
vt 0.43215895 0.90533757
vt 0.43154600 0.89738470
vt 0.41501179 0.89750320
vt 0.43135545 0.89242446
vt 0.41480580 0.89239872
vt 0.43140692 0.88800496
vt 0.41482633 0.88791740
vt 0.43157691 0.88346195
vt 0.41495514 0.88316834
vt 0.43181899 0.87865627
vt 0.41512513 0.87806386
vt 0.43210748 0.87427282
vt 0.41530538 0.87340236
vt 0.41551656 0.86951858
vt 0.39833337 0.87295425
vt 0.39849299 0.86889529
vt 0.43247318 0.87065184
vt 0.38156730 0.87307787
vt 0.39813760 0.87779093
vt 0.38152611 0.87820292
vt 0.36492494 0.87882102
vt 0.36505884 0.88455904
vt 0.38143343 0.88382256
vt 0.38129947 0.88878793
vt 0.39794189 0.88324040
vt 0.39777189 0.88821101
vt 0.39770493 0.89268196
vt 0.39796764 0.89791012
vt 0.38161883 0.89854878
vt 0.38132006 0.89322275
vt 0.36529577 0.89401084
vt 0.36518759 0.88963783
vt 0.34851432 0.89080709
vt 0.34815371 0.88576442
vt 0.33080575 0.88754654
vt 0.33010522 0.88167977
vt 0.31256145 0.88445091
vt 0.31160334 0.87913007
vt 0.29407501 0.88275629
vt 0.27750474 0.88704181
vt 0.26342234 0.89036411
vt 0.29301909 0.87848109
vt 0.27646428 0.88260174
vt 0.26318026 0.88570261
vt 0.34768507 0.87979972
vt 0.36476013 0.87361866
vt 0.34733993 0.87454581
vt 0.32945105 0.87630230
vt 0.34704119 0.87042004
vt 0.32900295 0.87227947
vt 0.31085134 0.87499911
vt 0.36459529 0.86942589
vt 0.38159823 0.86889017
vt 0.48183888 0.98932731
vt 0.46563435 0.98929131
vt 0.45006332 0.98478425
vt 0.44983664 0.98984241
vt 0.43426046 0.99075925
vt 0.43434295 0.98561871
vt 0.43458498 0.97670776
vt 0.41850922 0.98652011
vt 0.41864827 0.97763491
vt 0.41890070 0.96578282
vt 0.40263948 0.97859812
vt 0.40286094 0.96678722
vt 0.40300006 0.95673788
vt 0.38680571 0.96791017
vt 0.38702723 0.95785052
vt 0.38716117 0.95158195
vt 0.37101841 0.95904034
vt 0.37128109 0.95267904
vt 0.37139440 0.94911981
vt 0.35546282 0.95420885
vt 0.35567915 0.95008814
vt 0.35577706 0.94629204
vt 0.34008241 0.95096385
vt 0.34017515 0.94780117
vt 0.34005663 0.94368571
vt 0.32455775 0.94896525
vt 0.32452172 0.94514334
vt 0.32391903 0.93879241
vt 0.32447016 0.95163345
vt 0.32420233 0.95558923
vt 0.33979392 0.95504338
vt 0.32359967 0.96236271
vt 0.33929944 0.96173936
vt 0.35511258 0.96067321
vt 0.33840838 0.97205138
vt 0.35455114 0.97081000
vt 0.37068361 0.96924937
vt 0.35403603 0.98214698
vt 0.37041059 0.98086965
vt 0.38658425 0.97969013
vt 0.37038481 0.98942006
vt 0.38652757 0.98848778
vt 0.40253642 0.98749369
vt 0.38650700 0.99381375
vt 0.40251583 0.99282479
vt 0.41850406 0.99174309
vt 0.35381973 0.99035233
vt 0.37035394 0.99451429
vt 0.35368064 0.99524570
vt 0.33648708 0.99571961
vt 0.33679613 0.99098080
vt 0.31880423 0.99595654
vt 0.31939659 0.99123830
vt 0.33740914 0.98314631
vt 0.32052463 0.98358417
vt 0.32223988 0.97271073
vt 0.25140536 0.92807859
vt 0.24653785 0.92674452
vt 0.24658935 0.93589759
vt 0.25025159 0.93766952
vt 0.25029796 0.94447893
vt 0.56726855 0.84078884
vt 0.57484859 0.84964883
vt 0.58857858 0.83776885
vt 0.57319856 0.83013880
vt 0.55630857 0.82756883
vt 0.55481857 0.84286880
vt 0.55886859 0.85778880
vt 0.53801858 0.82776880
vt 0.56112856 0.81129885
vt 0.54057854 0.81044883
vt 0.52044857 0.81080884
vt 0.54421860 0.79358882
vt 0.52216858 0.79373884
vt 0.50065857 0.79393882
vt 0.50065857 0.77734882
vt 0.52398854 0.77716881
vt 0.50065857 0.76115882
vt 0.52550858 0.76091886
vt 0.50066859 0.74513882
vt 0.52652860 0.74473882
vt 0.50065857 0.72887886
vt 0.52692854 0.72841883
vt 0.50065857 0.71227884
vt 0.52673858 0.71176881
vt 0.50065857 0.69510883
vt 0.52605855 0.69459885
vt 0.52527857 0.67677885
vt 0.55199856 0.69274884
vt 0.55039859 0.67479885
vt 0.54987860 0.65632886
vt 0.57591856 0.67043883
vt 0.57511860 0.65190881
vt 0.55139858 0.63772881
vt 0.57734859 0.63336885
vt 0.58056855 0.61531883
vt 0.55392855 0.61952883
vt 0.52739859 0.62212884
vt 0.55557859 0.60233885
vt 0.52832860 0.60489881
vt 0.50065857 0.60580885
vt 0.50065857 0.59020883
vt 0.52833855 0.58898884
vt 0.50065857 0.57451886
vt 0.52718860 0.57343882
vt 0.50065857 0.55844885
vt 0.52508855 0.55745882
vt 0.50065857 0.54126883
vt 0.52265859 0.54050887
vt 0.50065857 0.52287883
vt 0.52082855 0.52247882
vt 0.50065857 0.50385886
vt 0.51972860 0.50372887
vt 0.50064856 0.48436886
vt 0.51874858 0.48433882
vt 0.50064856 0.46409887
vt 0.51802856 0.46405882
vt 0.50065857 0.44395882
vt 0.51819855 0.44356883
vt 0.53523856 0.44263881
vt 0.53516859 0.46363884
vt 0.55214858 0.44222885
vt 0.55222857 0.46285886
vt 0.56950855 0.46184886
vt 0.56945854 0.44365883
vt 0.57312858 0.42439884
vt 0.58674860 0.44583887
vt 0.59046859 0.42986882
vt 0.58105856 0.40575886
vt 0.59725857 0.41347885
vt 0.60670859 0.39697886
vt 0.59161860 0.38816887
vt 0.57705855 0.37953883
vt 0.58786857 0.36267883
vt 0.60260856 0.37062883
vt 0.61192858 0.35232884
vt 0.59641856 0.34485883
vt 0.58019859 0.33966887
vt 0.60223860 0.32575881
vt 0.58454859 0.32196885
vt 0.56382859 0.33650887
vt 0.56696856 0.31997883
vt 0.54757857 0.33521885
vt 0.54982859 0.31913882
vt 0.53324854 0.31908888
vt 0.53172857 0.33508885
vt 0.51616859 0.33537883
vt 0.51693857 0.31947887
vt 0.50064856 0.31972885
vt 0.50065857 0.30449885
vt 0.51693857 0.30417883
vt 0.50065857 0.28865886
vt 0.51617855 0.28845882
vt 0.50065857 0.27122885
vt 0.51525855 0.27128887
vt 0.50065857 0.25184882
vt 0.51493859 0.25236881
vt 0.51589859 0.23264885
vt 0.50065857 0.23184884
vt 0.50064856 0.33554882
vt 0.51536858 0.35243887
vt 0.50065857 0.35269886
vt 0.50065857 0.37093884
vt 0.51539856 0.37042886
vt 0.51634860 0.38848883
vt 0.50064856 0.38933885
vt 0.53017855 0.35178882
vt 0.54504859 0.35116887
vt 0.54503858 0.36662883
vt 0.55581856 0.36336887
vt 0.55938858 0.35199887
vt 0.57337856 0.35613883
vt 0.56405854 0.37064886
vt 0.55018860 0.38490885
vt 0.53033859 0.36906886
vt 0.53209859 0.38657886
vt 0.54574859 0.40168881
vt 0.53369856 0.40382886
vt 0.55403858 0.41709882
vt 0.53537858 0.42199886
vt 0.56584859 0.39668882
vt 0.51834857 0.42419887
vt 0.51758856 0.40618885
vt 0.50065857 0.42510885
vt 0.50064856 0.40725887
vt 0.48295861 0.42419887
vt 0.48310861 0.44356883
vt 0.46606860 0.44263881
vt 0.48327860 0.46405882
vt 0.46614861 0.46363884
vt 0.44915861 0.44222885
vt 0.44907859 0.46285886
vt 0.43180859 0.46183884
vt 0.43184862 0.44364882
vt 0.42817861 0.42439884
vt 0.41456860 0.44583887
vt 0.41083860 0.42986882
vt 0.42025861 0.40575886
vt 0.40404859 0.41347885
vt 0.39459860 0.39697886
vt 0.40969861 0.38816887
vt 0.42424861 0.37953883
vt 0.41344860 0.36267883
vt 0.39869860 0.37062883
vt 0.38938859 0.35232884
vt 0.40488860 0.34485883
vt 0.42110860 0.33966887
vt 0.39907861 0.32576883
vt 0.41676861 0.32196885
vt 0.43747860 0.33650887
vt 0.43434861 0.31997883
vt 0.45373860 0.33521885
vt 0.45147860 0.31914884
vt 0.46805862 0.31908888
vt 0.46958861 0.33508885
vt 0.48513860 0.33537883
vt 0.48436859 0.31947887
vt 0.48436859 0.30417883
vt 0.48513860 0.28845882
vt 0.48605859 0.27128887
vt 0.48636860 0.25236881
vt 0.48541859 0.23264885
vt 0.48594859 0.35243887
vt 0.48591861 0.37042886
vt 0.48495859 0.38848883
vt 0.47113860 0.35178882
vt 0.45626861 0.35116887
vt 0.45626861 0.36662883
vt 0.44548860 0.36336887
vt 0.44192860 0.35199887
vt 0.42792860 0.35613883
vt 0.43724859 0.37064886
vt 0.45111859 0.38490885
vt 0.47097859 0.36906886
vt 0.46920860 0.38657886
vt 0.45556861 0.40168881
vt 0.46761861 0.40382886
vt 0.44727859 0.41709882
vt 0.46592861 0.42199886
vt 0.43545860 0.39668882
vt 0.48371860 0.40618885
vt 0.72048855 0.35274887
vt 0.71318859 0.33352882
vt 0.70264858 0.34017885
vt 0.70434856 0.35658884
vt 0.70314854 0.37844884
vt 0.71713859 0.37978882
vt 0.72288859 0.31843883
vt 0.73229855 0.33045882
vt 0.74443859 0.34620887
vt 0.73416859 0.36677885
vt 0.72706854 0.38178885
vt 0.71500856 0.40313882
vt 0.72919858 0.39872885
vt 0.74269855 0.38538885
vt 0.70036858 0.33076882
vt 0.70865858 0.32450885
vt 0.70553857 0.31927884
vt 0.71678859 0.31117886
vt 0.71236855 0.30668885
vt 0.70783859 0.30272889
vt 0.71653855 0.28624886
vt 0.71071857 0.28315884
vt 0.70475858 0.28064883
vt 0.70558858 0.25148886
vt 0.70012856 0.25226885
vt 0.69467854 0.25321889
vt 0.68972856 0.22153884
vt 0.68499857 0.22413886
vt 0.68038857 0.22657883
vt 0.67018855 0.19564885
vt 0.66623855 0.19890887
vt 0.67604858 0.22868884
vt 0.66247857 0.20177889
vt 0.67245859 0.23048884
vt 0.65936857 0.20419884
vt 0.65588856 0.20688885
vt 0.64153856 0.17943883
vt 0.63855857 0.18261886
vt 0.63498855 0.18648887
vt 0.61673856 0.16105884
vt 0.61375856 0.16543889
vt 0.60980856 0.17109883
vt 0.58859855 0.14829886
vt 0.58545858 0.15456885
vt 0.56044859 0.13609886
vt 0.56204855 0.13085884
vt 0.59093857 0.14346886
vt 0.56332856 0.12652886
vt 0.59282857 0.13951886
vt 0.56433856 0.12295884
vt 0.59439856 0.13623887
vt 0.56554860 0.11883885
vt 0.59622860 0.13240886
vt 0.56698859 0.11408889
vt 0.59834856 0.12799883
vt 0.56852859 0.10922885
vt 0.60050857 0.12344885
vt 0.57016855 0.10439885
vt 0.60270858 0.11885887
vt 0.57175857 0.09981883
vt 0.60481858 0.11441886
vt 0.57355857 0.09437883
vt 0.60723859 0.10911888
vt 0.57577854 0.08674884
vt 0.61033857 0.10146886
vt 0.53751856 0.08535886
vt 0.53874856 0.07784885
vt 0.50065857 0.07475889
vt 0.50065857 0.08243883
vt 0.53650856 0.09083885
vt 0.50065857 0.08788884
vt 0.53561854 0.09541887
vt 0.50066859 0.09242886
vt 0.53470856 0.10043883
vt 0.50065857 0.09751886
vt 0.53391856 0.10572886
vt 0.50065857 0.10306883
vt 0.53322858 0.11083889
vt 0.50066859 0.10836887
vt 0.53267854 0.11512887
vt 0.50065857 0.11263883
vt 0.53221858 0.11880887
vt 0.50065857 0.11624885
vt 0.53161860 0.12332886
vt 0.50065857 0.12071884
vt 0.53080857 0.12888885
vt 0.50065857 0.12636888
vt 0.52970856 0.13603884
vt 0.50065857 0.13362885
vt 0.52817857 0.14507890
vt 0.50065857 0.14266884
vt 0.52643859 0.15487885
vt 0.50065857 0.15292883
vt 0.52469856 0.16501886
vt 0.50065857 0.16335887
vt 0.52268857 0.17799884
vt 0.50065857 0.17660886
vt 0.52034855 0.19457889
vt 0.50065857 0.19345886
vt 0.51793855 0.21313888
vt 0.50065857 0.21228886
vt 0.53116858 0.23498887
vt 0.53492856 0.21622884
vt 0.53973860 0.19826889
vt 0.55118859 0.22168887
vt 0.55815858 0.20519888
vt 0.54447860 0.18262887
vt 0.56526858 0.19096887
vt 0.57487857 0.21527886
vt 0.58401859 0.20314884
vt 0.54850858 0.17064881
vt 0.57119858 0.18020886
vt 0.59153855 0.19397885
vt 0.60001856 0.21865886
vt 0.60869855 0.21115887
vt 0.57621855 0.17140883
vt 0.59801859 0.18621886
vt 0.61644858 0.20448887
vt 0.62245858 0.23060882
vt 0.63106859 0.22501886
vt 0.60442859 0.17827886
vt 0.62405854 0.19758886
vt 0.63954860 0.21927887
vt 0.64164859 0.24667883
vt 0.65042859 0.24205887
vt 0.63035858 0.19138885
vt 0.64652854 0.21418887
vt 0.65791857 0.23809886
vt 0.65665859 0.26389885
vt 0.66426855 0.26087886
vt 0.65175855 0.21013886
vt 0.66373855 0.23499882
vt 0.67065859 0.25884885
vt 0.66664857 0.27978885
vt 0.67301857 0.27831888
vt 0.66845858 0.23251885
vt 0.67596859 0.25733888
vt 0.67863858 0.27747887
vt 0.67363858 0.29190886
vt 0.67889857 0.29069889
vt 0.68049860 0.25614882
vt 0.68357855 0.27698886
vt 0.68372858 0.29010886
vt 0.68452859 0.25512886
vt 0.68794858 0.27683884
vt 0.68787855 0.29025888
vt 0.68710858 0.29660887
vt 0.68418854 0.29786885
vt 0.68628860 0.30344886
vt 0.68998855 0.29998887
vt 0.68941855 0.25418890
vt 0.69315857 0.27748883
vt 0.69263858 0.29213887
vt 0.69883859 0.27877885
vt 0.69769859 0.29520887
vt 0.69415855 0.30452883
vt 0.68981856 0.30885887
vt 0.70283860 0.29880887
vt 0.69846857 0.30946887
vt 0.69344854 0.31441885
vt 0.68526858 0.31062883
vt 0.68796855 0.31577885
vt 0.68147856 0.31102884
vt 0.68167859 0.31446886
vt 0.67570859 0.31012887
vt 0.67832857 0.30708885
vt 0.68218857 0.30528885
vt 0.70232856 0.31451887
vt 0.69642860 0.31990886
vt 0.69007856 0.32110888
vt 0.68218857 0.31917888
vt 0.69853860 0.32510883
vt 0.69128859 0.32614887
vt 0.68243855 0.32394886
vt 0.67406857 0.31441885
vt 0.67293859 0.31899887
vt 0.69181859 0.33186883
vt 0.68209857 0.32944882
vt 0.67163855 0.32417887
vt 0.66429859 0.31137884
vt 0.66188860 0.31639886
vt 0.68105859 0.33792883
vt 0.66970855 0.33211887
vt 0.65873855 0.32391888
vt 0.65346855 0.30590886
vt 0.64858860 0.31287885
vt 0.66645855 0.34518886
vt 0.65425855 0.33629882
vt 0.64187855 0.32501882
vt 0.62600857 0.30826885
vt 0.63915855 0.29745889
vt 0.63122857 0.27738887
vt 0.61849856 0.28236884
vt 0.63466859 0.34273887
vt 0.61958855 0.33245885
vt 0.66133857 0.36279887
vt 0.64816856 0.35334885
vt 0.65458858 0.38166887
vt 0.64052856 0.37198883
vt 0.62657857 0.36175883
vt 0.63168859 0.38983881
vt 0.61709857 0.37989885
vt 0.62249857 0.40624887
vt 0.64680856 0.39951885
vt 0.63891858 0.41577882
vt 0.63122857 0.43072885
vt 0.61418855 0.42151886
vt 0.62349856 0.44481885
vt 0.60764855 0.43616885
vt 0.61508858 0.45775884
vt 0.60222858 0.44975883
vt 0.59814858 0.45939887
vt 0.60434860 0.46805882
vt 0.64713860 0.44120884
vt 0.63768858 0.45566887
vt 0.62635857 0.46894884
vt 0.65079856 0.46796882
vt 0.63719857 0.48173887
vt 0.62102854 0.49394882
vt 0.61242855 0.48046887
vt 0.60251856 0.50418884
vt 0.59557855 0.48949885
vt 0.58975857 0.47477883
vt 0.58624858 0.46053886
vt 0.57703859 0.49600881
vt 0.57246858 0.47917885
vt 0.55802858 0.50029886
vt 0.55459857 0.48203886
vt 0.53888857 0.50275886
vt 0.53672856 0.48371887
vt 0.56205857 0.51755881
vt 0.54133856 0.52087885
vt 0.56721854 0.53391886
vt 0.54488856 0.53812885
vt 0.57310855 0.54973882
vt 0.54927856 0.55455881
vt 0.57837856 0.56542885
vt 0.55316859 0.57041883
vt 0.58168858 0.58137882
vt 0.55541855 0.58615881
vt 0.58239859 0.59795880
vt 0.60697860 0.57429886
vt 0.60881859 0.59150881
vt 0.60729855 0.60898882
vt 0.63173854 0.56512886
vt 0.63447857 0.58229882
vt 0.63289857 0.60050881
vt 0.62679857 0.61667883
vt 0.60379857 0.62617880
vt 0.60040855 0.64411885
vt 0.62192857 0.63392884
vt 0.66087860 0.58968884
vt 0.65454859 0.61016881
vt 0.65607858 0.55366886
vt 0.66065860 0.57073885
vt 0.68014854 0.54047883
vt 0.68657857 0.55781883
vt 0.68918860 0.57828885
vt 0.71289855 0.54379886
vt 0.71734858 0.56423885
vt 0.71960855 0.58727884
vt 0.68745857 0.60060883
vt 0.62252855 0.65433884
vt 0.60076857 0.66309881
vt 0.60320860 0.68257880
vt 0.62563854 0.67560881
vt 0.57818860 0.68875885
vt 0.60549855 0.70258886
vt 0.58006859 0.70698881
vt 0.55332857 0.71012884
vt 0.58061856 0.72520882
vt 0.55368859 0.72715884
vt 0.57949859 0.74326885
vt 0.55287856 0.74394882
vt 0.57675856 0.76098883
vt 0.55089855 0.76055884
vt 0.57243860 0.77811885
vt 0.54789859 0.77704883
vt 0.56696856 0.79478884
vt 0.59676856 0.78163880
vt 0.58974856 0.79885882
vt 0.58150858 0.81513882
vt 0.61171860 0.80633885
vt 0.60102856 0.82293880
vt 0.60197860 0.76315880
vt 0.61994857 0.78798884
vt 0.62579858 0.76754880
vt 0.60523856 0.74348885
vt 0.62916857 0.74508882
vt 0.60636860 0.72307885
vt 0.63007855 0.72147882
vt 0.62864858 0.69800884
vt 0.72123855 0.48237884
vt 0.69479859 0.47502881
vt 0.67815858 0.49457884
vt 0.69329858 0.50857884
vt 0.70510858 0.52514887
vt 0.73238856 0.50622886
vt 0.70573854 0.45163882
vt 0.72782856 0.44935882
vt 0.66389859 0.48117882
vt 0.67718858 0.46453887
vt 0.66196859 0.45268881
vt 0.68742859 0.44530886
vt 0.67129856 0.43573886
vt 0.65526855 0.42559886
vt 0.66265857 0.40859884
vt 0.67867857 0.41702884
vt 0.66928858 0.39004886
vt 0.68445855 0.39682883
vt 0.67484856 0.37044883
vt 0.68883860 0.37573886
vt 0.67881858 0.35192883
vt 0.69136858 0.35595882
vt 0.69204855 0.34093887
vt 0.58119857 0.16257888
vt 0.55534858 0.15146887
vt 0.55828857 0.14284885
vt 0.55193859 0.16097885
vt 0.57013857 0.24663889
vt 0.57810855 0.23891884
vt 0.56587857 0.22927886
vt 0.56009859 0.24327886
vt 0.58761859 0.25151885
vt 0.57359856 0.25660884
vt 0.55944860 0.25729883
vt 0.58934855 0.22829884
vt 0.60129857 0.24392885
vt 0.61305857 0.23660886
vt 0.61081856 0.26190889
vt 0.62320858 0.25637889
vt 0.63280857 0.25136888
vt 0.64029855 0.27227885
vt 0.64842856 0.26784885
vt 0.64656860 0.29121888
vt 0.65304857 0.28654885
vt 0.65787858 0.30101883
vt 0.65979856 0.28259885
vt 0.66279858 0.29704887
vt 0.66728860 0.30684888
vt 0.66814858 0.29391885
vt 0.67105860 0.30337882
vt 0.67532855 0.30094886
vt 0.67989856 0.29927886
vt 0.54625857 0.23877883
vt 0.54460859 0.25563884
vt 0.52955860 0.25369883
vt 0.53018856 0.27151883
vt 0.53193855 0.28801882
vt 0.54577857 0.27193886
vt 0.54826856 0.28766882
vt 0.56541860 0.28731883
vt 0.56200856 0.27197886
vt 0.57864857 0.27055883
vt 0.59538859 0.26697886
vt 0.58331859 0.28645885
vt 0.60151857 0.28500885
vt 0.58580858 0.30384886
vt 0.56757855 0.30337882
vt 0.55011857 0.30327886
vt 0.53335857 0.30355883
vt 0.60465854 0.30522883
vt 0.50065857 0.64151883
vt 0.50065857 0.65925884
vt 0.52513856 0.65875882
vt 0.52597857 0.64037883
vt 0.50065857 0.62304884
vt 0.50065857 0.67729884
vt 0.47617862 0.65875882
vt 0.47533861 0.64037883
vt 0.47391859 0.62212884
vt 0.47298861 0.60489881
vt 0.47296861 0.58898884
vt 0.47412860 0.57343882
vt 0.47622859 0.55745882
vt 0.47864860 0.54051882
vt 0.48048860 0.52247882
vt 0.48158860 0.50372887
vt 0.48255861 0.48433882
vt 0.46457860 0.48371887
vt 0.46242860 0.50275886
vt 0.44670859 0.48203886
vt 0.44329861 0.50030887
vt 0.42884859 0.47917885
vt 0.42427859 0.49600881
vt 0.41154861 0.47477883
vt 0.40573859 0.48950887
vt 0.38887861 0.48046887
vt 0.39878860 0.50418884
vt 0.38028860 0.49394882
vt 0.37494859 0.46893883
vt 0.36410859 0.48173887
vt 0.35051861 0.46796882
vt 0.36361861 0.45566887
vt 0.37780860 0.44481885
vt 0.35416859 0.44121885
vt 0.37008861 0.43072885
vt 0.38712859 0.42151886
vt 0.37880859 0.40625882
vt 0.36239859 0.41577882
vt 0.35450861 0.39951885
vt 0.36961859 0.38983881
vt 0.38420859 0.37989885
vt 0.37472859 0.36175883
vt 0.36077860 0.37198883
vt 0.35314861 0.35334885
vt 0.34672859 0.38166887
vt 0.33997861 0.36280882
vt 0.34705859 0.33630884
vt 0.33485860 0.34518886
vt 0.34256861 0.32391888
vt 0.33159861 0.33211887
vt 0.32966861 0.32417887
vt 0.32024860 0.33791882
vt 0.31920859 0.32944882
vt 0.31886861 0.32394886
vt 0.30948859 0.33186883
vt 0.31001860 0.32614887
vt 0.31122860 0.32110888
vt 0.30277860 0.32510883
vt 0.30488861 0.31990886
vt 0.30786860 0.31441885
vt 0.29898861 0.31451887
vt 0.30283859 0.30946887
vt 0.30714861 0.30452883
vt 0.29846859 0.29880887
vt 0.30361861 0.29520887
vt 0.30867860 0.29213887
vt 0.30247861 0.27876884
vt 0.30814859 0.27747887
vt 0.31336859 0.27683884
vt 0.31189859 0.25417888
vt 0.31678861 0.25512886
vt 0.31772861 0.27698886
vt 0.32080859 0.25613886
vt 0.32266861 0.27747887
vt 0.32534862 0.25732887
vt 0.33064860 0.25884885
vt 0.33284861 0.23251885
vt 0.33756861 0.23498887
vt 0.34339860 0.23809886
vt 0.34955859 0.21013886
vt 0.35478860 0.21418887
vt 0.36176860 0.21927887
vt 0.37095860 0.19138885
vt 0.37724862 0.19757885
vt 0.38486859 0.20448887
vt 0.39688861 0.17827886
vt 0.40328860 0.18620884
vt 0.40977859 0.19397885
vt 0.42509860 0.17140883
vt 0.43011859 0.18020886
vt 0.43603861 0.19096887
vt 0.45280859 0.17064881
vt 0.45683861 0.18262887
vt 0.46157861 0.19826889
vt 0.47862861 0.17799884
vt 0.48096859 0.19457889
vt 0.47661859 0.16501886
vt 0.47487861 0.15487885
vt 0.47313860 0.14507890
vt 0.47160861 0.13603884
vt 0.47049859 0.12888885
vt 0.46970859 0.12331885
vt 0.46909860 0.11880887
vt 0.46863860 0.11512887
vt 0.46808860 0.11083889
vt 0.46739861 0.10572886
vt 0.46660861 0.10043883
vt 0.46570861 0.09541887
vt 0.46480861 0.09083885
vt 0.46379861 0.08535886
vt 0.46256861 0.07784885
vt 0.42553860 0.08673882
vt 0.42775860 0.09437883
vt 0.39407861 0.10911888
vt 0.39098859 0.10145885
vt 0.39650860 0.11441886
vt 0.42956859 0.09981883
vt 0.39862859 0.11884886
vt 0.43114859 0.10438883
vt 0.40080860 0.12344885
vt 0.43278861 0.10921884
vt 0.40296862 0.12799883
vt 0.43432862 0.11407888
vt 0.40508860 0.13239884
vt 0.43576860 0.11883885
vt 0.40691862 0.13622886
vt 0.43697861 0.12295884
vt 0.40847859 0.13951886
vt 0.43798861 0.12652886
vt 0.41037861 0.14346886
vt 0.43926859 0.13085884
vt 0.41271859 0.14828885
vt 0.44086862 0.13609886
vt 0.41585860 0.15456885
vt 0.44303861 0.14284885
vt 0.42011860 0.16257888
vt 0.44596860 0.15146887
vt 0.44937861 0.16097885
vt 0.39150861 0.17108881
vt 0.36632860 0.18647885
vt 0.38755861 0.16543889
vt 0.38457862 0.16105884
vt 0.36275861 0.18261886
vt 0.34542862 0.20687884
vt 0.35977861 0.17943883
vt 0.34194860 0.20419884
vt 0.32884860 0.23049885
vt 0.33883861 0.20176888
vt 0.32526860 0.22867882
vt 0.33507860 0.19890887
vt 0.32092860 0.22656888
vt 0.33112860 0.19564885
vt 0.31631860 0.22413886
vt 0.30662861 0.25320888
vt 0.31158862 0.22152889
vt 0.30117860 0.25225890
vt 0.29655859 0.28064883
vt 0.29572859 0.25148886
vt 0.29058859 0.28315884
vt 0.29347861 0.30271888
vt 0.28477859 0.28623885
vt 0.28893861 0.30668885
vt 0.29576859 0.31927884
vt 0.28451860 0.31117886
vt 0.29265860 0.32450885
vt 0.30094859 0.33076882
vt 0.28811860 0.33352882
vt 0.29865861 0.34017885
vt 0.28082860 0.35274887
vt 0.29695860 0.35658884
vt 0.29816860 0.37844884
vt 0.28416860 0.37978882
vt 0.27841860 0.31843883
vt 0.26901859 0.33044887
vt 0.25686860 0.34620887
vt 0.26714861 0.36677885
vt 0.27423862 0.38178885
vt 0.28630862 0.40313882
vt 0.27210861 0.39873886
vt 0.25861859 0.38538885
vt 0.30925861 0.34093887
vt 0.30994859 0.35595882
vt 0.32249859 0.35192883
vt 0.31246859 0.37573886
vt 0.32645860 0.37044883
vt 0.31685859 0.39682883
vt 0.33201861 0.39004886
vt 0.32263860 0.41702884
vt 0.33865860 0.40859884
vt 0.33001861 0.43573886
vt 0.34603861 0.42560881
vt 0.33934861 0.45268881
vt 0.31387860 0.44530886
vt 0.32411861 0.46453887
vt 0.33741862 0.48117882
vt 0.30651861 0.47502881
vt 0.32315859 0.49457884
vt 0.28006861 0.48237884
vt 0.30801859 0.50857884
vt 0.29620859 0.52515882
vt 0.26892859 0.50622886
vt 0.29556862 0.45163882
vt 0.27348861 0.44935882
vt 0.34196860 0.50984883
vt 0.35325861 0.49546885
vt 0.36178860 0.52260882
vt 0.37119859 0.50795883
vt 0.38280860 0.53359884
vt 0.39097860 0.51874882
vt 0.40501860 0.54274887
vt 0.41211861 0.52750885
vt 0.41870859 0.51207882
vt 0.43409860 0.53391886
vt 0.43924859 0.51755881
vt 0.45997861 0.52087885
vt 0.45642859 0.53812885
vt 0.42819861 0.54973882
vt 0.45202860 0.55455881
vt 0.42293862 0.56542885
vt 0.44814861 0.57041883
vt 0.41962859 0.58137882
vt 0.44589859 0.58615881
vt 0.41891861 0.59795880
vt 0.44573861 0.60233885
vt 0.44738859 0.61952883
vt 0.44991860 0.63772881
vt 0.42074859 0.61531883
vt 0.42396861 0.63336885
vt 0.42619860 0.65191883
vt 0.45143861 0.65632886
vt 0.42539859 0.67043883
vt 0.45091861 0.67479885
vt 0.47603860 0.67677885
vt 0.44931859 0.69274884
vt 0.47525859 0.69459885
vt 0.47458860 0.71176881
vt 0.47439861 0.72841883
vt 0.47479859 0.74473882
vt 0.47580859 0.76091886
vt 0.47732860 0.77716881
vt 0.47914860 0.79373884
vt 0.48087859 0.81080884
vt 0.50065857 0.81104881
vt 0.51936859 0.82846880
vt 0.50065857 0.82868880
vt 0.50065857 0.84737885
vt 0.51954859 0.84697884
vt 0.53781855 0.84539884
vt 0.54082859 0.86323881
vt 0.52162856 0.86644882
vt 0.50217855 0.86762881
vt 0.48195860 0.82846880
vt 0.48177859 0.84697884
vt 0.46331862 0.82777882
vt 0.46350861 0.84539884
vt 0.44650862 0.84286880
vt 0.44500861 0.82756883
vt 0.43405861 0.84078884
vt 0.42812860 0.83014882
vt 0.41274861 0.83777881
vt 0.42647859 0.84964883
vt 0.44245860 0.85779881
vt 0.44018859 0.81129885
vt 0.46074861 0.81044883
vt 0.45709860 0.79358882
vt 0.46049860 0.86323881
vt 0.47968861 0.86644882
vt 0.49915859 0.86762881
vt 0.45342860 0.77704883
vt 0.43435860 0.79479885
vt 0.42887861 0.77812880
vt 0.45041859 0.76055884
vt 0.42456859 0.76098883
vt 0.44843861 0.74394882
vt 0.42181861 0.74326885
vt 0.44763860 0.72715884
vt 0.42070860 0.72520882
vt 0.44798860 0.71012884
vt 0.42124861 0.70699883
vt 0.42312860 0.68875885
vt 0.39581859 0.70259881
vt 0.39810860 0.68258882
vt 0.40054861 0.66309881
vt 0.37878859 0.65433884
vt 0.37567860 0.67561883
vt 0.40090859 0.64411885
vt 0.37938860 0.63392884
vt 0.37451860 0.61668885
vt 0.39751860 0.62617880
vt 0.39401859 0.60898882
vt 0.36841860 0.60051882
vt 0.34043860 0.58968884
vt 0.34676859 0.61016881
vt 0.39249861 0.59150881
vt 0.39432859 0.57429886
vt 0.36957860 0.56512886
vt 0.36683860 0.58229882
vt 0.34523860 0.55366886
vt 0.34065861 0.57073885
vt 0.32116860 0.54047883
vt 0.31473860 0.55781883
vt 0.31212860 0.57829881
vt 0.28841859 0.54380882
vt 0.28396860 0.56424886
vt 0.28170860 0.58727884
vt 0.31385860 0.60060883
vt 0.39866859 0.55824882
vt 0.37528861 0.54901886
vt 0.35275862 0.53782886
vt 0.33071861 0.52473885
vt 0.26116860 0.52657884
vt 0.24018860 0.48469883
vt 0.24595860 0.46112883
vt 0.21435860 0.46177882
vt 0.22140861 0.43821883
vt 0.24948861 0.43479884
vt 0.22834860 0.41384882
vt 0.23594861 0.38932884
vt 0.25299859 0.40885884
vt 0.27138859 0.42269886
vt 0.28948861 0.42728883
vt 0.30132860 0.40151882
vt 0.30642861 0.42407882
vt 0.24534860 0.36612886
vt 0.24474861 0.32614887
vt 0.25855860 0.30950886
vt 0.22642860 0.31387883
vt 0.23893860 0.30005884
vt 0.26999861 0.29648888
vt 0.24811859 0.29212886
vt 0.27871859 0.29003882
vt 0.27860859 0.24833888
vt 0.28534859 0.24995887
vt 0.29051861 0.25077885
vt 0.29775861 0.21376884
vt 0.30235860 0.21643889
vt 0.30687860 0.21893883
vt 0.31939861 0.18521887
vt 0.32318860 0.18864888
vt 0.32714862 0.19216883
vt 0.34414861 0.16151881
vt 0.34742859 0.16554886
vt 0.36942860 0.13807887
vt 0.36683860 0.13383889
vt 0.34101859 0.15757883
vt 0.36389861 0.12887883
vt 0.33755860 0.15310884
vt 0.35992861 0.12146884
vt 0.33271861 0.14639884
vt 0.37212861 0.14242887
vt 0.35073861 0.16952884
vt 0.37484860 0.14671886
vt 0.35405859 0.17327887
vt 0.37755859 0.15081882
vt 0.35719860 0.17661881
vt 0.38003859 0.15442884
vt 0.38210860 0.15747881
vt 0.98192859 0.42111886
vt 0.97979856 0.40129882
vt 0.95975858 0.40587884
vt 0.96326858 0.42439884
vt 0.99910641 0.39909881
vt 0.99934649 0.41970885
vt 0.97710860 0.38145882
vt 0.99838656 0.37843883
vt 0.97438860 0.36096883
vt 0.99647653 0.35727882
vt 0.97141856 0.33916885
vt 0.99458855 0.33472884
vt 0.96714854 0.31591886
vt 0.98976856 0.31060886
vt 0.96075857 0.29215884
vt 0.98332858 0.28586888
vt 0.95257854 0.26934886
vt 0.97607857 0.26186883
vt 0.94398856 0.24855888
vt 0.96865857 0.24007887
vt 0.93665856 0.23144889
vt 0.96228856 0.22239888
vt 0.93184859 0.21983886
vt 0.95798856 0.21060884
vt 0.95180857 0.36622882
vt 0.95553857 0.38661885
vt 0.93019855 0.37289882
vt 0.93491858 0.39360887
vt 0.94028854 0.41245884
vt 0.92097855 0.42075884
vt 0.91464859 0.40168881
vt 0.90144855 0.43048882
vt 0.89415854 0.41014886
vt 0.87379855 0.41916883
vt 0.88193858 0.44135886
vt 0.89270860 0.46048886
vt 0.86296856 0.45370883
vt 0.87401855 0.47551882
vt 0.91075855 0.44720882
vt 0.92776859 0.43656886
vt 0.94507855 0.42939883
vt 0.85417855 0.49189883
vt 0.84409857 0.46879882
vt 0.82381856 0.48721886
vt 0.83244854 0.51068884
vt 0.81605858 0.46321887
vt 0.83534855 0.44440883
vt 0.85402858 0.42985886
vt 0.82680857 0.42064881
vt 0.84607857 0.40635884
vt 0.86682856 0.39609885
vt 0.83799857 0.38416886
vt 0.85969859 0.37393886
vt 0.88211858 0.36564887
vt 0.88813859 0.38798887
vt 0.90421855 0.35804886
vt 0.90921855 0.38033885
vt 0.92621857 0.35091883
vt 0.94859856 0.34453887
vt 0.92175859 0.32867885
vt 0.94453859 0.32187885
vt 0.91498858 0.30709887
vt 0.93806857 0.29917884
vt 0.90549856 0.28666884
vt 0.92909855 0.27762884
vt 0.89509857 0.26739883
vt 0.91942859 0.25773883
vt 0.88570857 0.25076884
vt 0.91101855 0.24097884
vt 0.87893856 0.23920888
vt 0.90533859 0.22941887
vt 0.89135855 0.31556886
vt 0.89867860 0.33625883
vt 0.86716855 0.32414883
vt 0.87533855 0.34430885
vt 0.85741860 0.30457884
vt 0.88166857 0.29583883
vt 0.84653854 0.28581887
vt 0.87091857 0.27686888
vt 0.83568859 0.26999885
vt 0.86071855 0.26045883
vt 0.82711858 0.25933886
vt 0.85290855 0.24912888
vt 0.85185856 0.35296887
vt 0.84300858 0.33277887
vt 0.82928854 0.36296886
vt 0.81982857 0.34219885
vt 0.79907858 0.35374886
vt 0.80895859 0.37581885
vt 0.78143859 0.36952883
vt 0.78772855 0.33237886
vt 0.76999855 0.34664887
vt 0.75655860 0.32614887
vt 0.77487856 0.31387883
vt 0.74275857 0.30949885
vt 0.76237857 0.30005884
vt 0.73131859 0.29648888
vt 0.75319856 0.29212886
vt 0.72259855 0.29003882
vt 0.72270858 0.24833888
vt 0.71596855 0.24994886
vt 0.71079856 0.25077885
vt 0.70355856 0.21376884
vt 0.69894856 0.21642888
vt 0.69443858 0.21893883
vt 0.68191856 0.18521887
vt 0.67812860 0.18865883
vt 0.67415857 0.19216883
vt 0.65716857 0.16151881
vt 0.65388858 0.16555882
vt 0.63189858 0.13807887
vt 0.63447857 0.13384885
vt 0.66029859 0.15757883
vt 0.63741857 0.12887883
vt 0.66375858 0.15310884
vt 0.64139855 0.12147886
vt 0.66859859 0.14639884
vt 0.62918860 0.14242887
vt 0.65057856 0.16952884
vt 0.62646860 0.14671886
vt 0.64725858 0.17328888
vt 0.62375855 0.15082884
vt 0.64411855 0.17662883
vt 0.62127858 0.15442884
vt 0.61920857 0.15747881
vt 0.64805859 0.49546885
vt 0.65934855 0.50984883
vt 0.63951856 0.52260882
vt 0.63010859 0.50795883
vt 0.61849856 0.53360885
vt 0.61033857 0.51874882
vt 0.59629858 0.54274887
vt 0.58919859 0.52750885
vt 0.58259857 0.51207882
vt 0.62601858 0.54901886
vt 0.60264856 0.55824882
vt 0.64855856 0.53782886
vt 0.67059857 0.52473885
vt 0.74013859 0.52656883
vt 0.76112854 0.48468882
vt 0.75535858 0.46112883
vt 0.78695858 0.46177882
vt 0.77989858 0.43820882
vt 0.75182855 0.43479884
vt 0.77295858 0.41384882
vt 0.76536858 0.38932884
vt 0.74831855 0.40885884
vt 0.72992855 0.42269886
vt 0.71181858 0.42728883
vt 0.69997859 0.40151882
vt 0.69488859 0.42407882
vt 0.75595856 0.36612886
vt 0.79103857 0.39302886
vt 0.81802857 0.39797884
vt 0.79969859 0.41631883
vt 0.80807859 0.43957883
vt 0.79384857 0.48480886
vt 0.76774859 0.50645882
vt 0.77407855 0.52879882
vt 0.74589854 0.54796886
vt 0.78030854 0.55169886
vt 0.75061858 0.57080883
vt 0.80052859 0.50795883
vt 0.80783856 0.53114885
vt 0.83301860 0.31307882
vt 0.80927855 0.32209885
vt 0.79750860 0.30376887
vt 0.82186860 0.29459888
vt 0.78573859 0.28984886
vt 0.81054854 0.27969885
vt 0.77677858 0.28132886
vt 0.80163854 0.27005887
vt 0.69155860 0.17595887
vt 0.68593860 0.18146884
vt 0.70979857 0.20989883
vt 0.31982860 0.31102884
vt 0.31603861 0.31062883
vt 0.31333861 0.31577885
vt 0.31962860 0.31446886
vt 0.32559860 0.31012887
vt 0.32298860 0.30708885
vt 0.31912860 0.30528885
vt 0.31148860 0.30885887
vt 0.31501859 0.30344886
vt 0.31131861 0.29998887
vt 0.31419861 0.29660887
vt 0.31711861 0.29786885
vt 0.31757861 0.29010886
vt 0.31343859 0.29025888
vt 0.32241860 0.29069889
vt 0.32766861 0.29190886
vt 0.32828861 0.27831888
vt 0.33466861 0.27978885
vt 0.33703861 0.26087886
vt 0.34464860 0.26389885
vt 0.35088861 0.24204886
vt 0.35966861 0.24666888
vt 0.37024862 0.22501886
vt 0.37885860 0.23060882
vt 0.39261860 0.21115887
vt 0.40129861 0.21864885
vt 0.41729861 0.20313883
vt 0.42643860 0.21527886
vt 0.44315860 0.20519888
vt 0.45012861 0.22168887
vt 0.46637860 0.21622884
vt 0.48337859 0.21313888
vt 0.47014859 0.23498887
vt 0.41196859 0.22829884
vt 0.43542859 0.22927886
vt 0.42320859 0.23891884
vt 0.43116862 0.24663889
vt 0.44120860 0.24326885
vt 0.41369861 0.25151885
vt 0.42771861 0.25660884
vt 0.44186860 0.25729883
vt 0.40000859 0.24392885
vt 0.38825861 0.23660886
vt 0.39049861 0.26190889
vt 0.37810859 0.25637889
vt 0.36849859 0.25136888
vt 0.37007859 0.27737886
vt 0.36101860 0.27226889
vt 0.35287860 0.26784885
vt 0.35473859 0.29121888
vt 0.34826860 0.28654885
vt 0.34783861 0.30590886
vt 0.36215860 0.29745889
vt 0.37530860 0.30828887
vt 0.35271859 0.31287885
vt 0.35943860 0.32501882
vt 0.38281861 0.28236884
vt 0.36663860 0.34273887
vt 0.38172859 0.33245885
vt 0.33941859 0.31639886
vt 0.33700860 0.31137884
vt 0.32837859 0.31899887
vt 0.32723859 0.31441885
vt 0.31911859 0.31917888
vt 0.39365861 0.43616885
vt 0.38622859 0.45775884
vt 0.39907861 0.44975883
vt 0.40316859 0.45940882
vt 0.39695859 0.46805882
vt 0.41506860 0.46053886
vt 0.01939860 0.42111886
vt 0.03803860 0.42440885
vt 0.04155860 0.40587884
vt 0.02151860 0.40129882
vt 0.00089860 0.39909881
vt 0.00065860 0.41971886
vt 0.02420860 0.38145882
vt 0.00161860 0.37844884
vt 0.02692860 0.36098886
vt 0.00352860 0.35727882
vt 0.02988860 0.33916885
vt 0.00670860 0.33473885
vt 0.03416860 0.31592888
vt 0.01153860 0.31061888
vt 0.04055860 0.29216886
vt 0.01798860 0.28587884
vt 0.04872860 0.26934886
vt 0.02523860 0.26187885
vt 0.05730860 0.24856889
vt 0.03265860 0.24008882
vt 0.06464861 0.23144889
vt 0.03902860 0.22240889
vt 0.06945861 0.21984887
vt 0.04332860 0.21061885
vt 0.04950860 0.36622882
vt 0.04577860 0.38662887
vt 0.07111860 0.37289882
vt 0.06639860 0.39361882
vt 0.06101860 0.41246885
vt 0.08032861 0.42076886
vt 0.08666860 0.40168881
vt 0.09985860 0.43048882
vt 0.10715861 0.41014886
vt 0.12750860 0.41917884
vt 0.11936861 0.44136882
vt 0.10860861 0.46048886
vt 0.13834859 0.45371884
vt 0.12729861 0.47552884
vt 0.09055861 0.44720882
vt 0.07353861 0.43657887
vt 0.05623860 0.42940885
vt 0.14712860 0.49189883
vt 0.15721861 0.46880883
vt 0.17749861 0.48721886
vt 0.16886860 0.51068884
vt 0.18525860 0.46321887
vt 0.16595860 0.44441885
vt 0.14727861 0.42986882
vt 0.17450860 0.42065883
vt 0.15523860 0.40636885
vt 0.13448860 0.39610887
vt 0.16331860 0.38416886
vt 0.14160860 0.37393886
vt 0.11919860 0.36564887
vt 0.11317860 0.38798887
vt 0.09709861 0.35805887
vt 0.09209860 0.38034886
vt 0.07508860 0.35092884
vt 0.05271860 0.34453887
vt 0.07954860 0.32867885
vt 0.05676860 0.32187885
vt 0.08631860 0.30709887
vt 0.06324861 0.29918885
vt 0.09581860 0.28667885
vt 0.07220861 0.27762884
vt 0.10621860 0.26739883
vt 0.08187861 0.25774884
vt 0.11559861 0.25077885
vt 0.09028860 0.24097884
vt 0.12237861 0.23920888
vt 0.09597861 0.22942889
vt 0.10994860 0.31556886
vt 0.10262861 0.33626884
vt 0.13413860 0.32414883
vt 0.12597860 0.34430885
vt 0.14389861 0.30458885
vt 0.11964860 0.29583883
vt 0.15476860 0.28581887
vt 0.13039860 0.27685887
vt 0.16562860 0.26999885
vt 0.14058860 0.26045883
vt 0.17418860 0.25933886
vt 0.14840861 0.24912888
vt 0.14944860 0.35297883
vt 0.15830860 0.33278883
vt 0.17202860 0.36296886
vt 0.18147860 0.34219885
vt 0.20223860 0.35374886
vt 0.19235860 0.37581885
vt 0.21986860 0.36952883
vt 0.21357860 0.33237886
vt 0.23131861 0.34665883
vt 0.21027860 0.39302886
vt 0.18327861 0.39798886
vt 0.20160860 0.41631883
vt 0.19323860 0.43957883
vt 0.20746860 0.48480886
vt 0.23356861 0.50645882
vt 0.22722860 0.52879882
vt 0.25541860 0.54796886
vt 0.22100860 0.55170882
vt 0.25069860 0.57081884
vt 0.20078860 0.50795883
vt 0.19346860 0.53115886
vt 0.40455860 0.78164881
vt 0.41156861 0.79885882
vt 0.41981861 0.81514883
vt 0.38960859 0.80634880
vt 0.40028861 0.82294881
vt 0.39934859 0.76315880
vt 0.38136861 0.78799886
vt 0.37552860 0.76755881
vt 0.39607862 0.74349880
vt 0.37214860 0.74508882
vt 0.39494860 0.72307885
vt 0.37123859 0.72147882
vt 0.37266859 0.69800884
vt 0.19202860 0.32209885
vt 0.16828860 0.31307882
vt 0.20379861 0.30377889
vt 0.17943861 0.29459888
vt 0.21556860 0.28984886
vt 0.19076860 0.27969885
vt 0.22452860 0.28132886
vt 0.19966860 0.27005887
vt 0.30975860 0.17594886
vt 0.29151860 0.20988888
vt 0.31537861 0.18146884
vt 0.34343860 0.30101883
vt 0.34151861 0.28259885
vt 0.33851859 0.29704887
vt 0.33401859 0.30684888
vt 0.33315861 0.29391885
vt 0.33024859 0.30337882
vt 0.32598859 0.30094886
vt 0.32141861 0.29927886
vt 0.40591860 0.26697886
vt 0.42265859 0.27055883
vt 0.41798860 0.28645885
vt 0.39979860 0.28499889
vt 0.43930861 0.27197886
vt 0.43589860 0.28731883
vt 0.45553860 0.27192885
vt 0.45303860 0.28766882
vt 0.41549861 0.30384886
vt 0.43373859 0.30336887
vt 0.45118859 0.30327886
vt 0.46937859 0.28801882
vt 0.46794862 0.30355883
vt 0.47112861 0.27151883
vt 0.47175860 0.25369883
vt 0.45670861 0.25563884
vt 0.45505860 0.23877883
vt 0.39664862 0.30522883
f 3/3/3 2/2/2 1/1/1
f 4/4/4 3/3/3 1/1/1
f 5/5/5 3/3/3 4/4/4
f 6/6/6 5/5/5 4/4/4
f 7/7/7 5/5/5 6/6/6
f 8/8/8 7/7/7 6/6/6
f 9/9/9 7/7/7 8/8/8
f 10/10/10 9/9/9 8/8/8
f 2/2/2 3/3/3 11/11/11
f 3/3/3 12/12/12 11/11/11
f 3/3/3 5/5/5 12/12/12
f 11/11/11 12/12/12 13/13/13
f 13/13/13 14/14/14 11/11/11
f 15/15/15 14/14/14 13/13/13
f 16/16/16 15/15/15 13/13/13
f 16/16/16 17/17/17 15/15/15
f 18/18/18 17/17/17 16/16/16
f 19/19/19 17/17/17 18/18/18
f 20/20/20 17/17/17 19/19/19
f 21/21/21 17/17/17 20/20/20
f 22/22/22 17/17/17 21/21/21
f 23/23/23 17/17/17 22/22/22
f 24/24/24 17/17/17 23/23/23
f 25/25/25 17/17/17 24/24/24
f 26/26/26 17/17/17 25/25/25
f 27/27/27 17/17/17 26/26/26
f 28/28/28 17/17/17 27/27/27
f 29/29/29 17/17/17 28/28/28
f 30/30/30 17/17/17 29/29/29
f 31/31/31 17/17/17 30/30/30
f 32/32/32 17/17/17 31/31/31
f 33/33/33 17/17/17 32/32/32
f 34/34/34 19/19/19 18/18/18
f 35/35/35 20/20/20 19/19/19
f 34/34/34 35/35/35 19/19/19
f 36/36/36 35/35/35 34/34/34
f 37/37/37 36/36/36 34/34/34
f 37/37/37 34/34/34 38/38/38
f 38/38/38 34/34/34 18/18/18
f 38/38/38 18/18/18 16/16/16
f 13/13/13 38/38/38 16/16/16
f 12/12/12 38/38/38 13/13/13
f 12/12/12 37/37/37 38/38/38
f 5/5/5 37/37/37 12/12/12
f 7/7/7 36/36/36 37/37/37
f 5/5/5 7/7/7 37/37/37
f 36/36/36 39/39/39 35/35/35
f 39/39/39 40/40/40 35/35/35
f 35/35/35 40/40/40 20/20/20
f 40/40/40 21/21/21 20/20/20
f 9/9/9 39/39/39 36/36/36
f 7/7/7 9/9/9 36/36/36
f 40/40/40 41/41/41 21/21/21
f 41/41/41 22/22/22 21/21/21
f 42/42/42 41/41/41 40/40/40
f 39/39/39 42/42/42 40/40/40
f 43/43/43 42/42/42 39/39/39
f 44/44/44 43/43/43 39/39/39
f 43/43/43 44/44/44 45/45/45
f 46/46/46 43/43/43 45/45/45
f 47/47/47 43/43/43 46/46/46
f 43/43/43 47/47/47 42/42/42
f 48/48/48 47/47/47 46/46/46
f 49/49/49 47/47/47 48/48/48
f 50/50/50 49/49/49 48/48/48
f 51/51/51 49/49/49 50/50/50
f 52/52/52 51/51/51 50/50/50
f 53/53/53 51/51/51 52/52/52
f 54/54/54 53/53/53 52/52/52
f 55/55/55 53/53/53 54/54/54
f 56/56/56 55/55/55 54/54/54
f 47/47/47 57/57/57 42/42/42
f 47/47/47 49/49/49 57/57/57
f 42/42/42 57/57/57 41/41/41
f 57/57/57 58/58/58 41/41/41
f 41/41/41 58/58/58 22/22/22
f 58/58/58 23/23/23 22/22/22
f 58/58/58 59/59/59 23/23/23
f 59/59/59 24/24/24 23/23/23
f 60/60/60 59/59/59 58/58/58
f 57/57/57 60/60/60 58/58/58
f 49/49/49 60/60/60 57/57/57
f 49/49/49 51/51/51 60/60/60
f 59/59/59 61/61/61 24/24/24
f 61/61/61 25/25/25 24/24/24
f 62/62/62 61/61/61 59/59/59
f 60/60/60 62/62/62 59/59/59
f 51/51/51 62/62/62 60/60/60
f 61/61/61 63/63/63 25/25/25
f 63/63/63 26/26/26 25/25/25
f 64/64/64 63/63/63 61/61/61
f 62/62/62 64/64/64 61/61/61
f 53/53/53 64/64/64 62/62/62
f 51/51/51 53/53/53 62/62/62
f 63/63/63 65/65/65 26/26/26
f 65/65/65 27/27/27 26/26/26
f 66/66/66 65/65/65 63/63/63
f 64/64/64 66/66/66 63/63/63
f 55/55/55 66/66/66 64/64/64
f 53/53/53 55/55/55 64/64/64
f 65/65/65 67/67/67 27/27/27
f 67/67/67 28/28/28 27/27/27
f 68/68/68 67/67/67 65/65/65
f 66/66/66 68/68/68 65/65/65
f 69/69/69 68/68/68 66/66/66
f 70/70/70 69/69/69 66/66/66
f 69/69/69 70/70/70 71/71/71
f 72/72/72 69/69/69 71/71/71
f 73/73/73 69/69/69 72/72/72
f 69/69/69 73/73/73 68/68/68
f 74/74/74 73/73/73 72/72/72
f 75/75/75 73/73/73 74/74/74
f 76/76/76 75/75/75 74/74/74
f 77/77/77 75/75/75 76/76/76
f 78/78/78 77/77/77 76/76/76
f 67/67/67 79/79/79 28/28/28
f 79/79/79 29/29/29 28/28/28
f 80/80/80 79/79/79 67/67/67
f 68/68/68 80/80/80 67/67/67
f 73/73/73 80/80/80 68/68/68
f 73/73/73 75/75/75 80/80/80
f 79/79/79 81/81/81 29/29/29
f 81/81/81 30/30/30 29/29/29
f 82/82/82 81/81/81 79/79/79
f 80/80/80 82/82/82 79/79/79
f 75/75/75 82/82/82 80/80/80
f 75/75/75 77/77/77 82/82/82
f 81/81/81 83/83/83 30/30/30
f 83/83/83 31/31/31 30/30/30
f 84/84/84 83/83/83 81/81/81
f 82/82/82 84/84/84 81/81/81
f 77/77/77 84/84/84 82/82/82
f 83/83/83 85/85/85 31/31/31
f 85/85/85 32/32/32 31/31/31
f 86/86/86 85/85/85 83/83/83
f 84/84/84 86/86/86 83/83/83
f 87/87/87 86/86/86 84/84/84
f 88/88/88 87/87/87 84/84/84
f 87/87/87 88/88/88 89/89/89
f 90/90/90 87/87/87 89/89/89
f 91/91/91 87/87/87 90/90/90
f 87/87/87 91/91/91 86/86/86
f 92/92/92 91/91/91 90/90/90
f 93/93/93 91/91/91 92/92/92
f 94/94/94 93/93/93 92/92/92
f 95/95/95 93/93/93 94/94/94
f 96/96/96 95/95/95 94/94/94
f 97/97/97 95/95/95 96/96/96
f 98/98/98 97/97/97 96/96/96
f 99/99/99 97/97/97 98/98/98
f 100/100/100 99/99/99 98/98/98
f 101/101/101 97/97/97 99/99/99
f 11/11/11 101/101/101 99/99/99
f 14/14/14 101/101/101 11/11/11
f 91/91/91 93/93/93 102/102/102
f 91/91/91 102/102/102 86/86/86
f 86/86/86 102/102/102 85/85/85
f 102/102/102 103/103/103 85/85/85
f 85/85/85 103/103/103 32/32/32
f 103/103/103 33/33/33 32/32/32
f 103/103/103 104/104/104 33/33/33
f 104/104/104 105/105/105 33/33/33
f 105/105/105 17/17/17 33/33/33
f 106/106/106 17/17/17 105/105/105
f 15/15/15 17/17/17 106/106/106
f 14/14/14 15/15/15 106/106/106
f 107/107/107 104/104/104 103/103/103
f 102/102/102 107/107/107 103/103/103
f 93/93/93 107/107/107 102/102/102
f 108/108/108 106/106/106 105/105/105
f 104/104/104 108/108/108 105/105/105
f 108/108/108 14/14/14 106/106/106
f 109/109/109 108/108/108 104/104/104
f 107/107/107 109/109/109 104/104/104
f 95/95/95 109/109/109 107/107/107
f 93/93/93 95/95/95 107/107/107
f 109/109/109 101/101/101 108/108/108
f 101/101/101 14/14/14 108/108/108
f 97/97/97 101/101/101 109/109/109
f 95/95/95 97/97/97 109/109/109
f 112/112/112 111/111/111 110/110/110
f 113/113/113 112/112/112 110/110/110
f 114/114/114 112/112/112 113/113/113
f 115/115/115 114/114/114 113/113/113
f 110/110/110 111/111/111 116/116/116
f 111/111/111 117/117/117 116/116/116
f 116/116/116 117/117/117 118/118/118
f 117/117/117 119/119/119 118/118/118
f 118/118/118 119/119/119 120/120/120
f 119/119/119 121/121/121 120/120/120
f 122/122/122 117/117/117 111/111/111
f 123/123/123 122/122/122 111/111/111
f 111/111/111 112/112/112 123/123/123
f 124/124/124 122/122/122 123/123/123
f 125/125/125 124/124/124 123/123/123
f 126/126/126 124/124/124 125/125/125
f 127/127/127 126/126/126 125/125/125
f 127/127/127 128/128/128 126/126/126
f 129/129/129 128/128/128 127/127/127
f 130/130/130 128/128/128 129/129/129
f 131/131/131 128/128/128 130/130/130
f 132/132/132 128/128/128 131/131/131
f 133/133/133 128/128/128 132/132/132
f 134/134/134 128/128/128 133/133/133
f 135/135/135 128/128/128 134/134/134
f 136/136/136 128/128/128 135/135/135
f 137/137/137 128/128/128 136/136/136
f 138/138/138 128/128/128 137/137/137
f 139/139/139 128/128/128 138/138/138
f 140/140/140 128/128/128 139/139/139
f 141/141/141 128/128/128 140/140/140
f 142/142/142 128/128/128 141/141/141
f 143/143/143 128/128/128 142/142/142
f 144/144/144 128/128/128 143/143/143
f 145/145/145 130/130/130 129/129/129
f 146/146/146 131/131/131 130/130/130
f 145/145/145 146/146/146 130/130/130
f 147/147/147 146/146/146 145/145/145
f 148/148/148 147/147/147 145/145/145
f 148/148/148 145/145/145 149/149/149
f 149/149/149 145/145/145 129/129/129
f 149/149/149 129/129/129 127/127/127
f 125/125/125 149/149/149 127/127/127
f 150/150/150 149/149/149 125/125/125
f 150/150/150 148/148/148 149/149/149
f 123/123/123 150/150/150 125/125/125
f 112/112/112 150/150/150 123/123/123
f 114/114/114 148/148/148 150/150/150
f 112/112/112 114/114/114 150/150/150
f 151/151/151 147/147/147 148/148/148
f 152/152/152 151/151/151 148/148/148
f 151/151/151 152/152/152 153/153/153
f 154/154/154 151/151/151 153/153/153
f 155/155/155 151/151/151 154/154/154
f 151/151/151 155/155/155 147/147/147
f 156/156/156 155/155/155 154/154/154
f 157/157/157 155/155/155 156/156/156
f 158/158/158 157/157/157 156/156/156
f 159/159/159 157/157/157 158/158/158
f 160/160/160 159/159/159 158/158/158
f 161/161/161 159/159/159 160/160/160
f 162/162/162 161/161/161 160/160/160
f 163/163/163 161/161/161 162/162/162
f 164/164/164 163/163/163 162/162/162
f 155/155/155 157/157/157 165/165/165
f 155/155/155 165/165/165 147/147/147
f 147/147/147 165/165/165 146/146/146
f 165/165/165 166/166/166 146/146/146
f 146/146/146 166/166/166 131/131/131
f 166/166/166 132/132/132 131/131/131
f 166/166/166 167/167/167 132/132/132
f 167/167/167 133/133/133 132/132/132
f 168/168/168 167/167/167 166/166/166
f 165/165/165 168/168/168 166/166/166
f 157/157/157 168/168/168 165/165/165
f 157/157/157 159/159/159 168/168/168
f 167/167/167 169/169/169 133/133/133
f 169/169/169 134/134/134 133/133/133
f 170/170/170 169/169/169 167/167/167
f 168/168/168 170/170/170 167/167/167
f 159/159/159 170/170/170 168/168/168
f 169/169/169 171/171/171 134/134/134
f 171/171/171 135/135/135 134/134/134
f 172/172/172 171/171/171 169/169/169
f 170/170/170 172/172/172 169/169/169
f 161/161/161 172/172/172 170/170/170
f 159/159/159 161/161/161 170/170/170
f 171/171/171 173/173/173 135/135/135
f 173/173/173 136/136/136 135/135/135
f 174/174/174 173/173/173 171/171/171
f 172/172/172 174/174/174 171/171/171
f 163/163/163 174/174/174 172/172/172
f 161/161/161 163/163/163 172/172/172
f 173/173/173 175/175/175 136/136/136
f 175/175/175 137/137/137 136/136/136
f 176/176/176 175/175/175 173/173/173
f 174/174/174 176/176/176 173/173/173
f 177/177/177 176/176/176 174/174/174
f 178/178/178 177/177/177 174/174/174
f 177/177/177 178/178/178 179/179/179
f 180/180/180 177/177/177 179/179/179
f 181/181/181 177/177/177 180/180/180
f 177/177/177 181/181/181 176/176/176
f 182/182/182 181/181/181 180/180/180
f 183/183/183 181/181/181 182/182/182
f 184/184/184 183/183/183 182/182/182
f 185/185/185 183/183/183 184/184/184
f 186/186/186 185/185/185 184/184/184
f 187/187/187 185/185/185 186/186/186
f 188/188/188 187/187/187 186/186/186
f 175/175/175 189/189/189 137/137/137
f 189/189/189 138/138/138 137/137/137
f 181/181/181 190/190/190 176/176/176
f 181/181/181 183/183/183 190/190/190
f 190/190/190 189/189/189 175/175/175
f 176/176/176 190/190/190 175/175/175
f 189/189/189 191/191/191 138/138/138
f 191/191/191 139/139/139 138/138/138
f 192/192/192 191/191/191 189/189/189
f 190/190/190 192/192/192 189/189/189
f 183/183/183 192/192/192 190/190/190
f 183/183/183 185/185/185 192/192/192
f 191/191/191 193/193/193 139/139/139
f 193/193/193 140/140/140 139/139/139
f 194/194/194 193/193/193 191/191/191
f 192/192/192 194/194/194 191/191/191
f 185/185/185 194/194/194 192/192/192
f 185/185/185 187/187/187 194/194/194
f 193/193/193 195/195/195 140/140/140
f 195/195/195 141/141/141 140/140/140
f 196/196/196 195/195/195 193/193/193
f 194/194/194 196/196/196 193/193/193
f 187/187/187 196/196/196 194/194/194
f 195/195/195 197/197/197 141/141/141
f 197/197/197 142/142/142 141/141/141
f 198/198/198 197/197/197 195/195/195
f 196/196/196 198/198/198 195/195/195
f 199/199/199 198/198/198 196/196/196
f 200/200/200 199/199/199 196/196/196
f 199/199/199 200/200/200 201/201/201
f 202/202/202 199/199/199 201/201/201
f 203/203/203 199/199/199 202/202/202
f 199/199/199 203/203/203 198/198/198
f 204/204/204 203/203/203 202/202/202
f 205/205/205 203/203/203 204/204/204
f 206/206/206 205/205/205 204/204/204
f 207/207/207 205/205/205 206/206/206
f 208/208/208 207/207/207 206/206/206
f 197/197/197 209/209/209 142/142/142
f 209/209/209 143/143/143 142/142/142
f 210/210/210 209/209/209 197/197/197
f 198/198/198 210/210/210 197/197/197
f 203/203/203 210/210/210 198/198/198
f 203/203/203 205/205/205 210/210/210
f 209/209/209 211/211/211 143/143/143
f 211/211/211 144/144/144 143/143/143
f 212/212/212 211/211/211 209/209/209
f 210/210/210 212/212/212 209/209/209
f 205/205/205 212/212/212 210/210/210
f 205/205/205 207/207/207 212/212/212
f 211/211/211 213/213/213 144/144/144
f 213/213/213 214/214/214 144/144/144
f 214/214/214 128/128/128 144/144/144
f 215/215/215 128/128/128 214/214/214
f 126/126/126 128/128/128 215/215/215
f 216/216/216 213/213/213 211/211/211
f 212/212/212 216/216/216 211/211/211
f 207/207/207 216/216/216 212/212/212
f 217/217/217 215/215/215 214/214/214
f 213/213/213 217/217/217 214/214/214
f 218/218/218 217/217/217 213/213/213
f 216/216/216 218/218/218 213/213/213
f 119/119/119 218/218/218 216/216/216
f 121/121/121 119/119/119 216/216/216
f 124/124/124 126/126/126 215/215/215
f 217/217/217 124/124/124 215/215/215
f 122/122/122 124/124/124 217/217/217
f 218/218/218 122/122/122 217/217/217
f 117/117/117 122/122/122 218/218/218
f 119/119/119 117/117/117 218/218/218
f 221/221/221 220/220/220 219/219/219
f 222/222/222 221/221/221 219/219/219
f 223/223/223 221/221/221 222/222/222
f 224/224/224 223/223/223 222/222/222
f 225/225/225 223/223/223 224/224/224
f 226/226/226 225/225/225 224/224/224
f 219/219/219 220/220/220 227/227/227
f 220/220/220 228/228/228 227/227/227
f 227/227/227 228/228/228 229/229/229
f 228/228/228 230/230/230 229/229/229
f 231/231/231 228/228/228 220/220/220
f 232/232/232 231/231/231 220/220/220
f 220/220/220 221/221/221 232/232/232
f 233/233/233 231/231/231 232/232/232
f 234/234/234 233/233/233 232/232/232
f 235/235/235 233/233/233 234/234/234
f 236/236/236 235/235/235 234/234/234
f 236/236/236 237/237/237 235/235/235
f 238/238/238 237/237/237 236/236/236
f 239/239/239 237/237/237 238/238/238
f 240/240/240 237/237/237 239/239/239
f 241/241/241 237/237/237 240/240/240
f 242/242/242 237/237/237 241/241/241
f 243/243/243 237/237/237 242/242/242
f 244/244/244 237/237/237 243/243/243
f 245/245/245 237/237/237 244/244/244
f 246/246/246 237/237/237 245/245/245
f 247/247/247 237/237/237 246/246/246
f 248/248/248 237/237/237 247/247/247
f 249/249/249 237/237/237 248/248/248
f 250/250/250 237/237/237 249/249/249
f 251/251/251 237/237/237 250/250/250
f 252/252/252 237/237/237 251/251/251
f 253/253/253 237/237/237 252/252/252
f 254/254/254 239/239/239 238/238/238
f 255/255/255 240/240/240 239/239/239
f 254/254/254 255/255/255 239/239/239
f 256/256/256 255/255/255 254/254/254
f 257/257/257 256/256/256 254/254/254
f 257/257/257 254/254/254 258/258/258
f 258/258/258 254/254/254 238/238/238
f 258/258/258 238/238/238 236/236/236
f 234/234/234 258/258/258 236/236/236
f 259/259/259 258/258/258 234/234/234
f 259/259/259 257/257/257 258/258/258
f 232/232/232 259/259/259 234/234/234
f 221/221/221 259/259/259 232/232/232
f 223/223/223 257/257/257 259/259/259
f 221/221/221 223/223/223 259/259/259
f 225/225/225 256/256/256 257/257/257
f 223/223/223 225/225/225 257/257/257
f 256/256/256 260/260/260 255/255/255
f 260/260/260 261/261/261 255/255/255
f 255/255/255 261/261/261 240/240/240
f 261/261/261 241/241/241 240/240/240
f 262/262/262 260/260/260 256/256/256
f 263/263/263 262/262/262 256/256/256
f 262/262/262 263/263/263 264/264/264
f 265/265/265 262/262/262 264/264/264
f 266/266/266 262/262/262 265/265/265
f 262/262/262 266/266/266 260/260/260
f 267/267/267 266/266/266 265/265/265
f 268/268/268 266/266/266 267/267/267
f 269/269/269 268/268/268 267/267/267
f 270/270/270 268/268/268 269/269/269
f 271/271/271 270/270/270 269/269/269
f 272/272/272 270/270/270 271/271/271
f 273/273/273 272/272/272 271/271/271
f 261/261/261 274/274/274 241/241/241
f 274/274/274 242/242/242 241/241/241
f 274/274/274 275/275/275 242/242/242
f 275/275/275 243/243/243 242/242/242
f 276/276/276 275/275/275 274/274/274
f 268/268/268 270/270/270 276/276/276
f 277/277/277 276/276/276 274/274/274
f 268/268/268 276/276/276 277/277/277
f 266/266/266 268/268/268 277/277/277
f 277/277/277 274/274/274 261/261/261
f 260/260/260 277/277/277 261/261/261
f 266/266/266 277/277/277 260/260/260
f 275/275/275 278/278/278 243/243/243
f 278/278/278 244/244/244 243/243/243
f 279/279/279 278/278/278 275/275/275
f 276/276/276 279/279/279 275/275/275
f 270/270/270 279/279/279 276/276/276
f 270/270/270 272/272/272 279/279/279
f 278/278/278 280/280/280 244/244/244
f 280/280/280 245/245/245 244/244/244
f 281/281/281 280/280/280 278/278/278
f 279/279/279 281/281/281 278/278/278
f 272/272/272 281/281/281 279/279/279
f 280/280/280 282/282/282 245/245/245
f 282/282/282 246/246/246 245/245/245
f 283/283/283 282/282/282 280/280/280
f 281/281/281 283/283/283 280/280/280
f 284/284/284 283/283/283 281/281/281
f 285/285/285 284/284/284 281/281/281
f 284/284/284 285/285/285 286/286/286
f 287/287/287 284/284/284 286/286/286
f 288/288/288 284/284/284 287/287/287
f 284/284/284 288/288/288 283/283/283
f 289/289/289 288/288/288 287/287/287
f 290/290/290 288/288/288 289/289/289
f 291/291/291 290/290/290 289/289/289
f 292/292/292 290/290/290 291/291/291
f 293/293/293 292/292/292 291/291/291
f 294/294/294 292/292/292 293/293/293
f 295/295/295 294/294/294 293/293/293
f 282/282/282 296/296/296 246/246/246
f 296/296/296 247/247/247 246/246/246
f 288/288/288 297/297/297 283/283/283
f 288/288/288 290/290/290 297/297/297
f 297/297/297 296/296/296 282/282/282
f 283/283/283 297/297/297 282/282/282
f 296/296/296 298/298/298 247/247/247
f 298/298/298 248/248/248 247/247/247
f 299/299/299 298/298/298 296/296/296
f 297/297/297 299/299/299 296/296/296
f 290/290/290 299/299/299 297/297/297
f 290/290/290 292/292/292 299/299/299
f 298/298/298 300/300/300 248/248/248
f 300/300/300 249/249/249 248/248/248
f 301/301/301 300/300/300 298/298/298
f 299/299/299 301/301/301 298/298/298
f 292/292/292 301/301/301 299/299/299
f 292/292/292 294/294/294 301/301/301
f 300/300/300 302/302/302 249/249/249
f 302/302/302 250/250/250 249/249/249
f 303/303/303 302/302/302 300/300/300
f 301/301/301 303/303/303 300/300/300
f 294/294/294 303/303/303 301/301/301
f 302/302/302 304/304/304 250/250/250
f 304/304/304 251/251/251 250/250/250
f 305/305/305 304/304/304 302/302/302
f 303/303/303 305/305/305 302/302/302
f 306/306/306 305/305/305 303/303/303
f 307/307/307 306/306/306 303/303/303
f 306/306/306 307/307/307 308/308/308
f 309/309/309 306/306/306 308/308/308
f 310/310/310 306/306/306 309/309/309
f 306/306/306 310/310/310 305/305/305
f 311/311/311 310/310/310 309/309/309
f 312/312/312 310/310/310 311/311/311
f 313/313/313 312/312/312 311/311/311
f 314/314/314 312/312/312 313/313/313
f 315/315/315 314/314/314 313/313/313
f 316/316/316 314/314/314 315/315/315
f 317/317/317 316/316/316 315/315/315
f 304/304/304 318/318/318 251/251/251
f 318/318/318 252/252/252 251/251/251
f 310/310/310 319/319/319 305/305/305
f 310/310/310 312/312/312 319/319/319
f 319/319/319 318/318/318 304/304/304
f 305/305/305 319/319/319 304/304/304
f 318/318/318 320/320/320 252/252/252
f 320/320/320 253/253/253 252/252/252
f 321/321/321 320/320/320 318/318/318
f 319/319/319 321/321/321 318/318/318
f 312/312/312 321/321/321 319/319/319
f 312/312/312 314/314/314 321/321/321
f 320/320/320 322/322/322 253/253/253
f 322/322/322 323/323/323 253/253/253
f 323/323/323 237/237/237 253/253/253
f 324/324/324 237/237/237 323/323/323
f 235/235/235 237/237/237 324/324/324
f 325/325/325 322/322/322 320/320/320
f 321/321/321 325/325/325 320/320/320
f 314/314/314 325/325/325 321/321/321
f 326/326/326 324/324/324 323/323/323
f 322/322/322 326/326/326 323/323/323
f 327/327/327 326/326/326 322/322/322
f 325/325/325 327/327/327 322/322/322
f 316/316/316 327/327/327 325/325/325
f 314/314/314 316/316/316 325/325/325
f 233/233/233 235/235/235 324/324/324
f 326/326/326 233/233/233 324/324/324
f 231/231/231 233/233/233 326/326/326
f 327/327/327 231/231/231 326/326/326
f 228/228/228 231/231/231 327/327/327
f 230/230/230 228/228/228 327/327/327
f 330/330/330 329/329/329 328/328/328
f 331/331/331 330/330/330 328/328/328
f 328/328/328 329/329/329 332/332/332
f 329/329/329 333/333/333 332/332/332
f 332/332/332 333/333/333 334/334/334
f 333/333/333 335/335/335 334/334/334
f 334/334/334 335/335/335 336/336/336
f 335/335/335 337/337/337 336/336/336
f 336/336/336 337/337/337 338/338/338
f 337/337/337 339/339/339 338/338/338
f 340/340/340 333/333/333 329/329/329
f 341/341/341 340/340/340 329/329/329
f 329/329/329 330/330/330 341/341/341
f 342/342/342 340/340/340 341/341/341
f 343/343/343 342/342/342 341/341/341
f 344/344/344 342/342/342 343/343/343
f 345/345/345 344/344/344 343/343/343
f 345/345/345 346/346/346 344/344/344
f 347/347/347 346/346/346 345/345/345
f 348/348/348 346/346/346 347/347/347
f 349/349/349 346/346/346 348/348/348
f 350/350/350 346/346/346 349/349/349
f 351/351/351 346/346/346 350/350/350
f 352/352/352 346/346/346 351/351/351
f 353/353/353 346/346/346 352/352/352
f 354/354/354 346/346/346 353/353/353
f 355/355/355 346/346/346 354/354/354
f 356/356/356 346/346/346 355/355/355
f 357/357/357 346/346/346 356/356/356
f 358/358/358 346/346/346 357/357/357
f 359/359/359 346/346/346 358/358/358
f 360/360/360 346/346/346 359/359/359
f 361/361/361 346/346/346 360/360/360
f 362/362/362 346/346/346 361/361/361
f 363/363/363 348/348/348 347/347/347
f 364/364/364 349/349/349 348/348/348
f 363/363/363 364/364/364 348/348/348
f 365/365/365 364/364/364 363/363/363
f 366/366/366 365/365/365 363/363/363
f 366/366/366 363/363/363 367/367/367
f 367/367/367 363/363/363 347/347/347
f 367/367/367 347/347/347 345/345/345
f 343/343/343 367/367/367 345/345/345
f 368/368/368 367/367/367 343/343/343
f 368/368/368 366/366/366 367/367/367
f 341/341/341 368/368/368 343/343/343
f 330/330/330 368/368/368 341/341/341
f 369/369/369 366/366/366 368/368/368
f 370/370/370 369/369/369 368/368/368
f 369/369/369 370/370/370 371/371/371
f 372/372/372 369/369/369 371/371/371
f 373/373/373 369/369/369 372/372/372
f 373/373/373 365/365/365 366/366/366
f 369/369/369 373/373/373 366/366/366
f 374/374/374 373/373/373 372/372/372
f 375/375/375 373/373/373 374/374/374
f 373/373/373 375/375/375 365/365/365
f 376/376/376 375/375/375 374/374/374
f 377/377/377 375/375/375 376/376/376
f 378/378/378 377/377/377 376/376/376
f 379/379/379 377/377/377 378/378/378
f 380/380/380 379/379/379 378/378/378
f 375/375/375 377/377/377 381/381/381
f 375/375/375 381/381/381 365/365/365
f 365/365/365 381/381/381 364/364/364
f 381/381/381 382/382/382 364/364/364
f 364/364/364 382/382/382 349/349/349
f 382/382/382 350/350/350 349/349/349
f 382/382/382 383/383/383 350/350/350
f 383/383/383 351/351/351 350/350/350
f 384/384/384 383/383/383 382/382/382
f 381/381/381 384/384/384 382/382/382
f 377/377/377 384/384/384 381/381/381
f 377/377/377 379/379/379 384/384/384
f 383/383/383 385/385/385 351/351/351
f 385/385/385 352/352/352 351/351/351
f 386/386/386 385/385/385 383/383/383
f 384/384/384 386/386/386 383/383/383
f 379/379/379 386/386/386 384/384/384
f 385/385/385 387/387/387 352/352/352
f 387/387/387 353/353/353 352/352/352
f 388/388/388 387/387/387 385/385/385
f 386/386/386 388/388/388 385/385/385
f 389/389/389 388/388/388 386/386/386
f 390/390/390 389/389/389 386/386/386
f 389/389/389 390/390/390 391/391/391
f 392/392/392 389/389/389 391/391/391
f 393/393/393 389/389/389 392/392/392
f 389/389/389 393/393/393 388/388/388
f 394/394/394 393/393/393 392/392/392
f 395/395/395 393/393/393 394/394/394
f 396/396/396 395/395/395 394/394/394
f 397/397/397 395/395/395 396/396/396
f 398/398/398 397/397/397 396/396/396
f 399/399/399 397/397/397 398/398/398
f 400/400/400 399/399/399 398/398/398
f 387/387/387 401/401/401 353/353/353
f 401/401/401 354/354/354 353/353/353
f 393/393/393 402/402/402 388/388/388
f 393/393/393 395/395/395 402/402/402
f 402/402/402 401/401/401 387/387/387
f 388/388/388 402/402/402 387/387/387
f 401/401/401 403/403/403 354/354/354
f 403/403/403 355/355/355 354/354/354
f 404/404/404 403/403/403 401/401/401
f 402/402/402 404/404/404 401/401/401
f 395/395/395 404/404/404 402/402/402
f 395/395/395 397/397/397 404/404/404
f 403/403/403 405/405/405 355/355/355
f 405/405/405 356/356/356 355/355/355
f 406/406/406 405/405/405 403/403/403
f 404/404/404 406/406/406 403/403/403
f 397/397/397 406/406/406 404/404/404
f 397/397/397 399/399/399 406/406/406
f 405/405/405 407/407/407 356/356/356
f 407/407/407 357/357/357 356/356/356
f 408/408/408 407/407/407 405/405/405
f 406/406/406 408/408/408 405/405/405
f 399/399/399 408/408/408 406/406/406
f 407/407/407 409/409/409 357/357/357
f 409/409/409 358/358/358 357/357/357
f 410/410/410 409/409/409 407/407/407
f 408/408/408 410/410/410 407/407/407
f 411/411/411 410/410/410 408/408/408
f 412/412/412 411/411/411 408/408/408
f 411/411/411 412/412/412 413/413/413
f 414/414/414 411/411/411 413/413/413
f 415/415/415 411/411/411 414/414/414
f 411/411/411 415/415/415 410/410/410
f 416/416/416 415/415/415 414/414/414
f 417/417/417 415/415/415 416/416/416
f 418/418/418 417/417/417 416/416/416
f 419/419/419 417/417/417 418/418/418
f 420/420/420 419/419/419 418/418/418
f 421/421/421 419/419/419 420/420/420
f 422/422/422 421/421/421 420/420/420
f 409/409/409 423/423/423 358/358/358
f 423/423/423 359/359/359 358/358/358
f 415/415/415 424/424/424 410/410/410
f 415/415/415 417/417/417 424/424/424
f 424/424/424 423/423/423 409/409/409
f 410/410/410 424/424/424 409/409/409
f 423/423/423 425/425/425 359/359/359
f 425/425/425 360/360/360 359/359/359
f 426/426/426 425/425/425 423/423/423
f 424/424/424 426/426/426 423/423/423
f 417/417/417 426/426/426 424/424/424
f 417/417/417 419/419/419 426/426/426
f 425/425/425 427/427/427 360/360/360
f 427/427/427 361/361/361 360/360/360
f 428/428/428 427/427/427 425/425/425
f 426/426/426 428/428/428 425/425/425
f 419/419/419 428/428/428 426/426/426
f 419/419/419 421/421/421 428/428/428
f 427/427/427 429/429/429 361/361/361
f 429/429/429 362/362/362 361/361/361
f 430/430/430 429/429/429 427/427/427
f 428/428/428 430/430/430 427/427/427
f 421/421/421 430/430/430 428/428/428
f 429/429/429 431/431/431 362/362/362
f 431/431/431 432/432/432 362/362/362
f 432/432/432 346/346/346 362/362/362
f 433/433/433 346/346/346 432/432/432
f 344/344/344 346/346/346 433/433/433
f 434/434/434 431/431/431 429/429/429
f 430/430/430 434/434/434 429/429/429
f 337/337/337 434/434/434 430/430/430
f 339/339/339 337/337/337 430/430/430
f 435/435/435 433/433/433 432/432/432
f 431/431/431 435/435/435 432/432/432
f 436/436/436 435/435/435 431/431/431
f 434/434/434 436/436/436 431/431/431
f 335/335/335 436/436/436 434/434/434
f 337/337/337 335/335/335 434/434/434
f 342/342/342 344/344/344 433/433/433
f 435/435/435 342/342/342 433/433/433
f 340/340/340 342/342/342 435/435/435
f 436/436/436 340/340/340 435/435/435
f 333/333/333 340/340/340 436/436/436
f 335/335/335 333/333/333 436/436/436
f 439/439/439 438/438/438 437/437/437
f 440/440/440 439/439/439 437/437/437
f 437/437/437 438/438/438 441/441/441
f 438/438/438 442/442/442 441/441/441
f 441/441/441 442/442/442 443/443/443
f 442/442/442 444/444/444 443/443/443
f 443/443/443 444/444/444 445/445/445
f 444/444/444 446/446/446 445/445/445
f 445/445/445 446/446/446 447/447/447
f 446/446/446 448/448/448 447/447/447
f 449/449/449 442/442/442 438/438/438
f 450/450/450 449/449/449 438/438/438
f 438/438/438 439/439/439 450/450/450
f 451/451/451 449/449/449 450/450/450
f 452/452/452 451/451/451 450/450/450
f 453/453/453 451/451/451 452/452/452
f 454/454/454 453/453/453 452/452/452
f 454/454/454 455/455/455 453/453/453
f 456/456/456 455/455/455 454/454/454
f 457/457/457 455/455/455 456/456/456
f 458/458/458 455/455/455 457/457/457
f 459/459/459 455/455/455 458/458/458
f 460/460/460 455/455/455 459/459/459
f 461/461/461 455/455/455 460/460/460
f 462/462/462 455/455/455 461/461/461
f 463/463/463 455/455/455 462/462/462
f 464/464/464 455/455/455 463/463/463
f 465/465/465 455/455/455 464/464/464
f 466/466/466 455/455/455 465/465/465
f 467/467/467 455/455/455 466/466/466
f 468/468/468 455/455/455 467/467/467
f 469/469/469 455/455/455 468/468/468
f 470/470/470 455/455/455 469/469/469
f 471/471/471 455/455/455 470/470/470
f 472/472/472 457/457/457 456/456/456
f 473/473/473 458/458/458 457/457/457
f 472/472/472 473/473/473 457/457/457
f 474/474/474 473/473/473 472/472/472
f 475/475/475 474/474/474 472/472/472
f 475/475/475 472/472/472 476/476/476
f 476/476/476 472/472/472 456/456/456
f 476/476/476 456/456/456 454/454/454
f 452/452/452 476/476/476 454/454/454
f 477/477/477 476/476/476 452/452/452
f 477/477/477 475/475/475 476/476/476
f 450/450/450 477/477/477 452/452/452
f 439/439/439 477/477/477 450/450/450
f 478/478/478 475/475/475 477/477/477
f 479/479/479 478/478/478 477/477/477
f 478/478/478 479/479/479 480/480/480
f 481/481/481 478/478/478 480/480/480
f 482/482/482 478/478/478 481/481/481
f 482/482/482 474/474/474 475/475/475
f 478/478/478 482/482/482 475/475/475
f 483/483/483 482/482/482 481/481/481
f 484/484/484 482/482/482 483/483/483
f 482/482/482 484/484/484 474/474/474
f 485/485/485 484/484/484 483/483/483
f 486/486/486 484/484/484 485/485/485
f 487/487/487 486/486/486 485/485/485
f 488/488/488 486/486/486 487/487/487
f 489/489/489 488/488/488 487/487/487
f 484/484/484 486/486/486 490/490/490
f 484/484/484 490/490/490 474/474/474
f 474/474/474 490/490/490 473/473/473
f 490/490/490 491/491/491 473/473/473
f 473/473/473 491/491/491 458/458/458
f 491/491/491 459/459/459 458/458/458
f 491/491/491 492/492/492 459/459/459
f 492/492/492 460/460/460 459/459/459
f 493/493/493 492/492/492 491/491/491
f 490/490/490 493/493/493 491/491/491
f 486/486/486 493/493/493 490/490/490
f 486/486/486 488/488/488 493/493/493
f 492/492/492 494/494/494 460/460/460
f 494/494/494 461/461/461 460/460/460
f 495/495/495 494/494/494 492/492/492
f 493/493/493 495/495/495 492/492/492
f 488/488/488 495/495/495 493/493/493
f 494/494/494 496/496/496 461/461/461
f 496/496/496 462/462/462 461/461/461
f 497/497/497 496/496/496 494/494/494
f 495/495/495 497/497/497 494/494/494
f 498/498/498 497/497/497 495/495/495
f 499/499/499 498/498/498 495/495/495
f 498/498/498 499/499/499 500/500/500
f 501/501/501 498/498/498 500/500/500
f 502/502/502 498/498/498 501/501/501
f 498/498/498 502/502/502 497/497/497
f 503/503/503 502/502/502 501/501/501
f 504/504/504 502/502/502 503/503/503
f 505/505/505 504/504/504 503/503/503
f 506/506/506 504/504/504 505/505/505
f 507/507/507 506/506/506 505/505/505
f 508/508/508 506/506/506 507/507/507
f 509/509/509 508/508/508 507/507/507
f 496/496/496 510/510/510 462/462/462
f 510/510/510 463/463/463 462/462/462
f 502/502/502 511/511/511 497/497/497
f 502/502/502 504/504/504 511/511/511
f 511/511/511 510/510/510 496/496/496
f 497/497/497 511/511/511 496/496/496
f 510/510/510 512/512/512 463/463/463
f 512/512/512 464/464/464 463/463/463
f 513/513/513 512/512/512 510/510/510
f 511/511/511 513/513/513 510/510/510
f 504/504/504 513/513/513 511/511/511
f 504/504/504 506/506/506 513/513/513
f 512/512/512 514/514/514 464/464/464
f 514/514/514 465/465/465 464/464/464
f 515/515/515 514/514/514 512/512/512
f 513/513/513 515/515/515 512/512/512
f 506/506/506 515/515/515 513/513/513
f 506/506/506 508/508/508 515/515/515
f 514/514/514 516/516/516 465/465/465
f 516/516/516 466/466/466 465/465/465
f 517/517/517 516/516/516 514/514/514
f 515/515/515 517/517/517 514/514/514
f 508/508/508 517/517/517 515/515/515
f 516/516/516 518/518/518 466/466/466
f 518/518/518 467/467/467 466/466/466
f 519/519/519 518/518/518 516/516/516
f 517/517/517 519/519/519 516/516/516
f 520/520/520 519/519/519 517/517/517
f 521/521/521 520/520/520 517/517/517
f 520/520/520 521/521/521 522/522/522
f 523/523/523 520/520/520 522/522/522
f 524/524/524 520/520/520 523/523/523
f 520/520/520 524/524/524 519/519/519
f 525/525/525 524/524/524 523/523/523
f 526/526/526 524/524/524 525/525/525
f 527/527/527 526/526/526 525/525/525
f 528/528/528 526/526/526 527/527/527
f 529/529/529 528/528/528 527/527/527
f 530/530/530 528/528/528 529/529/529
f 531/531/531 530/530/530 529/529/529
f 518/518/518 532/532/532 467/467/467
f 532/532/532 468/468/468 467/467/467
f 524/524/524 533/533/533 519/519/519
f 524/524/524 526/526/526 533/533/533
f 533/533/533 532/532/532 518/518/518
f 519/519/519 533/533/533 518/518/518
f 532/532/532 534/534/534 468/468/468
f 534/534/534 469/469/469 468/468/468
f 535/535/535 534/534/534 532/532/532
f 533/533/533 535/535/535 532/532/532
f 526/526/526 535/535/535 533/533/533
f 526/526/526 528/528/528 535/535/535
f 534/534/534 536/536/536 469/469/469
f 536/536/536 470/470/470 469/469/469
f 537/537/537 536/536/536 534/534/534
f 535/535/535 537/537/537 534/534/534
f 528/528/528 537/537/537 535/535/535
f 528/528/528 530/530/530 537/537/537
f 536/536/536 538/538/538 470/470/470
f 538/538/538 471/471/471 470/470/470
f 539/539/539 538/538/538 536/536/536
f 537/537/537 539/539/539 536/536/536
f 530/530/530 539/539/539 537/537/537
f 538/538/538 540/540/540 471/471/471
f 540/540/540 541/541/541 471/471/471
f 541/541/541 455/455/455 471/471/471
f 542/542/542 455/455/455 541/541/541
f 453/453/453 455/455/455 542/542/542
f 543/543/543 540/540/540 538/538/538
f 539/539/539 543/543/543 538/538/538
f 446/446/446 543/543/543 539/539/539
f 448/448/448 446/446/446 539/539/539
f 544/544/544 542/542/542 541/541/541
f 540/540/540 544/544/544 541/541/541
f 545/545/545 544/544/544 540/540/540
f 543/543/543 545/545/545 540/540/540
f 444/444/444 545/545/545 543/543/543
f 446/446/446 444/444/444 543/543/543
f 451/451/451 453/453/453 542/542/542
f 544/544/544 451/451/451 542/542/542
f 449/449/449 451/451/451 544/544/544
f 545/545/545 449/449/449 544/544/544
f 442/442/442 449/449/449 545/545/545
f 444/444/444 442/442/442 545/545/545
f 548/548/548 547/547/547 546/546/546
f 549/549/549 548/548/548 546/546/546
f 550/550/550 548/548/548 549/549/549
f 551/551/551 550/550/550 549/549/549
f 552/552/552 550/550/550 551/551/551
f 553/553/553 552/552/552 551/551/551
f 554/554/554 552/552/552 553/553/553
f 555/555/555 554/554/554 553/553/553
f 556/556/556 554/554/554 555/555/555
f 557/557/557 556/556/556 555/555/555
f 547/547/547 548/548/548 558/558/558
f 548/548/548 559/559/559 558/558/558
f 548/548/548 550/550/550 559/559/559
f 558/558/558 559/559/559 560/560/560
f 560/560/560 561/561/561 558/558/558
f 562/562/562 561/561/561 560/560/560
f 563/563/563 562/562/562 560/560/560
f 563/563/563 564/564/564 562/562/562
f 565/565/565 564/564/564 563/563/563
f 566/566/566 564/564/564 565/565/565
f 567/567/567 564/564/564 566/566/566
f 568/568/568 564/564/564 567/567/567
f 569/569/569 564/564/564 568/568/568
f 570/570/570 564/564/564 569/569/569
f 571/571/571 564/564/564 570/570/570
f 572/572/572 564/564/564 571/571/571
f 573/573/573 564/564/564 572/572/572
f 574/574/574 564/564/564 573/573/573
f 575/575/575 564/564/564 574/574/574
f 576/576/576 564/564/564 575/575/575
f 577/577/577 564/564/564 576/576/576
f 578/578/578 564/564/564 577/577/577
f 579/579/579 564/564/564 578/578/578
f 580/580/580 564/564/564 579/579/579
f 581/581/581 566/566/566 565/565/565
f 582/582/582 567/567/567 566/566/566
f 581/581/581 582/582/582 566/566/566
f 583/583/583 582/582/582 581/581/581
f 584/584/584 583/583/583 581/581/581
f 584/584/584 581/581/581 585/585/585
f 585/585/585 581/581/581 565/565/565
f 585/585/585 565/565/565 563/563/563
f 560/560/560 585/585/585 563/563/563
f 559/559/559 585/585/585 560/560/560
f 559/559/559 584/584/584 585/585/585
f 550/550/550 584/584/584 559/559/559
f 552/552/552 583/583/583 584/584/584
f 550/550/550 552/552/552 584/584/584
f 583/583/583 586/586/586 582/582/582
f 586/586/586 587/587/587 582/582/582
f 582/582/582 587/587/587 567/567/567
f 587/587/587 568/568/568 567/567/567
f 554/554/554 586/586/586 583/583/583
f 552/552/552 554/554/554 583/583/583
f 587/587/587 588/588/588 568/568/568
f 588/588/588 569/569/569 568/568/568
f 589/589/589 588/588/588 587/587/587
f 586/586/586 589/589/589 587/587/587
f 556/556/556 589/589/589 586/586/586
f 554/554/554 556/556/556 586/586/586
f 588/588/588 590/590/590 569/569/569
f 590/590/590 570/570/570 569/569/569
f 591/591/591 590/590/590 588/588/588
f 589/589/589 591/591/591 588/588/588
f 592/592/592 591/591/591 589/589/589
f 593/593/593 592/592/592 589/589/589
f 592/592/592 593/593/593 594/594/594
f 595/595/595 592/592/592 594/594/594
f 596/596/596 592/592/592 595/595/595
f 592/592/592 596/596/596 591/591/591
f 597/597/597 596/596/596 595/595/595
f 598/598/598 596/596/596 597/597/597
f 599/599/599 598/598/598 597/597/597
f 600/600/600 598/598/598 599/599/599
f 601/601/601 600/600/600 599/599/599
f 602/602/602 600/600/600 601/601/601
f 603/603/603 602/602/602 601/601/601
f 590/590/590 604/604/604 570/570/570
f 604/604/604 571/571/571 570/570/570
f 596/596/596 605/605/605 591/591/591
f 596/596/596 598/598/598 605/605/605
f 605/605/605 604/604/604 590/590/590
f 591/591/591 605/605/605 590/590/590
f 604/604/604 606/606/606 571/571/571
f 606/606/606 572/572/572 571/571/571
f 607/607/607 606/606/606 604/604/604
f 605/605/605 607/607/607 604/604/604
f 598/598/598 607/607/607 605/605/605
f 598/598/598 600/600/600 607/607/607
f 606/606/606 608/608/608 572/572/572
f 608/608/608 573/573/573 572/572/572
f 609/609/609 608/608/608 606/606/606
f 607/607/607 609/609/609 606/606/606
f 600/600/600 609/609/609 607/607/607
f 600/600/600 602/602/602 609/609/609
f 608/608/608 610/610/610 573/573/573
f 610/610/610 574/574/574 573/573/573
f 611/611/611 610/610/610 608/608/608
f 609/609/609 611/611/611 608/608/608
f 602/602/602 611/611/611 609/609/609
f 610/610/610 612/612/612 574/574/574
f 612/612/612 575/575/575 574/574/574
f 613/613/613 612/612/612 610/610/610
f 611/611/611 613/613/613 610/610/610
f 614/614/614 613/613/613 611/611/611
f 615/615/615 614/614/614 611/611/611
f 614/614/614 615/615/615 616/616/616
f 617/617/617 614/614/614 616/616/616
f 618/618/618 614/614/614 617/617/617
f 614/614/614 618/618/618 613/613/613
f 619/619/619 618/618/618 617/617/617
f 620/620/620 618/618/618 619/619/619
f 621/621/621 620/620/620 619/619/619
f 622/622/622 620/620/620 621/621/621
f 623/623/623 622/622/622 621/621/621
f 624/624/624 622/622/622 623/623/623
f 625/625/625 624/624/624 623/623/623
f 612/612/612 626/626/626 575/575/575
f 626/626/626 576/576/576 575/575/575
f 618/618/618 627/627/627 613/613/613
f 618/618/618 620/620/620 627/627/627
f 627/627/627 626/626/626 612/612/612
f 613/613/613 627/627/627 612/612/612
f 626/626/626 628/628/628 576/576/576
f 628/628/628 577/577/577 576/576/576
f 629/629/629 628/628/628 626/626/626
f 627/627/627 629/629/629 626/626/626
f 620/620/620 629/629/629 627/627/627
f 620/620/620 622/622/622 629/629/629
f 628/628/628 630/630/630 577/577/577
f 630/630/630 578/578/578 577/577/577
f 631/631/631 630/630/630 628/628/628
f 629/629/629 631/631/631 628/628/628
f 622/622/622 631/631/631 629/629/629
f 622/622/622 624/624/624 631/631/631
f 630/630/630 632/632/632 578/578/578
f 632/632/632 579/579/579 578/578/578
f 633/633/633 632/632/632 630/630/630
f 631/631/631 633/633/633 630/630/630
f 624/624/624 633/633/633 631/631/631
f 632/632/632 634/634/634 579/579/579
f 634/634/634 580/580/580 579/579/579
f 635/635/635 634/634/634 632/632/632
f 633/633/633 635/635/635 632/632/632
f 636/636/636 635/635/635 633/633/633
f 637/637/637 636/636/636 633/633/633
f 636/636/636 637/637/637 638/638/638
f 639/639/639 636/636/636 638/638/638
f 640/640/640 636/636/636 639/639/639
f 636/636/636 640/640/640 635/635/635
f 641/641/641 640/640/640 639/639/639
f 642/642/642 640/640/640 641/641/641
f 643/643/643 642/642/642 641/641/641
f 644/644/644 642/642/642 643/643/643
f 645/645/645 644/644/644 643/643/643
f 646/646/646 644/644/644 645/645/645
f 647/647/647 646/646/646 645/645/645
f 648/648/648 644/644/644 646/646/646
f 558/558/558 648/648/648 646/646/646
f 561/561/561 648/648/648 558/558/558
f 640/640/640 649/649/649 635/635/635
f 640/640/640 642/642/642 649/649/649
f 642/642/642 650/650/650 649/649/649
f 644/644/644 648/648/648 650/650/650
f 642/642/642 644/644/644 650/650/650
f 649/649/649 650/650/650 651/651/651
f 649/649/649 651/651/651 634/634/634
f 634/634/634 651/651/651 580/580/580
f 651/651/651 652/652/652 580/580/580
f 652/652/652 564/564/564 580/580/580
f 653/653/653 564/564/564 652/652/652
f 562/562/562 564/564/564 653/653/653
f 561/561/561 562/562/562 653/653/653
f 635/635/635 649/649/649 634/634/634
f 654/654/654 653/653/653 652/652/652
f 651/651/651 654/654/654 652/652/652
f 650/650/650 654/654/654 651/651/651
f 654/654/654 561/561/561 653/653/653
f 648/648/648 561/561/561 654/654/654
f 650/650/650 648/648/648 654/654/654
f 657/657/657 656/656/656 655/655/655
f 658/658/658 657/657/657 655/655/655
f 659/659/659 657/657/657 658/658/658
f 660/660/660 659/659/659 658/658/658
f 661/661/661 659/659/659 660/660/660
f 662/662/662 661/661/661 660/660/660
f 663/663/663 661/661/661 662/662/662
f 664/664/664 663/663/663 662/662/662
f 665/665/665 663/663/663 664/664/664
f 666/666/666 665/665/665 664/664/664
f 656/656/656 657/657/657 667/667/667
f 657/657/657 668/668/668 667/667/667
f 657/657/657 659/659/659 668/668/668
f 667/667/667 668/668/668 669/669/669
f 669/669/669 670/670/670 667/667/667
f 671/671/671 670/670/670 669/669/669
f 672/672/672 671/671/671 669/669/669
f 672/672/672 673/673/673 671/671/671
f 674/674/674 673/673/673 672/672/672
f 675/675/675 673/673/673 674/674/674
f 676/676/676 673/673/673 675/675/675
f 677/677/677 673/673/673 676/676/676
f 678/678/678 673/673/673 677/677/677
f 679/679/679 673/673/673 678/678/678
f 680/680/680 673/673/673 679/679/679
f 681/681/681 673/673/673 680/680/680
f 682/682/682 673/673/673 681/681/681
f 683/683/683 673/673/673 682/682/682
f 684/684/684 673/673/673 683/683/683
f 685/685/685 673/673/673 684/684/684
f 686/686/686 673/673/673 685/685/685
f 687/687/687 673/673/673 686/686/686
f 688/688/688 673/673/673 687/687/687
f 689/689/689 673/673/673 688/688/688
f 690/690/690 675/675/675 674/674/674
f 691/691/691 676/676/676 675/675/675
f 690/690/690 691/691/691 675/675/675
f 692/692/692 691/691/691 690/690/690
f 693/693/693 692/692/692 690/690/690
f 693/693/693 690/690/690 694/694/694
f 694/694/694 690/690/690 674/674/674
f 694/694/694 674/674/674 672/672/672
f 669/669/669 694/694/694 672/672/672
f 668/668/668 694/694/694 669/669/669
f 668/668/668 693/693/693 694/694/694
f 659/659/659 693/693/693 668/668/668
f 661/661/661 692/692/692 693/693/693
f 659/659/659 661/661/661 693/693/693
f 692/692/692 695/695/695 691/691/691
f 695/695/695 696/696/696 691/691/691
f 691/691/691 696/696/696 676/676/676
f 696/696/696 677/677/677 676/676/676
f 663/663/663 695/695/695 692/692/692
f 661/661/661 663/663/663 692/692/692
f 696/696/696 697/697/697 677/677/677
f 697/697/697 678/678/678 677/677/677
f 698/698/698 697/697/697 696/696/696
f 695/695/695 698/698/698 696/696/696
f 665/665/665 698/698/698 695/695/695
f 663/663/663 665/665/665 695/695/695
f 697/697/697 699/699/699 678/678/678
f 699/699/699 679/679/679 678/678/678
f 700/700/700 699/699/699 697/697/697
f 698/698/698 700/700/700 697/697/697
f 701/701/701 700/700/700 698/698/698
f 702/702/702 701/701/701 698/698/698
f 701/701/701 702/702/702 703/703/703
f 704/704/704 701/701/701 703/703/703
f 705/705/705 701/701/701 704/704/704
f 701/701/701 705/705/705 700/700/700
f 706/706/706 705/705/705 704/704/704
f 707/707/707 705/705/705 706/706/706
f 708/708/708 707/707/707 706/706/706
f 709/709/709 707/707/707 708/708/708
f 710/710/710 709/709/709 708/708/708
f 711/711/711 709/709/709 710/710/710
f 712/712/712 711/711/711 710/710/710
f 699/699/699 713/713/713 679/679/679
f 713/713/713 680/680/680 679/679/679
f 705/705/705 714/714/714 700/700/700
f 705/705/705 707/707/707 714/714/714
f 714/714/714 713/713/713 699/699/699
f 700/700/700 714/714/714 699/699/699
f 713/713/713 715/715/715 680/680/680
f 715/715/715 681/681/681 680/680/680
f 716/716/716 715/715/715 713/713/713
f 714/714/714 716/716/716 713/713/713
f 707/707/707 716/716/716 714/714/714
f 707/707/707 709/709/709 716/716/716
f 715/715/715 717/717/717 681/681/681
f 717/717/717 682/682/682 681/681/681
f 718/718/718 717/717/717 715/715/715
f 716/716/716 718/718/718 715/715/715
f 709/709/709 718/718/718 716/716/716
f 709/709/709 711/711/711 718/718/718
f 717/717/717 719/719/719 682/682/682
f 719/719/719 683/683/683 682/682/682
f 720/720/720 719/719/719 717/717/717
f 718/718/718 720/720/720 717/717/717
f 711/711/711 720/720/720 718/718/718
f 719/719/719 721/721/721 683/683/683
f 721/721/721 684/684/684 683/683/683
f 722/722/722 721/721/721 719/719/719
f 720/720/720 722/722/722 719/719/719
f 723/723/723 722/722/722 720/720/720
f 724/724/724 723/723/723 720/720/720
f 723/723/723 724/724/724 725/725/725
f 726/726/726 723/723/723 725/725/725
f 727/727/727 723/723/723 726/726/726
f 723/723/723 727/727/727 722/722/722
f 728/728/728 727/727/727 726/726/726
f 729/729/729 727/727/727 728/728/728
f 730/730/730 729/729/729 728/728/728
f 731/731/731 729/729/729 730/730/730
f 732/732/732 731/731/731 730/730/730
f 733/733/733 731/731/731 732/732/732
f 734/734/734 733/733/733 732/732/732
f 721/721/721 735/735/735 684/684/684
f 735/735/735 685/685/685 684/684/684
f 727/727/727 736/736/736 722/722/722
f 727/727/727 729/729/729 736/736/736
f 736/736/736 735/735/735 721/721/721
f 722/722/722 736/736/736 721/721/721
f 735/735/735 737/737/737 685/685/685
f 737/737/737 686/686/686 685/685/685
f 738/738/738 737/737/737 735/735/735
f 736/736/736 738/738/738 735/735/735
f 729/729/729 738/738/738 736/736/736
f 729/729/729 731/731/731 738/738/738
f 737/737/737 739/739/739 686/686/686
f 739/739/739 687/687/687 686/686/686
f 740/740/740 739/739/739 737/737/737
f 738/738/738 740/740/740 737/737/737
f 731/731/731 740/740/740 738/738/738
f 731/731/731 733/733/733 740/740/740
f 739/739/739 741/741/741 687/687/687
f 741/741/741 688/688/688 687/687/687
f 742/742/742 741/741/741 739/739/739
f 740/740/740 742/742/742 739/739/739
f 733/733/733 742/742/742 740/740/740
f 741/741/741 743/743/743 688/688/688
f 743/743/743 689/689/689 688/688/688
f 744/744/744 743/743/743 741/741/741
f 742/742/742 744/744/744 741/741/741
f 745/745/745 744/744/744 742/742/742
f 746/746/746 745/745/745 742/742/742
f 745/745/745 746/746/746 747/747/747
f 748/748/748 745/745/745 747/747/747
f 749/749/749 745/745/745 748/748/748
f 745/745/745 749/749/749 744/744/744
f 750/750/750 749/749/749 748/748/748
f 751/751/751 749/749/749 750/750/750
f 752/752/752 751/751/751 750/750/750
f 753/753/753 751/751/751 752/752/752
f 754/754/754 753/753/753 752/752/752
f 755/755/755 753/753/753 754/754/754
f 756/756/756 755/755/755 754/754/754
f 757/757/757 753/753/753 755/755/755
f 667/667/667 757/757/757 755/755/755
f 670/670/670 757/757/757 667/667/667
f 749/749/749 758/758/758 744/744/744
f 749/749/749 751/751/751 758/758/758
f 751/751/751 759/759/759 758/758/758
f 753/753/753 757/757/757 759/759/759
f 751/751/751 753/753/753 759/759/759
f 758/758/758 759/759/759 760/760/760
f 758/758/758 760/760/760 743/743/743
f 743/743/743 760/760/760 689/689/689
f 760/760/760 761/761/761 689/689/689
f 761/761/761 673/673/673 689/689/689
f 762/762/762 673/673/673 761/761/761
f 671/671/671 673/673/673 762/762/762
f 670/670/670 671/671/671 762/762/762
f 744/744/744 758/758/758 743/743/743
f 763/763/763 762/762/762 761/761/761
f 760/760/760 763/763/763 761/761/761
f 759/759/759 763/763/763 760/760/760
f 763/763/763 670/670/670 762/762/762
f 757/757/757 670/670/670 763/763/763
f 759/759/759 757/757/757 763/763/763
f 766/766/766 765/765/765 764/764/764
f 767/767/767 766/766/766 764/764/764
f 768/768/768 766/766/766 767/767/767
f 769/769/769 768/768/768 767/767/767
f 770/770/770 768/768/768 769/769/769
f 771/771/771 770/770/770 769/769/769
f 772/772/772 770/770/770 771/771/771
f 772/772/772 773/773/773 770/770/770
f 770/770/770 773/773/773 768/768/768
f 772/772/772 774/774/774 773/773/773
f 772/772/772 775/775/775 774/774/774
f 772/772/772 776/776/776 775/775/775
f 772/772/772 777/777/777 776/776/776
f 772/772/772 778/778/778 777/777/777
f 772/772/772 779/779/779 778/778/778
f 772/772/772 780/780/780 779/779/779
f 772/772/772 781/781/781 780/780/780
f 772/772/772 782/782/782 781/781/781
f 782/782/782 783/783/783 781/781/781
f 783/783/783 782/782/782 784/784/784
f 785/785/785 783/783/783 784/784/784
f 786/786/786 785/785/785 784/784/784
f 787/787/787 785/785/785 786/786/786
f 788/788/788 787/787/787 786/786/786
f 784/784/784 782/782/782 789/789/789
f 786/786/786 784/784/784 789/789/789
f 789/789/789 782/782/782 790/790/790
f 790/790/790 782/782/782 791/791/791
f 791/791/791 782/782/782 792/792/792
f 792/792/792 782/782/782 793/793/793
f 793/793/793 782/782/782 794/794/794
f 794/794/794 782/782/782 795/795/795
f 795/795/795 782/782/782 796/796/796
f 796/796/796 782/782/782 797/797/797
f 797/797/797 782/782/782 772/772/772
f 771/771/771 797/797/797 772/772/772
f 798/798/798 797/797/797 771/771/771
f 769/769/769 798/798/798 771/771/771
f 799/799/799 796/796/796 797/797/797
f 798/798/798 799/799/799 797/797/797
f 800/800/800 795/795/795 796/796/796
f 799/799/799 800/800/800 796/796/796
f 801/801/801 794/794/794 795/795/795
f 800/800/800 801/801/801 795/795/795
f 802/802/802 793/793/793 794/794/794
f 801/801/801 802/802/802 794/794/794
f 803/803/803 792/792/792 793/793/793
f 802/802/802 803/803/803 793/793/793
f 803/803/803 804/804/804 792/792/792
f 806/806/806 805/805/805 769/769/769
f 767/767/767 806/806/806 769/769/769
f 807/807/807 806/806/806 767/767/767
f 764/764/764 807/807/807 767/767/767
f 808/808/808 807/807/807 764/764/764
f 809/809/809 808/808/808 764/764/764
f 764/764/764 810/810/810 809/809/809
f 810/810/810 811/811/811 809/809/809
f 810/810/810 812/812/812 811/811/811
f 812/812/812 813/813/813 811/811/811
f 812/812/812 814/814/814 813/813/813
f 814/814/814 815/815/815 813/813/813
f 814/814/814 816/816/816 815/815/815
f 816/816/816 817/817/817 815/815/815
f 816/816/816 818/818/818 817/817/817
f 818/818/818 819/819/819 817/817/817
f 818/818/818 820/820/820 819/819/819
f 820/820/820 821/821/821 819/819/819
f 820/820/820 822/822/822 821/821/821
f 822/822/822 823/823/823 821/821/821
f 822/822/822 824/824/824 823/823/823
f 824/824/824 825/825/825 823/823/823
f 824/824/824 826/826/826 825/825/825
f 826/826/826 827/827/827 825/825/825
f 826/826/826 828/828/828 827/827/827
f 828/828/828 829/829/829 827/827/827
f 828/828/828 830/830/830 829/829/829
f 830/830/830 831/831/831 829/829/829
f 831/831/831 830/830/830 832/832/832
f 830/830/830 833/833/833 832/832/832
f 832/832/832 833/833/833 834/834/834
f 833/833/833 835/835/835 834/834/834
f 834/834/834 835/835/835 836/836/836
f 835/835/835 837/837/837 836/836/836
f 836/836/836 837/837/837 838/838/838
f 837/837/837 839/839/839 838/838/838
f 838/838/838 839/839/839 840/840/840
f 839/839/839 841/841/841 840/840/840
f 840/840/840 841/841/841 842/842/842
f 841/841/841 843/843/843 842/842/842
f 842/842/842 843/843/843 844/844/844
f 843/843/843 845/845/845 844/844/844
f 844/844/844 845/845/845 846/846/846
f 845/845/845 847/847/847 846/846/846
f 846/846/846 847/847/847 848/848/848
f 847/847/847 849/849/849 848/848/848
f 848/848/848 849/849/849 850/850/850
f 849/849/849 851/851/851 850/850/850
f 853/853/853 787/787/787 852/852/852
f 854/854/854 853/853/853 852/852/852
f 854/854/854 852/852/852 855/855/855
f 856/856/856 854/854/854 855/855/855
f 856/856/856 855/855/855 857/857/857
f 858/858/858 856/856/856 857/857/857
f 858/858/858 857/857/857 859/859/859
f 859/859/859 857/857/857 860/860/860
f 859/859/859 860/860/860 861/861/861
f 862/862/862 859/859/859 861/861/861
f 862/862/862 861/861/861 863/863/863
f 864/864/864 862/862/862 863/863/863
f 864/864/864 863/863/863 865/865/865
f 866/866/866 864/864/864 865/865/865
f 866/866/866 865/865/865 867/867/867
f 868/868/868 866/866/866 867/867/867
f 868/868/868 867/867/867 869/869/869
f 870/870/870 868/868/868 869/869/869
f 870/870/870 869/869/869 805/805/805
f 806/806/806 870/870/870 805/805/805
f 871/871/871 870/870/870 806/806/806
f 807/807/807 871/871/871 806/806/806
f 872/872/872 868/868/868 870/870/870
f 871/871/871 872/872/872 870/870/870
f 873/873/873 866/866/866 868/868/868
f 872/872/872 873/873/873 868/868/868
f 874/874/874 864/864/864 866/866/866
f 873/873/873 874/874/874 866/866/866
f 875/875/875 862/862/862 864/864/864
f 874/874/874 875/875/875 864/864/864
f 875/875/875 876/876/876 862/862/862
f 876/876/876 859/859/859 862/862/862
f 876/876/876 858/858/858 859/859/859
f 773/773/773 877/877/877 768/768/768
f 773/773/773 774/774/774 877/877/877
f 774/774/774 878/878/878 877/877/877
f 774/774/774 775/775/775 878/878/878
f 775/775/775 879/879/879 878/878/878
f 775/775/775 776/776/776 879/879/879
f 776/776/776 880/880/880 879/879/879
f 776/776/776 777/777/777 880/880/880
f 777/777/777 881/881/881 880/880/880
f 777/777/777 778/778/778 881/881/881
f 778/778/778 882/882/882 881/881/881
f 778/778/778 779/779/779 882/882/882
f 779/779/779 883/883/883 882/882/882
f 882/882/882 883/883/883 884/884/884
f 882/882/882 884/884/884 885/885/885
f 885/885/885 884/884/884 886/886/886
f 885/885/885 886/886/886 887/887/887
f 888/888/888 885/885/885 887/887/887
f 888/888/888 887/887/887 889/889/889
f 890/890/890 888/888/888 889/889/889
f 890/890/890 889/889/889 891/891/891
f 892/892/892 890/890/890 891/891/891
f 892/892/892 891/891/891 893/893/893
f 894/894/894 892/892/892 893/893/893
f 894/894/894 893/893/893 765/765/765
f 766/766/766 894/894/894 765/765/765
f 895/895/895 894/894/894 766/766/766
f 768/768/768 895/895/895 766/766/766
f 896/896/896 892/892/892 894/894/894
f 895/895/895 896/896/896 894/894/894
f 897/897/897 890/890/890 892/892/892
f 896/896/896 897/897/897 892/892/892
f 898/898/898 888/888/888 890/890/890
f 897/897/897 898/898/898 890/890/890
f 898/898/898 899/899/899 888/888/888
f 899/899/899 885/885/885 888/888/888
f 899/899/899 882/882/882 885/885/885
f 884/884/884 900/900/900 886/886/886
f 884/884/884 901/901/901 900/900/900
f 901/901/901 902/902/902 900/900/900
f 883/883/883 901/901/901 884/884/884
f 901/901/901 903/903/903 902/902/902
f 903/903/903 904/904/904 902/902/902
f 905/905/905 903/903/903 901/901/901
f 883/883/883 905/905/905 901/901/901
f 780/780/780 905/905/905 883/883/883
f 779/779/779 780/780/780 883/883/883
f 780/780/780 781/781/781 905/905/905
f 781/781/781 906/906/906 905/905/905
f 903/903/903 907/907/907 904/904/904
f 907/907/907 908/908/908 904/904/904
f 909/909/909 907/907/907 903/903/903
f 905/905/905 909/909/909 903/903/903
f 907/907/907 787/787/787 908/908/908
f 787/787/787 853/853/853 908/908/908
f 785/785/785 787/787/787 907/907/907
f 909/909/909 785/785/785 907/907/907
f 783/783/783 785/785/785 906/906/906
f 781/781/781 783/783/783 906/906/906
f 804/804/804 791/791/791 792/792/792
f 804/804/804 910/910/910 791/791/791
f 910/910/910 790/790/790 791/791/791
f 910/910/910 911/911/911 790/790/790
f 911/911/911 789/789/789 790/790/790
f 911/911/911 786/786/786 789/789/789
f 788/788/788 786/786/786 911/911/911
f 912/912/912 788/788/788 911/911/911
f 912/912/912 911/911/911 913/913/913
f 857/857/857 912/912/912 913/913/913
f 857/857/857 913/913/913 860/860/860
f 916/916/916 915/915/915 914/914/914
f 917/917/917 916/916/916 914/914/914
f 918/918/918 916/916/916 917/917/917
f 919/919/919 918/918/918 917/917/917
f 920/920/920 918/918/918 919/919/919
f 921/921/921 920/920/920 919/919/919
f 922/922/922 920/920/920 921/921/921
f 922/922/922 923/923/923 920/920/920
f 920/920/920 923/923/923 918/918/918
f 922/922/922 924/924/924 923/923/923
f 922/922/922 925/925/925 924/924/924
f 922/922/922 926/926/926 925/925/925
f 922/922/922 927/927/927 926/926/926
f 922/922/922 928/928/928 927/927/927
f 922/922/922 929/929/929 928/928/928
f 922/922/922 930/930/930 929/929/929
f 922/922/922 931/931/931 930/930/930
f 922/922/922 932/932/932 931/931/931
f 932/932/932 933/933/933 931/931/931
f 933/933/933 932/932/932 934/934/934
f 935/935/935 933/933/933 934/934/934
f 936/936/936 935/935/935 934/934/934
f 937/937/937 935/935/935 936/936/936
f 938/938/938 937/937/937 936/936/936
f 934/934/934 932/932/932 939/939/939
f 936/936/936 934/934/934 939/939/939
f 939/939/939 932/932/932 940/940/940
f 940/940/940 932/932/932 941/941/941
f 941/941/941 932/932/932 942/942/942
f 942/942/942 932/932/932 943/943/943
f 943/943/943 932/932/932 944/944/944
f 944/944/944 932/932/932 945/945/945
f 945/945/945 932/932/932 946/946/946
f 946/946/946 932/932/932 947/947/947
f 947/947/947 932/932/932 922/922/922
f 921/921/921 947/947/947 922/922/922
f 948/948/948 947/947/947 921/921/921
f 919/919/919 948/948/948 921/921/921
f 949/949/949 946/946/946 947/947/947
f 948/948/948 949/949/949 947/947/947
f 950/950/950 945/945/945 946/946/946
f 949/949/949 950/950/950 946/946/946
f 951/951/951 944/944/944 945/945/945
f 950/950/950 951/951/951 945/945/945
f 952/952/952 943/943/943 944/944/944
f 951/951/951 952/952/952 944/944/944
f 953/953/953 942/942/942 943/943/943
f 952/952/952 953/953/953 943/943/943
f 953/953/953 954/954/954 942/942/942
f 956/956/956 955/955/955 919/919/919
f 917/917/917 956/956/956 919/919/919
f 957/957/957 956/956/956 917/917/917
f 914/914/914 957/957/957 917/917/917
f 956/956/956 958/958/958 955/955/955
f 958/958/958 959/959/959 955/955/955
f 960/960/960 958/958/958 956/956/956
f 957/957/957 960/960/960 956/956/956
f 958/958/958 961/961/961 959/959/959
f 961/961/961 962/962/962 959/959/959
f 963/963/963 961/961/961 958/958/958
f 960/960/960 963/963/963 958/958/958
f 961/961/961 964/964/964 962/962/962
f 964/964/964 965/965/965 962/962/962
f 966/966/966 964/964/964 961/961/961
f 963/963/963 966/966/966 961/961/961
f 964/964/964 967/967/967 965/965/965
f 967/967/967 968/968/968 965/965/965
f 969/969/969 967/967/967 964/964/964
f 966/966/966 969/969/969 964/964/964
f 967/967/967 970/970/970 968/968/968
f 970/970/970 971/971/971 968/968/968
f 972/972/972 970/970/970 967/967/967
f 969/969/969 972/972/972 967/967/967
f 970/970/970 973/973/973 971/971/971
f 973/973/973 974/974/974 971/971/971
f 975/975/975 973/973/973 970/970/970
f 972/972/972 975/975/975 970/970/970
f 973/973/973 976/976/976 974/974/974
f 976/976/976 977/977/977 974/974/974
f 978/978/978 976/976/976 973/973/973
f 975/975/975 978/978/978 973/973/973
f 976/976/976 979/979/979 977/977/977
f 979/979/979 980/980/980 977/977/977
f 978/978/978 981/981/981 976/976/976
f 981/981/981 982/982/982 976/976/976
f 979/979/979 938/938/938 980/980/980
f 938/938/938 936/936/936 980/980/980
f 980/980/980 936/936/936 939/939/939
f 980/980/980 939/939/939 940/940/940
f 983/983/983 980/980/980 940/940/940
f 983/983/983 940/940/940 941/941/941
f 954/954/954 983/983/983 941/941/941
f 954/954/954 941/941/941 942/942/942
f 981/981/981 984/984/984 982/982/982
f 984/984/984 985/985/985 982/982/982
f 984/984/984 986/986/986 985/985/985
f 986/986/986 937/937/937 985/985/985
f 937/937/937 986/986/986 987/987/987
f 987/987/987 986/986/986 988/988/988
f 987/987/987 988/988/988 989/989/989
f 990/990/990 987/987/987 989/989/989
f 990/990/990 989/989/989 991/991/991
f 992/992/992 990/990/990 991/991/991
f 992/992/992 991/991/991 993/993/993
f 994/994/994 992/992/992 993/993/993
f 994/994/994 993/993/993 995/995/995
f 996/996/996 994/994/994 995/995/995
f 996/996/996 995/995/995 997/997/997
f 998/998/998 996/996/996 997/997/997
f 998/998/998 997/997/997 999/999/999
f 1000/1000/1000 998/998/998 999/999/999
f 1000/1000/1000 999/999/999 1001/1001/1001
f 1002/1002/1002 1000/1000/1000 1001/1001/1001
f 1002/1002/1002 1001/1001/1001 1003/1003/1003
f 1004/1004/1004 1002/1002/1002 1003/1003/1003
f 1004/1004/1004 1003/1003/1003 1005/1005/1005
f 1006/1006/1006 1004/1004/1004 1005/1005/1005
f 1006/1006/1006 1005/1005/1005 1007/1007/1007
f 1008/1008/1008 1006/1006/1006 1007/1007/1007
f 1007/1007/1007 1009/1009/1009 1008/1008/1008
f 1009/1009/1009 1010/1010/1010 1008/1008/1008
f 1011/1011/1011 1010/1010/1010 1009/1009/1009
f 1012/1012/1012 1011/1011/1011 1009/1009/1009
f 1013/1013/1013 1011/1011/1011 1012/1012/1012
f 1014/1014/1014 1013/1013/1013 1012/1012/1012
f 1015/1015/1015 1013/1013/1013 1014/1014/1014
f 1016/1016/1016 1015/1015/1015 1014/1014/1014
f 1017/1017/1017 1015/1015/1015 1016/1016/1016
f 1018/1018/1018 1017/1017/1017 1016/1016/1016
f 1019/1019/1019 1017/1017/1017 1018/1018/1018
f 1020/1020/1020 1019/1019/1019 1018/1018/1018
f 1021/1021/1021 1019/1019/1019 1020/1020/1020
f 1022/1022/1022 1021/1021/1021 1020/1020/1020
f 1023/1023/1023 1021/1021/1021 1022/1022/1022
f 1024/1024/1024 1023/1023/1023 1022/1022/1022
f 1025/1025/1025 1023/1023/1023 1024/1024/1024
f 1026/1026/1026 1025/1025/1025 1024/1024/1024
f 1027/1027/1027 1025/1025/1025 1026/1026/1026
f 1028/1028/1028 1027/1027/1027 1026/1026/1026
f 1029/1029/1029 1027/1027/1027 1028/1028/1028
f 1030/1030/1030 1029/1029/1029 1028/1028/1028
f 986/986/986 1031/1031/1031 988/988/988
f 923/923/923 1032/1032/1032 918/918/918
f 923/923/923 924/924/924 1032/1032/1032
f 924/924/924 1033/1033/1033 1032/1032/1032
f 924/924/924 925/925/925 1033/1033/1033
f 925/925/925 1034/1034/1034 1033/1033/1033
f 925/925/925 926/926/926 1034/1034/1034
f 926/926/926 1035/1035/1035 1034/1034/1034
f 926/926/926 927/927/927 1035/1035/1035
f 927/927/927 1036/1036/1036 1035/1035/1035
f 927/927/927 928/928/928 1036/1036/1036
f 928/928/928 1037/1037/1037 1036/1036/1036
f 928/928/928 929/929/929 1037/1037/1037
f 929/929/929 1038/1038/1038 1037/1037/1037
f 1037/1037/1037 1038/1038/1038 1039/1039/1039
f 1037/1037/1037 1039/1039/1039 1040/1040/1040
f 1040/1040/1040 1039/1039/1039 1041/1041/1041
f 1040/1040/1040 1041/1041/1041 1042/1042/1042
f 1043/1043/1043 1040/1040/1040 1042/1042/1042
f 1043/1043/1043 1042/1042/1042 1044/1044/1044
f 1045/1045/1045 1043/1043/1043 1044/1044/1044
f 1045/1045/1045 1044/1044/1044 1046/1046/1046
f 1047/1047/1047 1045/1045/1045 1046/1046/1046
f 1047/1047/1047 1046/1046/1046 1048/1048/1048
f 1049/1049/1049 1047/1047/1047 1048/1048/1048
f 1049/1049/1049 1048/1048/1048 915/915/915
f 916/916/916 1049/1049/1049 915/915/915
f 1050/1050/1050 1049/1049/1049 916/916/916
f 918/918/918 1050/1050/1050 916/916/916
f 1051/1051/1051 1047/1047/1047 1049/1049/1049
f 1050/1050/1050 1051/1051/1051 1049/1049/1049
f 1052/1052/1052 1045/1045/1045 1047/1047/1047
f 1051/1051/1051 1052/1052/1052 1047/1047/1047
f 1053/1053/1053 1043/1043/1043 1045/1045/1045
f 1052/1052/1052 1053/1053/1053 1045/1045/1045
f 1053/1053/1053 1054/1054/1054 1043/1043/1043
f 1054/1054/1054 1040/1040/1040 1043/1043/1043
f 1054/1054/1054 1037/1037/1037 1040/1040/1040
f 1039/1039/1039 1055/1055/1055 1041/1041/1041
f 1039/1039/1039 1056/1056/1056 1055/1055/1055
f 1056/1056/1056 1057/1057/1057 1055/1055/1055
f 1038/1038/1038 1056/1056/1056 1039/1039/1039
f 1056/1056/1056 1058/1058/1058 1057/1057/1057
f 1058/1058/1058 1059/1059/1059 1057/1057/1057
f 1060/1060/1060 1058/1058/1058 1056/1056/1056
f 1038/1038/1038 1060/1060/1060 1056/1056/1056
f 930/930/930 1060/1060/1060 1038/1038/1038
f 929/929/929 930/930/930 1038/1038/1038
f 930/930/930 931/931/931 1060/1060/1060
f 931/931/931 1061/1061/1061 1060/1060/1060
f 1058/1058/1058 1062/1062/1062 1059/1059/1059
f 1062/1062/1062 987/987/987 1059/1059/1059
f 1063/1063/1063 1062/1062/1062 1058/1058/1058
f 1060/1060/1060 1063/1063/1063 1058/1058/1058
f 1062/1062/1062 937/937/937 987/987/987
f 935/935/935 937/937/937 1062/1062/1062
f 1063/1063/1063 935/935/935 1062/1062/1062
f 933/933/933 935/935/935 1061/1061/1061
f 931/931/931 933/933/933 1061/1061/1061
f 1066/1066/1066 1065/1065/1065 1064/1064/1064
f 1067/1067/1067 1066/1066/1066 1064/1064/1064
f 1064/1064/1064 1065/1065/1065 1068/1068/1068
f 1065/1065/1065 1069/1069/1069 1068/1068/1068
f 1068/1068/1068 1069/1069/1069 1070/1070/1070
f 1069/1069/1069 1071/1071/1071 1070/1070/1070
f 1070/1070/1070 1071/1071/1071 1072/1072/1072
f 1071/1071/1071 1073/1073/1073 1072/1072/1072
f 1066/1066/1066 1074/1074/1074 1065/1065/1065
f 1074/1074/1074 1075/1075/1075 1065/1065/1065
f 1065/1065/1065 1075/1075/1075 1069/1069/1069
f 1075/1075/1075 1074/1074/1074 1076/1076/1076
f 1074/1074/1074 1077/1077/1077 1076/1076/1076
f 1076/1076/1076 1077/1077/1077 1078/1078/1078
f 1077/1077/1077 1079/1079/1079 1078/1078/1078
f 1078/1078/1078 1079/1079/1079 1080/1080/1080
f 1079/1079/1079 1081/1081/1081 1080/1080/1080
f 1075/1075/1075 1082/1082/1082 1069/1069/1069
f 1069/1069/1069 1082/1082/1082 1071/1071/1071
f 1083/1083/1083 1082/1082/1082 1075/1075/1075
f 1084/1084/1084 1083/1083/1083 1075/1075/1075
f 1085/1085/1085 1083/1083/1083 1084/1084/1084
f 1086/1086/1086 1085/1085/1085 1084/1084/1084
f 1087/1087/1087 1085/1085/1085 1086/1086/1086
f 1088/1088/1088 1087/1087/1087 1086/1086/1086
f 1085/1085/1085 1087/1087/1087 1089/1089/1089
f 1090/1090/1090 1085/1085/1085 1089/1089/1089
f 1083/1083/1083 1085/1085/1085 1090/1090/1090
f 1091/1091/1091 1083/1083/1083 1090/1090/1090
f 1082/1082/1082 1083/1083/1083 1091/1091/1091
f 1092/1092/1092 1082/1082/1082 1091/1091/1091
f 1093/1093/1093 1087/1087/1087 1088/1088/1088
f 1093/1093/1093 1089/1089/1089 1087/1087/1087
f 1088/1088/1088 1094/1094/1094 1093/1093/1093
f 1082/1082/1082 1092/1092/1092 1071/1071/1071
f 1071/1071/1071 1092/1092/1092 1073/1073/1073
f 1092/1092/1092 1095/1095/1095 1073/1073/1073
f 1095/1095/1095 1092/1092/1092 1096/1096/1096
f 1092/1092/1092 1097/1097/1097 1096/1096/1096
f 1096/1096/1096 1097/1097/1097 1098/1098/1098
f 1097/1097/1097 1099/1099/1099 1098/1098/1098
f 1098/1098/1098 1099/1099/1099 1100/1100/1100
f 1099/1099/1099 1101/1101/1101 1100/1100/1100
f 1104/1104/1104 1103/1103/1103 1102/1102/1102
f 1105/1105/1105 1104/1104/1104 1102/1102/1102
f 1104/1104/1104 1106/1106/1106 1103/1103/1103
f 1106/1106/1106 1107/1107/1107 1103/1103/1103
f 1108/1108/1108 1106/1106/1106 1104/1104/1104
f 1109/1109/1109 1108/1108/1108 1104/1104/1104
f 1110/1110/1110 1108/1108/1108 1109/1109/1109
f 1111/1111/1111 1110/1110/1110 1109/1109/1109
f 1112/1112/1112 1110/1110/1110 1111/1111/1111
f 1113/1113/1113 1112/1112/1112 1111/1111/1111
f 1114/1114/1114 1112/1112/1112 1113/1113/1113
f 1115/1115/1115 1114/1114/1114 1113/1113/1113
f 1116/1116/1116 1114/1114/1114 1115/1115/1115
f 1114/1114/1114 1116/1116/1116 1112/1112/1112
f 1117/1117/1117 1116/1116/1116 1115/1115/1115
f 1118/1118/1118 1116/1116/1116 1117/1117/1117
f 1112/1112/1112 1118/1118/1118 1110/1110/1110
f 1116/1116/1116 1118/1118/1118 1112/1112/1112
f 1119/1119/1119 1118/1118/1118 1117/1117/1117
f 1120/1120/1120 1118/1118/1118 1119/1119/1119
f 1110/1110/1110 1120/1120/1120 1108/1108/1108
f 1118/1118/1118 1120/1120/1120 1110/1110/1110
f 1121/1121/1121 1120/1120/1120 1119/1119/1119
f 1122/1122/1122 1120/1120/1120 1121/1121/1121
f 1120/1120/1120 1122/1122/1122 1108/1108/1108
f 1123/1123/1123 1122/1122/1122 1121/1121/1121
f 1124/1124/1124 1122/1122/1122 1123/1123/1123
f 1125/1125/1125 1124/1124/1124 1123/1123/1123
f 1122/1122/1122 1124/1124/1124 1106/1106/1106
f 1108/1108/1108 1122/1122/1122 1106/1106/1106
f 1106/1106/1106 1126/1126/1126 1107/1107/1107
f 1126/1126/1126 1127/1127/1127 1107/1107/1107
f 1126/1126/1126 1128/1128/1128 1127/1127/1127
f 1128/1128/1128 1129/1129/1129 1127/1127/1127
f 1107/1107/1107 1131/1131/1131 1130/1130/1130
f 1130/1130/1130 1131/1131/1131 1132/1132/1132
f 1131/1131/1131 1133/1133/1133 1132/1132/1132
f 1132/1132/1132 1133/1133/1133 1134/1134/1134
f 1133/1133/1133 1135/1135/1135 1134/1134/1134
f 1134/1134/1134 1135/1135/1135 1136/1136/1136
f 1135/1135/1135 1137/1137/1137 1136/1136/1136
f 1136/1136/1136 1137/1137/1137 1138/1138/1138
f 1137/1137/1137 1139/1139/1139 1138/1138/1138
f 1138/1138/1138 1139/1139/1139 1140/1140/1140
f 1139/1139/1139 1141/1141/1141 1140/1140/1140
f 1141/1141/1141 1139/1139/1139 1137/1137/1137
f 1135/1135/1135 1141/1141/1141 1137/1137/1137
f 1140/1140/1140 1141/1141/1141 1142/1142/1142
f 1141/1141/1141 1143/1143/1143 1142/1142/1142
f 1143/1143/1143 1141/1141/1141 1135/1135/1135
f 1133/1133/1133 1143/1143/1143 1135/1135/1135
f 1142/1142/1142 1143/1143/1143 1144/1144/1144
f 1143/1143/1143 1145/1145/1145 1144/1144/1144
f 1145/1145/1145 1143/1143/1143 1133/1133/1133
f 1131/1131/1131 1145/1145/1145 1133/1133/1133
f 1144/1144/1144 1145/1145/1145 1146/1146/1146
f 1145/1145/1145 1147/1147/1147 1146/1146/1146
f 1147/1147/1147 1145/1145/1145 1131/1131/1131
f 1107/1107/1107 1147/1147/1147 1131/1131/1131
f 1103/1103/1103 1107/1107/1107 1130/1130/1130
f 1150/1150/1150 1149/1149/1149 1148/1148/1148
f 1151/1151/1151 1150/1150/1150 1148/1148/1148
f 1152/1152/1152 1150/1150/1150 1151/1151/1151
f 1153/1153/1153 1152/1152/1152 1151/1151/1151
f 1154/1154/1154 1152/1152/1152 1153/1153/1153
f 1155/1155/1155 1154/1154/1154 1153/1153/1153
f 1156/1156/1156 1154/1154/1154 1155/1155/1155
f 1157/1157/1157 1156/1156/1156 1155/1155/1155
f 1156/1156/1156 1158/1158/1158 1154/1154/1154
f 1158/1158/1158 1159/1159/1159 1154/1154/1154
f 1154/1154/1154 1159/1159/1159 1152/1152/1152
f 1159/1159/1159 1158/1158/1158 1160/1160/1160
f 1158/1158/1158 1161/1161/1161 1160/1160/1160
f 1160/1160/1160 1161/1161/1161 1162/1162/1162
f 1161/1161/1161 1163/1163/1163 1162/1162/1162
f 1162/1162/1162 1163/1163/1163 1164/1164/1164
f 1163/1163/1163 1165/1165/1165 1164/1164/1164
f 1159/1159/1159 1166/1166/1166 1152/1152/1152
f 1166/1166/1166 1159/1159/1159 1167/1167/1167
f 1166/1166/1166 1167/1167/1167 1168/1168/1168
f 1168/1168/1168 1167/1167/1167 1169/1169/1169
f 1167/1167/1167 1170/1170/1170 1169/1169/1169
f 1169/1169/1169 1170/1170/1170 1171/1171/1171
f 1170/1170/1170 1172/1172/1172 1171/1171/1171
f 1173/1173/1173 1166/1166/1166 1168/1168/1168
f 1170/1170/1170 1174/1174/1174 1172/1172/1172
f 1174/1174/1174 1175/1175/1175 1172/1172/1172
f 1176/1176/1176 1174/1174/1174 1170/1170/1170
f 1167/1167/1167 1176/1176/1176 1170/1170/1170
f 1159/1159/1159 1176/1176/1176 1167/1167/1167
f 1171/1171/1171 1172/1172/1172 1177/1177/1177
f 1172/1172/1172 1175/1175/1175 1177/1177/1177
f 1177/1177/1177 1178/1178/1178 1171/1171/1171
f 1166/1166/1166 1173/1173/1173 1150/1150/1150
f 1152/1152/1152 1166/1166/1166 1150/1150/1150
f 1150/1150/1150 1173/1173/1173 1149/1149/1149
f 1173/1173/1173 1179/1179/1179 1149/1149/1149
f 1179/1179/1179 1173/1173/1173 1180/1180/1180
f 1173/1173/1173 1181/1181/1181 1180/1180/1180
f 1180/1180/1180 1181/1181/1181 1182/1182/1182
f 1181/1181/1181 1183/1183/1183 1182/1182/1182
f 1182/1182/1182 1183/1183/1183 1184/1184/1184
f 1183/1183/1183 1185/1185/1185 1184/1184/1184
f 1188/1188/1188 1187/1187/1187 1186/1186/1186
f 1189/1189/1189 1188/1188/1188 1186/1186/1186
f 1192/1192/1192 1191/1191/1191 1190/1190/1190
f 1193/1193/1193 1192/1192/1192 1190/1190/1190
f 1190/1190/1190 1191/1191/1191 1194/1194/1194
f 1191/1191/1191 1195/1195/1195 1194/1194/1194
f 1194/1194/1194 1195/1195/1195 1196/1196/1196
f 1195/1195/1195 1197/1197/1197 1196/1196/1196
f 1196/1196/1196 1197/1197/1197 1198/1198/1198
f 1197/1197/1197 1199/1199/1199 1198/1198/1198
f 1198/1198/1198 1199/1199/1199 1200/1200/1200
f 1199/1199/1199 1201/1201/1201 1200/1200/1200
f 1192/1192/1192 1193/1193/1193 1202/1202/1202
f 1203/1203/1203 1192/1192/1192 1202/1202/1202
f 1204/1204/1204 1203/1203/1203 1202/1202/1202
f 1205/1205/1205 1204/1204/1204 1202/1202/1202
f 1206/1206/1206 1204/1204/1204 1205/1205/1205
f 1207/1207/1207 1206/1206/1206 1205/1205/1205
f 1208/1208/1208 1206/1206/1206 1207/1207/1207
f 1209/1209/1209 1208/1208/1208 1207/1207/1207
f 1210/1210/1210 1208/1208/1208 1209/1209/1209
f 1211/1211/1211 1210/1210/1210 1209/1209/1209
f 1203/1203/1203 1204/1204/1204 1212/1212/1212
f 1203/1203/1203 1212/1212/1212 1213/1213/1213
f 1213/1213/1213 1212/1212/1212 1214/1214/1214
f 1213/1213/1213 1214/1214/1214 1215/1215/1215
f 1214/1214/1214 1216/1216/1216 1215/1215/1215
f 1216/1216/1216 1217/1217/1217 1215/1215/1215
f 1218/1218/1218 1216/1216/1216 1214/1214/1214
f 1219/1219/1219 1218/1218/1218 1214/1214/1214
f 1212/1212/1212 1219/1219/1219 1214/1214/1214
f 1220/1220/1220 1218/1218/1218 1219/1219/1219
f 1221/1221/1221 1220/1220/1220 1219/1219/1219
f 1222/1222/1222 1220/1220/1220 1221/1221/1221
f 1223/1223/1223 1222/1222/1222 1221/1221/1221
f 1224/1224/1224 1222/1222/1222 1223/1223/1223
f 1225/1225/1225 1224/1224/1224 1223/1223/1223
f 1226/1226/1226 1224/1224/1224 1225/1225/1225
f 1227/1227/1227 1226/1226/1226 1225/1225/1225
f 1215/1215/1215 1217/1217/1217 1228/1228/1228
f 1217/1217/1217 1229/1229/1229 1228/1228/1228
f 1228/1228/1228 1229/1229/1229 1230/1230/1230
f 1229/1229/1229 1231/1231/1231 1230/1230/1230
f 1230/1230/1230 1231/1231/1231 1232/1232/1232
f 1231/1231/1231 1233/1233/1233 1232/1232/1232
f 1232/1232/1232 1233/1233/1233 1234/1234/1234
f 1233/1233/1233 1235/1235/1235 1234/1234/1234
f 1236/1236/1236 1223/1223/1223 1221/1221/1221
f 1237/1237/1237 1236/1236/1236 1221/1221/1221
f 1206/1206/1206 1236/1236/1236 1237/1237/1237
f 1204/1204/1204 1206/1206/1206 1237/1237/1237
f 1204/1204/1204 1237/1237/1237 1212/1212/1212
f 1212/1212/1212 1237/1237/1237 1219/1219/1219
f 1237/1237/1237 1221/1221/1221 1219/1219/1219
f 1206/1206/1206 1208/1208/1208 1236/1236/1236
f 1208/1208/1208 1238/1238/1238 1236/1236/1236
f 1236/1236/1236 1238/1238/1238 1223/1223/1223
f 1238/1238/1238 1225/1225/1225 1223/1223/1223
f 1238/1238/1238 1239/1239/1239 1225/1225/1225
f 1239/1239/1239 1227/1227/1227 1225/1225/1225
f 1210/1210/1210 1239/1239/1239 1238/1238/1238
f 1208/1208/1208 1210/1210/1210 1238/1238/1238
f 1240/1240/1240 1232/1232/1232 1234/1234/1234
f 1240/1240/1240 1241/1241/1241 1232/1232/1232
f 1241/1241/1241 1230/1230/1230 1232/1232/1232
f 1197/1197/1197 1241/1241/1241 1240/1240/1240
f 1199/1199/1199 1197/1197/1197 1240/1240/1240
f 1199/1199/1199 1240/1240/1240 1242/1242/1242
f 1242/1242/1242 1240/1240/1240 1234/1234/1234
f 1201/1201/1201 1199/1199/1199 1242/1242/1242
f 1241/1241/1241 1243/1243/1243 1230/1230/1230
f 1243/1243/1243 1228/1228/1228 1230/1230/1230
f 1228/1228/1228 1243/1243/1243 1244/1244/1244
f 1244/1244/1244 1243/1243/1243 1191/1191/1191
f 1243/1243/1243 1195/1195/1195 1191/1191/1191
f 1195/1195/1195 1243/1243/1243 1241/1241/1241
f 1197/1197/1197 1195/1195/1195 1241/1241/1241
f 1215/1215/1215 1228/1228/1228 1244/1244/1244
f 1244/1244/1244 1213/1213/1213 1215/1215/1215
f 1192/1192/1192 1213/1213/1213 1244/1244/1244
f 1191/1191/1191 1192/1192/1192 1244/1244/1244
f 1192/1192/1192 1203/1203/1203 1213/1213/1213
f 1247/1247/1247 1246/1246/1246 1245/1245/1245
f 1248/1248/1248 1247/1247/1247 1245/1245/1245
f 1245/1245/1245 1249/1249/1249 1248/1248/1248
f 1249/1249/1249 1250/1250/1250 1248/1248/1248
f 1250/1250/1250 1249/1249/1249 1251/1251/1251
f 1252/1252/1252 1250/1250/1250 1251/1251/1251
f 1252/1252/1252 1251/1251/1251 1253/1253/1253
f 1254/1254/1254 1252/1252/1252 1253/1253/1253
f 1254/1254/1254 1253/1253/1253 1255/1255/1255
f 1256/1256/1256 1254/1254/1254 1255/1255/1255
f 1256/1256/1256 1255/1255/1255 1257/1257/1257
f 1258/1258/1258 1256/1256/1256 1257/1257/1257
f 1258/1258/1258 1257/1257/1257 1259/1259/1259
f 1260/1260/1260 1258/1258/1258 1259/1259/1259
f 1260/1260/1260 1259/1259/1259 1261/1261/1261
f 1262/1262/1262 1260/1260/1260 1261/1261/1261
f 1262/1262/1262 1261/1261/1261 1263/1263/1263
f 1264/1264/1264 1262/1262/1262 1263/1263/1263
f 1264/1264/1264 1263/1263/1263 1265/1265/1265
f 1266/1266/1266 1264/1264/1264 1265/1265/1265
f 1264/1264/1264 1266/1266/1266 1267/1267/1267
f 1268/1268/1268 1264/1264/1264 1267/1267/1267
f 1262/1262/1262 1264/1264/1264 1268/1268/1268
f 1269/1269/1269 1262/1262/1262 1268/1268/1268
f 1260/1260/1260 1262/1262/1262 1269/1269/1269
f 1270/1270/1270 1260/1260/1260 1269/1269/1269
f 1258/1258/1258 1260/1260/1260 1270/1270/1270
f 1271/1271/1271 1258/1258/1258 1270/1270/1270
f 1256/1256/1256 1258/1258/1258 1271/1271/1271
f 1272/1272/1272 1256/1256/1256 1271/1271/1271
f 1254/1254/1254 1256/1256/1256 1272/1272/1272
f 1273/1273/1273 1254/1254/1254 1272/1272/1272
f 1252/1252/1252 1254/1254/1254 1273/1273/1273
f 1274/1274/1274 1252/1252/1252 1273/1273/1273
f 1250/1250/1250 1252/1252/1252 1274/1274/1274
f 1275/1275/1275 1250/1250/1250 1274/1274/1274
f 1248/1248/1248 1250/1250/1250 1275/1275/1275
f 1276/1276/1276 1248/1248/1248 1275/1275/1275
f 1247/1247/1247 1248/1248/1248 1276/1276/1276
f 1277/1277/1277 1247/1247/1247 1276/1276/1276
f 1280/1280/1280 1279/1279/1279 1278/1278/1278
f 1281/1281/1281 1280/1280/1280 1278/1278/1278
f 1278/1278/1278 1282/1282/1282 1281/1281/1281
f 1282/1282/1282 1283/1283/1283 1281/1281/1281
f 1282/1282/1282 1284/1284/1284 1283/1283/1283
f 1284/1284/1284 1285/1285/1285 1283/1283/1283
f 1280/1280/1280 1286/1286/1286 1279/1279/1279
f 1286/1286/1286 1287/1287/1287 1279/1279/1279
f 1286/1286/1286 1288/1288/1288 1287/1287/1287
f 1288/1288/1288 1289/1289/1289 1287/1287/1287
f 1288/1288/1288 1290/1290/1290 1289/1289/1289
f 1290/1290/1290 1291/1291/1291 1289/1289/1289
f 1290/1290/1290 1292/1292/1292 1291/1291/1291
f 1292/1292/1292 1293/1293/1293 1291/1291/1291
f 1285/1285/1285 1284/1284/1284 1294/1294/1294
f 1295/1295/1295 1285/1285/1285 1294/1294/1294
f 1295/1295/1295 1294/1294/1294 1296/1296/1296
f 1297/1297/1297 1295/1295/1295 1296/1296/1296
f 1297/1297/1297 1296/1296/1296 1298/1298/1298
f 1299/1299/1299 1297/1297/1297 1298/1298/1298
f 1292/1292/1292 1290/1290/1290 1300/1300/1300
f 1301/1301/1301 1292/1292/1292 1300/1300/1300
f 1297/1297/1297 1299/1299/1299 1302/1302/1302
f 1303/1303/1303 1297/1297/1297 1302/1302/1302
f 1295/1295/1295 1297/1297/1297 1303/1303/1303
f 1304/1304/1304 1295/1295/1295 1303/1303/1303
f 1285/1285/1285 1295/1295/1295 1304/1304/1304
f 1305/1305/1305 1285/1285/1285 1304/1304/1304
f 1283/1283/1283 1285/1285/1285 1305/1305/1305
f 1306/1306/1306 1283/1283/1283 1305/1305/1305
f 1281/1281/1281 1283/1283/1283 1306/1306/1306
f 1307/1307/1307 1281/1281/1281 1306/1306/1306
f 1280/1280/1280 1281/1281/1281 1307/1307/1307
f 1308/1308/1308 1280/1280/1280 1307/1307/1307
f 1286/1286/1286 1280/1280/1280 1308/1308/1308
f 1309/1309/1309 1286/1286/1286 1308/1308/1308
f 1288/1288/1288 1286/1286/1286 1309/1309/1309
f 1310/1310/1310 1288/1288/1288 1309/1309/1309
f 1290/1290/1290 1288/1288/1288 1310/1310/1310
f 1300/1300/1300 1290/1290/1290 1310/1310/1310
f 1313/1313/1313 1312/1312/1312 1311/1311/1311
f 1314/1314/1314 1313/1313/1313 1311/1311/1311
f 1311/1311/1311 1315/1315/1315 1314/1314/1314
f 1315/1315/1315 1316/1316/1316 1314/1314/1314
f 1315/1315/1315 1317/1317/1317 1316/1316/1316
f 1317/1317/1317 1318/1318/1318 1316/1316/1316
f 1313/1313/1313 1319/1319/1319 1312/1312/1312
f 1319/1319/1319 1320/1320/1320 1312/1312/1312
f 1319/1319/1319 1321/1321/1321 1320/1320/1320
f 1321/1321/1321 1322/1322/1322 1320/1320/1320
f 1321/1321/1321 1323/1323/1323 1322/1322/1322
f 1323/1323/1323 1324/1324/1324 1322/1322/1322
f 1323/1323/1323 1325/1325/1325 1324/1324/1324
f 1325/1325/1325 1326/1326/1326 1324/1324/1324
f 1318/1318/1318 1317/1317/1317 1327/1327/1327
f 1328/1328/1328 1318/1318/1318 1327/1327/1327
f 1328/1328/1328 1327/1327/1327 1329/1329/1329
f 1330/1330/1330 1328/1328/1328 1329/1329/1329
f 1330/1330/1330 1329/1329/1329 1331/1331/1331
f 1332/1332/1332 1330/1330/1330 1331/1331/1331
f 1326/1326/1326 1333/1333/1333 1324/1324/1324
f 1324/1324/1324 1333/1333/1333 1334/1334/1334
f 1334/1334/1334 1333/1333/1333 1335/1335/1335
f 1335/1335/1335 1333/1333/1333 1336/1336/1336
f 1336/1336/1336 1333/1333/1333 1337/1337/1337
f 1337/1337/1337 1333/1333/1333 1338/1338/1338
f 1338/1338/1338 1333/1333/1333 1339/1339/1339
f 1339/1339/1339 1333/1333/1333 1340/1340/1340
f 1340/1340/1340 1333/1333/1333 1341/1341/1341
f 1341/1341/1341 1333/1333/1333 1342/1342/1342
f 1330/1330/1330 1332/1332/1332 1298/1298/1298
f 1296/1296/1296 1330/1330/1330 1298/1298/1298
f 1328/1328/1328 1330/1330/1330 1296/1296/1296
f 1294/1294/1294 1328/1328/1328 1296/1296/1296
f 1318/1318/1318 1328/1328/1328 1294/1294/1294
f 1284/1284/1284 1318/1318/1318 1294/1294/1294
f 1316/1316/1316 1318/1318/1318 1284/1284/1284
f 1282/1282/1282 1316/1316/1316 1284/1284/1284
f 1314/1314/1314 1316/1316/1316 1282/1282/1282
f 1278/1278/1278 1314/1314/1314 1282/1282/1282
f 1313/1313/1313 1314/1314/1314 1278/1278/1278
f 1279/1279/1279 1313/1313/1313 1278/1278/1278
f 1319/1319/1319 1313/1313/1313 1279/1279/1279
f 1287/1287/1287 1319/1319/1319 1279/1279/1279
f 1321/1321/1321 1319/1319/1319 1287/1287/1287
f 1289/1289/1289 1321/1321/1321 1287/1287/1287
f 1323/1323/1323 1321/1321/1321 1289/1289/1289
f 1291/1291/1291 1323/1323/1323 1289/1289/1289
f 1325/1325/1325 1323/1323/1323 1291/1291/1291
f 1293/1293/1293 1325/1325/1325 1291/1291/1291
f 1345/1345/1345 1344/1344/1344 1343/1343/1343
f 1346/1346/1346 1345/1345/1345 1343/1343/1343
f 1343/1343/1343 1347/1347/1347 1346/1346/1346
f 1347/1347/1347 1348/1348/1348 1346/1346/1346
f 1345/1345/1345 1349/1349/1349 1344/1344/1344
f 1349/1349/1349 1350/1350/1350 1344/1344/1344
f 1348/1348/1348 1347/1347/1347 1351/1351/1351
f 1352/1352/1352 1348/1348/1348 1351/1351/1351
f 1352/1352/1352 1351/1351/1351 1353/1353/1353
f 1354/1354/1354 1352/1352/1352 1353/1353/1353
f 1354/1354/1354 1353/1353/1353 1355/1355/1355
f 1356/1356/1356 1354/1354/1354 1355/1355/1355
f 1356/1356/1356 1355/1355/1355 1357/1357/1357
f 1358/1358/1358 1356/1356/1356 1357/1357/1357
f 1358/1358/1358 1357/1357/1357 1359/1359/1359
f 1360/1360/1360 1358/1358/1358 1359/1359/1359
f 1360/1360/1360 1359/1359/1359 1361/1361/1361
f 1362/1362/1362 1360/1360/1360 1361/1361/1361
f 1362/1362/1362 1361/1361/1361 1363/1363/1363
f 1364/1364/1364 1362/1362/1362 1363/1363/1363
f 1362/1362/1362 1364/1364/1364 1365/1365/1365
f 1366/1366/1366 1362/1362/1362 1365/1365/1365
f 1360/1360/1360 1362/1362/1362 1366/1366/1366
f 1367/1367/1367 1360/1360/1360 1366/1366/1366
f 1358/1358/1358 1360/1360/1360 1367/1367/1367
f 1368/1368/1368 1358/1358/1358 1367/1367/1367
f 1356/1356/1356 1358/1358/1358 1368/1368/1368
f 1369/1369/1369 1356/1356/1356 1368/1368/1368
f 1354/1354/1354 1356/1356/1356 1369/1369/1369
f 1370/1370/1370 1354/1354/1354 1369/1369/1369
f 1361/1361/1361 1371/1371/1371 1363/1363/1363
f 1371/1371/1371 1372/1372/1372 1363/1363/1363
f 1363/1363/1363 1372/1372/1372 1373/1373/1373
f 1372/1372/1372 1374/1374/1374 1373/1373/1373
f 1373/1373/1373 1374/1374/1374 1375/1375/1375
f 1374/1374/1374 1376/1376/1376 1375/1375/1375
f 1375/1375/1375 1376/1376/1376 1377/1377/1377
f 1376/1376/1376 1378/1378/1378 1377/1377/1377
f 1377/1377/1377 1378/1378/1378 1379/1379/1379
f 1378/1378/1378 1380/1380/1380 1379/1379/1379
f 1379/1379/1379 1380/1380/1380 1381/1381/1381
f 1380/1380/1380 1382/1382/1382 1381/1381/1381
f 1381/1381/1381 1382/1382/1382 1383/1383/1383
f 1382/1382/1382 1384/1384/1384 1383/1383/1383
f 1383/1383/1383 1384/1384/1384 1385/1385/1385
f 1384/1384/1384 1386/1386/1386 1385/1385/1385
f 1385/1385/1385 1386/1386/1386 1387/1387/1387
f 1386/1386/1386 1388/1388/1388 1387/1387/1387
f 1387/1387/1387 1388/1388/1388 1361/1361/1361
f 1388/1388/1388 1371/1371/1371 1361/1361/1361
f 1345/1345/1345 1346/1346/1346 1389/1389/1389
f 1390/1390/1390 1345/1345/1345 1389/1389/1389
f 1349/1349/1349 1345/1345/1345 1390/1390/1390
f 1391/1391/1391 1349/1349/1349 1390/1390/1390
f 1389/1389/1389 1346/1346/1346 1392/1392/1392
f 1346/1346/1346 1348/1348/1348 1392/1392/1392
f 1392/1392/1392 1348/1348/1348 1393/1393/1393
f 1348/1348/1348 1352/1352/1352 1393/1393/1393
f 1393/1393/1393 1352/1352/1352 1370/1370/1370
f 1352/1352/1352 1354/1354/1354 1370/1370/1370
f 1396/1396/1396 1395/1395/1395 1394/1394/1394
f 1397/1397/1397 1396/1396/1396 1394/1394/1394
f 1394/1394/1394 1398/1398/1398 1397/1397/1397
f 1398/1398/1398 1399/1399/1399 1397/1397/1397
f 1396/1396/1396 1400/1400/1400 1395/1395/1395
f 1400/1400/1400 1401/1401/1401 1395/1395/1395
f 1399/1399/1399 1398/1398/1398 1402/1402/1402
f 1403/1403/1403 1399/1399/1399 1402/1402/1402
f 1403/1403/1403 1402/1402/1402 1404/1404/1404
f 1405/1405/1405 1403/1403/1403 1404/1404/1404
f 1405/1405/1405 1404/1404/1404 1406/1406/1406
f 1407/1407/1407 1405/1405/1405 1406/1406/1406
f 1407/1407/1407 1406/1406/1406 1408/1408/1408
f 1409/1409/1409 1407/1407/1407 1408/1408/1408
f 1409/1409/1409 1408/1408/1408 1410/1410/1410
f 1411/1411/1411 1409/1409/1409 1410/1410/1410
f 1411/1411/1411 1410/1410/1410 1412/1412/1412
f 1413/1413/1413 1411/1411/1411 1412/1412/1412
f 1413/1413/1413 1412/1412/1412 1414/1414/1414
f 1415/1415/1415 1413/1413/1413 1414/1414/1414
f 1413/1413/1413 1415/1415/1415 1416/1416/1416
f 1417/1417/1417 1413/1413/1413 1416/1416/1416
f 1411/1411/1411 1413/1413/1413 1417/1417/1417
f 1418/1418/1418 1411/1411/1411 1417/1417/1417
f 1409/1409/1409 1411/1411/1411 1418/1418/1418
f 1419/1419/1419 1409/1409/1409 1418/1418/1418
f 1407/1407/1407 1409/1409/1409 1419/1419/1419
f 1420/1420/1420 1407/1407/1407 1419/1419/1419
f 1405/1405/1405 1407/1407/1407 1420/1420/1420
f 1421/1421/1421 1405/1405/1405 1420/1420/1420
f 1412/1412/1412 1422/1422/1422 1414/1414/1414
f 1422/1422/1422 1423/1423/1423 1414/1414/1414
f 1414/1414/1414 1423/1423/1423 1424/1424/1424
f 1423/1423/1423 1425/1425/1425 1424/1424/1424
f 1424/1424/1424 1425/1425/1425 1426/1426/1426
f 1425/1425/1425 1427/1427/1427 1426/1426/1426
f 1426/1426/1426 1427/1427/1427 1428/1428/1428
f 1427/1427/1427 1429/1429/1429 1428/1428/1428
f 1428/1428/1428 1429/1429/1429 1430/1430/1430
f 1429/1429/1429 1431/1431/1431 1430/1430/1430
f 1430/1430/1430 1431/1431/1431 1432/1432/1432
f 1431/1431/1431 1433/1433/1433 1432/1432/1432
f 1432/1432/1432 1433/1433/1433 1434/1434/1434
f 1433/1433/1433 1435/1435/1435 1434/1434/1434
f 1434/1434/1434 1435/1435/1435 1436/1436/1436
f 1435/1435/1435 1437/1437/1437 1436/1436/1436
f 1436/1436/1436 1437/1437/1437 1438/1438/1438
f 1437/1437/1437 1439/1439/1439 1438/1438/1438
f 1438/1438/1438 1439/1439/1439 1412/1412/1412
f 1439/1439/1439 1422/1422/1422 1412/1412/1412
f 1396/1396/1396 1397/1397/1397 1440/1440/1440
f 1441/1441/1441 1396/1396/1396 1440/1440/1440
f 1400/1400/1400 1396/1396/1396 1441/1441/1441
f 1442/1442/1442 1400/1400/1400 1441/1441/1441
f 1440/1440/1440 1397/1397/1397 1443/1443/1443
f 1397/1397/1397 1399/1399/1399 1443/1443/1443
f 1443/1443/1443 1399/1399/1399 1444/1444/1444
f 1399/1399/1399 1403/1403/1403 1444/1444/1444
f 1444/1444/1444 1403/1403/1403 1421/1421/1421
f 1403/1403/1403 1405/1405/1405 1421/1421/1421
f 1447/1447/1447 1446/1446/1446 1445/1445/1445
f 1448/1448/1448 1447/1447/1447 1445/1445/1445
f 1445/1445/1445 1449/1449/1449 1448/1448/1448
f 1449/1449/1449 1450/1450/1450 1448/1448/1448
f 1447/1447/1447 1451/1451/1451 1446/1446/1446
f 1451/1451/1451 1452/1452/1452 1446/1446/1446
f 1450/1450/1450 1449/1449/1449 1453/1453/1453
f 1454/1454/1454 1450/1450/1450 1453/1453/1453
f 1454/1454/1454 1453/1453/1453 1455/1455/1455
f 1456/1456/1456 1454/1454/1454 1455/1455/1455
f 1456/1456/1456 1455/1455/1455 1457/1457/1457
f 1458/1458/1458 1456/1456/1456 1457/1457/1457
f 1458/1458/1458 1457/1457/1457 1459/1459/1459
f 1460/1460/1460 1458/1458/1458 1459/1459/1459
f 1460/1460/1460 1459/1459/1459 1461/1461/1461
f 1462/1462/1462 1460/1460/1460 1461/1461/1461
f 1462/1462/1462 1461/1461/1461 1463/1463/1463
f 1464/1464/1464 1462/1462/1462 1463/1463/1463
f 1464/1464/1464 1463/1463/1463 1465/1465/1465
f 1466/1466/1466 1464/1464/1464 1465/1465/1465
f 1464/1464/1464 1466/1466/1466 1467/1467/1467
f 1468/1468/1468 1464/1464/1464 1467/1467/1467
f 1462/1462/1462 1464/1464/1464 1468/1468/1468
f 1469/1469/1469 1462/1462/1462 1468/1468/1468
f 1460/1460/1460 1462/1462/1462 1469/1469/1469
f 1470/1470/1470 1460/1460/1460 1469/1469/1469
f 1458/1458/1458 1460/1460/1460 1470/1470/1470
f 1471/1471/1471 1458/1458/1458 1470/1470/1470
f 1456/1456/1456 1458/1458/1458 1471/1471/1471
f 1472/1472/1472 1456/1456/1456 1471/1471/1471
f 1463/1463/1463 1473/1473/1473 1465/1465/1465
f 1473/1473/1473 1474/1474/1474 1465/1465/1465
f 1465/1465/1465 1474/1474/1474 1475/1475/1475
f 1474/1474/1474 1476/1476/1476 1475/1475/1475
f 1475/1475/1475 1476/1476/1476 1477/1477/1477
f 1476/1476/1476 1478/1478/1478 1477/1477/1477
f 1477/1477/1477 1478/1478/1478 1479/1479/1479
f 1478/1478/1478 1480/1480/1480 1479/1479/1479
f 1479/1479/1479 1480/1480/1480 1481/1481/1481
f 1480/1480/1480 1482/1482/1482 1481/1481/1481
f 1481/1481/1481 1482/1482/1482 1483/1483/1483
f 1482/1482/1482 1484/1484/1484 1483/1483/1483
f 1483/1483/1483 1484/1484/1484 1485/1485/1485
f 1484/1484/1484 1486/1486/1486 1485/1485/1485
f 1485/1485/1485 1486/1486/1486 1487/1487/1487
f 1486/1486/1486 1488/1488/1488 1487/1487/1487
f 1487/1487/1487 1488/1488/1488 1489/1489/1489
f 1488/1488/1488 1490/1490/1490 1489/1489/1489
f 1489/1489/1489 1490/1490/1490 1463/1463/1463
f 1490/1490/1490 1473/1473/1473 1463/1463/1463
f 1447/1447/1447 1448/1448/1448 1491/1491/1491
f 1492/1492/1492 1447/1447/1447 1491/1491/1491
f 1451/1451/1451 1447/1447/1447 1492/1492/1492
f 1493/1493/1493 1451/1451/1451 1492/1492/1492
f 1491/1491/1491 1448/1448/1448 1494/1494/1494
f 1448/1448/1448 1450/1450/1450 1494/1494/1494
f 1494/1494/1494 1450/1450/1450 1495/1495/1495
f 1450/1450/1450 1454/1454/1454 1495/1495/1495
f 1495/1495/1495 1454/1454/1454 1472/1472/1472
f 1454/1454/1454 1456/1456/1456 1472/1472/1472
f 1498/1498/1498 1497/1497/1497 1496/1496/1496
f 1499/1499/1499 1498/1498/1498 1496/1496/1496
f 1496/1496/1496 1500/1500/1500 1499/1499/1499
f 1500/1500/1500 1501/1501/1501 1499/1499/1499
f 1498/1498/1498 1502/1502/1502 1497/1497/1497
f 1502/1502/1502 1503/1503/1503 1497/1497/1497
f 1501/1501/1501 1500/1500/1500 1504/1504/1504
f 1505/1505/1505 1501/1501/1501 1504/1504/1504
f 1505/1505/1505 1504/1504/1504 1506/1506/1506
f 1507/1507/1507 1505/1505/1505 1506/1506/1506
f 1507/1507/1507 1506/1506/1506 1508/1508/1508
f 1509/1509/1509 1507/1507/1507 1508/1508/1508
f 1509/1509/1509 1508/1508/1508 1510/1510/1510
f 1511/1511/1511 1509/1509/1509 1510/1510/1510
f 1511/1511/1511 1510/1510/1510 1512/1512/1512
f 1513/1513/1513 1511/1511/1511 1512/1512/1512
f 1513/1513/1513 1512/1512/1512 1514/1514/1514
f 1515/1515/1515 1513/1513/1513 1514/1514/1514
f 1515/1515/1515 1514/1514/1514 1516/1516/1516
f 1517/1517/1517 1515/1515/1515 1516/1516/1516
f 1517/1517/1517 1518/1518/1518 1515/1515/1515
f 1519/1519/1519 1518/1518/1518 1517/1517/1517
f 1520/1520/1520 1518/1518/1518 1519/1519/1519
f 1515/1515/1515 1518/1518/1518 1521/1521/1521
f 1521/1521/1521 1518/1518/1518 1522/1522/1522
f 1522/1522/1522 1518/1518/1518 1523/1523/1523
f 1523/1523/1523 1518/1518/1518 1524/1524/1524
f 1524/1524/1524 1518/1518/1518 1525/1525/1525
f 1525/1525/1525 1518/1518/1518 1526/1526/1526
f 1526/1526/1526 1518/1518/1518 1520/1520/1520
f 1514/1514/1514 1527/1527/1527 1516/1516/1516
f 1527/1527/1527 1528/1528/1528 1516/1516/1516
f 1528/1528/1528 1527/1527/1527 1529/1529/1529
f 1527/1527/1527 1530/1530/1530 1529/1529/1529
f 1527/1527/1527 1531/1531/1531 1530/1530/1530
f 1531/1531/1531 1532/1532/1532 1530/1530/1530
f 1531/1531/1531 1533/1533/1533 1532/1532/1532
f 1533/1533/1533 1534/1534/1534 1532/1532/1532
f 1533/1533/1533 1535/1535/1535 1534/1534/1534
f 1535/1535/1535 1536/1536/1536 1534/1534/1534
f 1535/1535/1535 1537/1537/1537 1536/1536/1536
f 1537/1537/1537 1538/1538/1538 1536/1536/1536
f 1537/1537/1537 1539/1539/1539 1538/1538/1538
f 1539/1539/1539 1540/1540/1540 1538/1538/1538
f 1539/1539/1539 1541/1541/1541 1540/1540/1540
f 1541/1541/1541 1542/1542/1542 1540/1540/1540
f 1542/1542/1542 1541/1541/1541 1543/1543/1543
f 1544/1544/1544 1542/1542/1542 1543/1543/1543
f 1543/1543/1543 1545/1545/1545 1544/1544/1544
f 1545/1545/1545 1546/1546/1546 1544/1544/1544
f 1545/1545/1545 1547/1547/1547 1546/1546/1546
f 1547/1547/1547 1548/1548/1548 1546/1546/1546
f 1545/1545/1545 1543/1543/1543 1496/1496/1496
f 1497/1497/1497 1545/1545/1545 1496/1496/1496
f 1547/1547/1547 1545/1545/1545 1497/1497/1497
f 1503/1503/1503 1547/1547/1547 1497/1497/1497
f 1539/1539/1539 1537/1537/1537 1506/1506/1506
f 1506/1506/1506 1537/1537/1537 1508/1508/1508
f 1537/1537/1537 1535/1535/1535 1508/1508/1508
f 1508/1508/1508 1535/1535/1535 1510/1510/1510
f 1535/1535/1535 1533/1533/1533 1510/1510/1510
f 1510/1510/1510 1533/1533/1533 1512/1512/1512
f 1533/1533/1533 1531/1531/1531 1512/1512/1512
f 1512/1512/1512 1531/1531/1531 1514/1514/1514
f 1531/1531/1531 1527/1527/1527 1514/1514/1514
f 1504/1504/1504 1539/1539/1539 1506/1506/1506
f 1541/1541/1541 1539/1539/1539 1504/1504/1504
f 1500/1500/1500 1541/1541/1541 1504/1504/1504
f 1543/1543/1543 1541/1541/1541 1500/1500/1500
f 1496/1496/1496 1543/1543/1543 1500/1500/1500
f 1551/1551/1551 1550/1550/1550 1549/1549/1549
f 1552/1552/1552 1551/1551/1551 1549/1549/1549
f 1553/1553/1553 1551/1551/1551 1552/1552/1552
f 1554/1554/1554 1553/1553/1553 1552/1552/1552
f 1555/1555/1555 1553/1553/1553 1554/1554/1554
f 1529/1529/1529 1555/1555/1555 1554/1554/1554
f 1556/1556/1556 1555/1555/1555 1529/1529/1529
f 1530/1530/1530 1556/1556/1556 1529/1529/1529
f 1557/1557/1557 1556/1556/1556 1530/1530/1530
f 1558/1558/1558 1557/1557/1557 1530/1530/1530
f 1559/1559/1559 1557/1557/1557 1558/1558/1558
f 1560/1560/1560 1559/1559/1559 1558/1558/1558
f 1561/1561/1561 1559/1559/1559 1560/1560/1560
f 1562/1562/1562 1561/1561/1561 1560/1560/1560
f 1563/1563/1563 1561/1561/1561 1562/1562/1562
f 1564/1564/1564 1563/1563/1563 1562/1562/1562
f 1565/1565/1565 1563/1563/1563 1564/1564/1564
f 1566/1566/1566 1565/1565/1565 1564/1564/1564
f 1550/1550/1550 1565/1565/1565 1566/1566/1566
f 1549/1549/1549 1550/1550/1550 1566/1566/1566
f 1569/1569/1569 1568/1568/1568 1567/1567/1567
f 1570/1570/1570 1569/1569/1569 1567/1567/1567
f 1571/1571/1571 1569/1569/1569 1570/1570/1570
f 1572/1572/1572 1571/1571/1571 1570/1570/1570
f 1573/1573/1573 1567/1567/1567 1568/1568/1568
f 1567/1567/1567 1573/1573/1573 1574/1574/1574
f 1567/1567/1567 1574/1574/1574 1570/1570/1570
f 1573/1573/1573 1575/1575/1575 1574/1574/1574
f 1576/1576/1576 1573/1573/1573 1568/1568/1568
f 1573/1573/1573 1576/1576/1576 1577/1577/1577
f 1573/1573/1573 1577/1577/1577 1575/1575/1575
f 1576/1576/1576 1578/1578/1578 1577/1577/1577
f 1579/1579/1579 1576/1576/1576 1568/1568/1568
f 1576/1576/1576 1579/1579/1579 1578/1578/1578
f 1580/1580/1580 1579/1579/1579 1568/1568/1568
f 1568/1568/1568 1569/1569/1569 1580/1580/1580
f 1572/1572/1572 1581/1581/1581 1571/1571/1571
f 1582/1582/1582 1581/1581/1581 1572/1572/1572
f 1583/1583/1583 1582/1582/1582 1572/1572/1572
f 1572/1572/1572 1570/1570/1570 1583/1583/1583
f 1581/1581/1581 1584/1584/1584 1571/1571/1571
f 1585/1585/1585 1584/1584/1584 1581/1581/1581
f 1586/1586/1586 1585/1585/1585 1581/1581/1581
f 1581/1581/1581 1582/1582/1582 1586/1586/1586
f 1587/1587/1587 1585/1585/1585 1586/1586/1586
f 1588/1588/1588 1587/1587/1587 1586/1586/1586
f 1589/1589/1589 1587/1587/1587 1588/1588/1588
f 1587/1587/1587 1589/1589/1589 1590/1590/1590
f 1587/1587/1587 1590/1590/1590 1585/1585/1585
f 1589/1589/1589 1591/1591/1591 1590/1590/1590
f 1592/1592/1592 1589/1589/1589 1588/1588/1588
f 1593/1593/1593 1592/1592/1592 1588/1588/1588
f 1594/1594/1594 1593/1593/1593 1588/1588/1588
f 1588/1588/1588 1586/1586/1586 1594/1594/1594
f 1595/1595/1595 1589/1589/1589 1592/1592/1592
f 1589/1589/1589 1595/1595/1595 1591/1591/1591
f 1596/1596/1596 1595/1595/1595 1592/1592/1592
f 1592/1592/1592 1593/1593/1593 1596/1596/1596
f 1586/1586/1586 1597/1597/1597 1594/1594/1594
f 1582/1582/1582 1597/1597/1597 1586/1586/1586
f 1593/1593/1593 1598/1598/1598 1596/1596/1596
f 1584/1584/1584 1585/1585/1585 1599/1599/1599
f 1599/1599/1599 1600/1600/1600 1584/1584/1584
f 1601/1601/1601 1600/1600/1600 1599/1599/1599
f 1602/1602/1602 1601/1601/1601 1599/1599/1599
f 1603/1603/1603 1601/1601/1601 1602/1602/1602
f 1601/1601/1601 1603/1603/1603 1604/1604/1604
f 1601/1601/1601 1604/1604/1604 1600/1600/1600
f 1603/1603/1603 1605/1605/1605 1604/1604/1604
f 1606/1606/1606 1603/1603/1603 1602/1602/1602
f 1607/1607/1607 1606/1606/1606 1602/1602/1602
f 1608/1608/1608 1607/1607/1607 1602/1602/1602
f 1602/1602/1602 1599/1599/1599 1608/1608/1608
f 1609/1609/1609 1603/1603/1603 1606/1606/1606
f 1603/1603/1603 1609/1609/1609 1605/1605/1605
f 1610/1610/1610 1609/1609/1609 1606/1606/1606
f 1606/1606/1606 1607/1607/1607 1610/1610/1610
f 1611/1611/1611 1609/1609/1609 1610/1610/1610
f 1612/1612/1612 1611/1611/1611 1610/1610/1610
f 1611/1611/1611 1612/1612/1612 1613/1613/1613
f 1614/1614/1614 1611/1611/1611 1613/1613/1613
f 1615/1615/1615 1614/1614/1614 1613/1613/1613
f 1612/1612/1612 1616/1616/1616 1613/1613/1613
f 1613/1613/1613 1616/1616/1616 1617/1617/1617
f 1613/1613/1613 1617/1617/1617 1615/1615/1615
f 1616/1616/1616 1618/1618/1618 1617/1617/1617
f 1617/1617/1617 1618/1618/1618 1619/1619/1619
f 1618/1618/1618 1620/1620/1620 1619/1619/1619
f 1616/1616/1616 1612/1612/1612 1621/1621/1621
f 1616/1616/1616 1621/1621/1621 1618/1618/1618
f 1612/1612/1612 1622/1622/1622 1621/1621/1621
f 1612/1612/1612 1610/1610/1610 1622/1622/1622
f 1619/1619/1619 1620/1620/1620 1623/1623/1623
f 1624/1624/1624 1619/1619/1619 1623/1623/1623
f 1619/1619/1619 1624/1624/1624 1617/1617/1617
f 1625/1625/1625 1624/1624/1624 1623/1623/1623
f 1620/1620/1620 1626/1626/1626 1623/1623/1623
f 1623/1623/1623 1626/1626/1626 1627/1627/1627
f 1626/1626/1626 1628/1628/1628 1627/1627/1627
f 1626/1626/1626 1620/1620/1620 1629/1629/1629
f 1620/1620/1620 1630/1630/1630 1629/1629/1629
f 1620/1620/1620 1618/1618/1618 1630/1630/1630
f 1623/1623/1623 1631/1631/1631 1625/1625/1625
f 1631/1631/1631 1632/1632/1632 1625/1625/1625
f 1624/1624/1624 1633/1633/1633 1617/1617/1617
f 1626/1626/1626 1629/1629/1629 1634/1634/1634
f 1629/1629/1629 1635/1635/1635 1634/1634/1634
f 1621/1621/1621 1636/1636/1636 1618/1618/1618
f 1618/1618/1618 1637/1637/1637 1630/1630/1630
f 1600/1600/1600 1571/1571/1571 1584/1584/1584
f 1571/1571/1571 1600/1600/1600 1569/1569/1569
f 1600/1600/1600 1638/1638/1638 1569/1569/1569
f 1569/1569/1569 1638/1638/1638 1580/1580/1580
f 1604/1604/1604 1639/1639/1639 1600/1600/1600
f 1570/1570/1570 1640/1640/1640 1583/1583/1583
f 1574/1574/1574 1640/1640/1640 1570/1570/1570
f 1577/1577/1577 1641/1641/1641 1575/1575/1575
f 1617/1617/1617 1642/1642/1642 1615/1615/1615
f 1599/1599/1599 1643/1643/1643 1608/1608/1608
f 1585/1585/1585 1644/1644/1644 1599/1599/1599
f 1590/1590/1590 1644/1644/1644 1585/1585/1585
f 1610/1610/1610 1645/1645/1645 1622/1622/1622
f 1607/1607/1607 1646/1646/1646 1610/1610/1610
f 1595/1595/1595 1647/1647/1647 1591/1591/1591
f 1649/1649/1649 1648/1648/1648 1609/1609/1609
f 1611/1611/1611 1649/1649/1649 1609/1609/1609
f 1609/1609/1609 1648/1648/1648 1605/1605/1605
f 1579/1579/1579 1650/1650/1650 1578/1578/1578
f 1653/1653/1653 1652/1652/1652 1651/1651/1651
f 1654/1654/1654 1653/1653/1653 1651/1651/1651
f 1655/1655/1655 1654/1654/1654 1651/1651/1651
f 1656/1656/1656 1655/1655/1655 1651/1651/1651
f 1657/1657/1657 1656/1656/1656 1651/1651/1651
f 1652/1652/1652 1657/1657/1657 1651/1651/1651
f 1653/1653/1653 1654/1654/1654 1658/1658/1658
f 1653/1653/1653 1658/1658/1658 1659/1659/1659
f 1658/1658/1658 1660/1660/1660 1659/1659/1659
f 1660/1660/1660 1661/1661/1661 1659/1659/1659
f 1659/1659/1659 1661/1661/1661 1662/1662/1662
f 1661/1661/1661 1663/1663/1663 1662/1662/1662
f 1663/1663/1663 1664/1664/1664 1662/1662/1662
f 1662/1662/1662 1664/1664/1664 1665/1665/1665
f 1666/1666/1666 1662/1662/1662 1665/1665/1665
f 1666/1666/1666 1667/1667/1667 1662/1662/1662
f 1667/1667/1667 1668/1668/1668 1662/1662/1662
f 1668/1668/1668 1659/1659/1659 1662/1662/1662
f 1668/1668/1668 1669/1669/1669 1659/1659/1659
f 1669/1669/1669 1670/1670/1670 1659/1659/1659
f 1670/1670/1670 1669/1669/1669 1671/1671/1671
f 1669/1669/1669 1672/1672/1672 1671/1671/1671
f 1672/1672/1672 1669/1669/1669 1668/1668/1668
f 1667/1667/1667 1672/1672/1672 1668/1668/1668
f 1672/1672/1672 1673/1673/1673 1671/1671/1671
f 1673/1673/1673 1674/1674/1674 1671/1671/1671
f 1674/1674/1674 1675/1675/1675 1671/1671/1671
f 1675/1675/1675 1670/1670/1670 1671/1671/1671
f 1673/1673/1673 1672/1672/1672 1676/1676/1676
f 1677/1677/1677 1673/1673/1673 1676/1676/1676
f 1674/1674/1674 1673/1673/1673 1677/1677/1677
f 1678/1678/1678 1677/1677/1677 1676/1676/1676
f 1679/1679/1679 1678/1678/1678 1676/1676/1676
f 1678/1678/1678 1680/1680/1680 1677/1677/1677
f 1680/1680/1680 1681/1681/1681 1677/1677/1677
f 1681/1681/1681 1674/1674/1674 1677/1677/1677
f 1680/1680/1680 1682/1682/1682 1681/1681/1681
f 1682/1682/1682 1683/1683/1683 1681/1681/1681
f 1657/1657/1657 1674/1674/1674 1681/1681/1681
f 1683/1683/1683 1657/1657/1657 1681/1681/1681
f 1674/1674/1674 1657/1657/1657 1675/1675/1675
f 1682/1682/1682 1684/1684/1684 1683/1683/1683
f 1684/1684/1684 1685/1685/1685 1683/1683/1683
f 1656/1656/1656 1657/1657/1657 1683/1683/1683
f 1685/1685/1685 1656/1656/1656 1683/1683/1683
f 1684/1684/1684 1686/1686/1686 1685/1685/1685
f 1686/1686/1686 1687/1687/1687 1685/1685/1685
f 1655/1655/1655 1656/1656/1656 1685/1685/1685
f 1687/1687/1687 1655/1655/1655 1685/1685/1685
f 1686/1686/1686 1688/1688/1688 1687/1687/1687
f 1688/1688/1688 1689/1689/1689 1687/1687/1687
f 1690/1690/1690 1655/1655/1655 1687/1687/1687
f 1689/1689/1689 1690/1690/1690 1687/1687/1687
f 1688/1688/1688 1691/1691/1691 1689/1689/1689
f 1691/1691/1691 1692/1692/1692 1689/1689/1689
f 1693/1693/1693 1690/1690/1690 1689/1689/1689
f 1692/1692/1692 1693/1693/1693 1689/1689/1689
f 1690/1690/1690 1693/1693/1693 1694/1694/1694
f 1695/1695/1695 1690/1690/1690 1694/1694/1694
f 1695/1695/1695 1694/1694/1694 1658/1658/1658
f 1654/1654/1654 1695/1695/1695 1658/1658/1658
f 1654/1654/1654 1655/1655/1655 1690/1690/1690
f 1695/1695/1695 1654/1654/1654 1690/1690/1690
f 1694/1694/1694 1660/1660/1660 1658/1658/1658
f 1693/1693/1693 1696/1696/1696 1694/1694/1694
f 1693/1693/1693 1692/1692/1692 1696/1696/1696
f 1696/1696/1696 1697/1697/1697 1694/1694/1694
f 1698/1698/1698 1660/1660/1660 1694/1694/1694
f 1697/1697/1697 1698/1698/1698 1694/1694/1694
f 1696/1696/1696 1699/1699/1699 1697/1697/1697
f 1699/1699/1699 1700/1700/1700 1697/1697/1697
f 1700/1700/1700 1699/1699/1699 1701/1701/1701
f 1702/1702/1702 1700/1700/1700 1701/1701/1701
f 1702/1702/1702 1698/1698/1698 1697/1697/1697
f 1700/1700/1700 1702/1702/1702 1697/1697/1697
f 1703/1703/1703 1702/1702/1702 1701/1701/1701
f 1704/1704/1704 1703/1703/1703 1701/1701/1701
f 1705/1705/1705 1704/1704/1704 1701/1701/1701
f 1699/1699/1699 1705/1705/1705 1701/1701/1701
f 1702/1702/1702 1703/1703/1703 1706/1706/1706
f 1698/1698/1698 1702/1702/1702 1706/1706/1706
f 1703/1703/1703 1707/1707/1707 1706/1706/1706
f 1708/1708/1708 1698/1698/1698 1706/1706/1706
f 1709/1709/1709 1708/1708/1708 1706/1706/1706
f 1707/1707/1707 1709/1709/1709 1706/1706/1706
f 1710/1710/1710 1699/1699/1699 1696/1696/1696
f 1705/1705/1705 1699/1699/1699 1710/1710/1710
f 1711/1711/1711 1710/1710/1710 1696/1696/1696
f 1692/1692/1692 1711/1711/1711 1696/1696/1696
f 1711/1711/1711 1712/1712/1712 1710/1710/1710
f 1712/1712/1712 1713/1713/1713 1710/1710/1710
f 1713/1713/1713 1714/1714/1714 1710/1710/1710
f 1714/1714/1714 1715/1715/1715 1710/1710/1710
f 1715/1715/1715 1705/1705/1705 1710/1710/1710
f 1704/1704/1704 1705/1705/1705 1715/1715/1715
f 1714/1714/1714 1716/1716/1716 1715/1715/1715
f 1716/1716/1716 1717/1717/1717 1715/1715/1715
f 1717/1717/1717 1704/1704/1704 1715/1715/1715
f 1716/1716/1716 1718/1718/1718 1717/1717/1717
f 1718/1718/1718 1716/1716/1716 1719/1719/1719
f 1716/1716/1716 1720/1720/1720 1719/1719/1719
f 1720/1720/1720 1716/1716/1716 1714/1714/1714
f 1719/1719/1719 1720/1720/1720 1721/1721/1721
f 1720/1720/1720 1722/1722/1722 1721/1721/1721
f 1722/1722/1722 1720/1720/1720 1714/1714/1714
f 1722/1722/1722 1723/1723/1723 1721/1721/1721
f 1721/1721/1721 1723/1723/1723 1724/1724/1724
f 1723/1723/1723 1725/1725/1725 1724/1724/1724
f 1725/1725/1725 1726/1726/1726 1724/1724/1724
f 1724/1724/1724 1726/1726/1726 1727/1727/1727
f 1726/1726/1726 1728/1728/1728 1727/1727/1727
f 1728/1728/1728 1729/1729/1729 1727/1727/1727
f 1727/1727/1727 1729/1729/1729 1730/1730/1730
f 1729/1729/1729 1731/1731/1731 1730/1730/1730
f 1731/1731/1731 1732/1732/1732 1730/1730/1730
f 1730/1730/1730 1732/1732/1732 1733/1733/1733
f 1732/1732/1732 1734/1734/1734 1733/1733/1733
f 1734/1734/1734 1735/1735/1735 1733/1733/1733
f 1733/1733/1733 1735/1735/1735 1736/1736/1736
f 1735/1735/1735 1737/1737/1737 1736/1736/1736
f 1737/1737/1737 1738/1738/1738 1736/1736/1736
f 1736/1736/1736 1738/1738/1738 1739/1739/1739
f 1738/1738/1738 1740/1740/1740 1739/1739/1739
f 1740/1740/1740 1741/1741/1741 1739/1739/1739
f 1739/1739/1739 1741/1741/1741 1742/1742/1742
f 1741/1741/1741 1743/1743/1743 1742/1742/1742
f 1743/1743/1743 1744/1744/1744 1742/1742/1742
f 1742/1742/1742 1744/1744/1744 1745/1745/1745
f 1744/1744/1744 1746/1746/1746 1745/1745/1745
f 1746/1746/1746 1747/1747/1747 1745/1745/1745
f 1745/1745/1745 1747/1747/1747 1748/1748/1748
f 1747/1747/1747 1749/1749/1749 1748/1748/1748
f 1749/1749/1749 1750/1750/1750 1748/1748/1748
f 1748/1748/1748 1750/1750/1750 1751/1751/1751
f 1748/1748/1748 1751/1751/1751 1752/1752/1752
f 1753/1753/1753 1748/1748/1748 1752/1752/1752
f 1753/1753/1753 1745/1745/1745 1748/1748/1748
f 1753/1753/1753 1752/1752/1752 1754/1754/1754
f 1755/1755/1755 1753/1753/1753 1754/1754/1754
f 1753/1753/1753 1755/1755/1755 1745/1745/1745
f 1755/1755/1755 1754/1754/1754 1756/1756/1756
f 1757/1757/1757 1755/1755/1755 1756/1756/1756
f 1757/1757/1757 1756/1756/1756 1758/1758/1758
f 1759/1759/1759 1757/1757/1757 1758/1758/1758
f 1759/1759/1759 1758/1758/1758 1760/1760/1760
f 1761/1761/1761 1759/1759/1759 1760/1760/1760
f 1761/1761/1761 1760/1760/1760 1762/1762/1762
f 1763/1763/1763 1761/1761/1761 1762/1762/1762
f 1763/1763/1763 1762/1762/1762 1764/1764/1764
f 1765/1765/1765 1763/1763/1763 1764/1764/1764
f 1765/1765/1765 1764/1764/1764 1766/1766/1766
f 1767/1767/1767 1765/1765/1765 1766/1766/1766
f 1767/1767/1767 1766/1766/1766 1768/1768/1768
f 1769/1769/1769 1767/1767/1767 1768/1768/1768
f 1769/1769/1769 1768/1768/1768 1770/1770/1770
f 1771/1771/1771 1769/1769/1769 1770/1770/1770
f 1771/1771/1771 1770/1770/1770 1772/1772/1772
f 1773/1773/1773 1771/1771/1771 1772/1772/1772
f 1773/1773/1773 1772/1772/1772 1774/1774/1774
f 1775/1775/1775 1773/1773/1773 1774/1774/1774
f 1775/1775/1775 1774/1774/1774 1776/1776/1776
f 1777/1777/1777 1775/1775/1775 1776/1776/1776
f 1777/1777/1777 1776/1776/1776 1778/1778/1778
f 1779/1779/1779 1777/1777/1777 1778/1778/1778
f 1779/1779/1779 1778/1778/1778 1780/1780/1780
f 1781/1781/1781 1779/1779/1779 1780/1780/1780
f 1781/1781/1781 1780/1780/1780 1782/1782/1782
f 1783/1783/1783 1781/1781/1781 1782/1782/1782
f 1781/1781/1781 1783/1783/1783 1784/1784/1784
f 1785/1785/1785 1781/1781/1781 1784/1784/1784
f 1779/1779/1779 1781/1781/1781 1785/1785/1785
f 1786/1786/1786 1785/1785/1785 1784/1784/1784
f 1787/1787/1787 1786/1786/1786 1784/1784/1784
f 1786/1786/1786 1788/1788/1788 1785/1785/1785
f 1788/1788/1788 1789/1789/1789 1785/1785/1785
f 1789/1789/1789 1779/1779/1779 1785/1785/1785
f 1777/1777/1777 1779/1779/1779 1789/1789/1789
f 1788/1788/1788 1790/1790/1790 1789/1789/1789
f 1790/1790/1790 1791/1791/1791 1789/1789/1789
f 1791/1791/1791 1777/1777/1777 1789/1789/1789
f 1790/1790/1790 1792/1792/1792 1791/1791/1791
f 1792/1792/1792 1793/1793/1793 1791/1791/1791
f 1793/1793/1793 1775/1775/1775 1791/1791/1791
f 1775/1775/1775 1777/1777/1777 1791/1791/1791
f 1792/1792/1792 1794/1794/1794 1793/1793/1793
f 1794/1794/1794 1795/1795/1795 1793/1793/1793
f 1773/1773/1773 1775/1775/1775 1793/1793/1793
f 1795/1795/1795 1773/1773/1773 1793/1793/1793
f 1794/1794/1794 1796/1796/1796 1795/1795/1795
f 1796/1796/1796 1797/1797/1797 1795/1795/1795
f 1771/1771/1771 1773/1773/1773 1795/1795/1795
f 1797/1797/1797 1771/1771/1771 1795/1795/1795
f 1796/1796/1796 1798/1798/1798 1797/1797/1797
f 1798/1798/1798 1799/1799/1799 1797/1797/1797
f 1769/1769/1769 1771/1771/1771 1797/1797/1797
f 1799/1799/1799 1769/1769/1769 1797/1797/1797
f 1798/1798/1798 1800/1800/1800 1799/1799/1799
f 1800/1800/1800 1801/1801/1801 1799/1799/1799
f 1767/1767/1767 1769/1769/1769 1799/1799/1799
f 1801/1801/1801 1767/1767/1767 1799/1799/1799
f 1800/1800/1800 1802/1802/1802 1801/1801/1801
f 1802/1802/1802 1803/1803/1803 1801/1801/1801
f 1765/1765/1765 1767/1767/1767 1801/1801/1801
f 1803/1803/1803 1765/1765/1765 1801/1801/1801
f 1802/1802/1802 1804/1804/1804 1803/1803/1803
f 1804/1804/1804 1805/1805/1805 1803/1803/1803
f 1763/1763/1763 1765/1765/1765 1803/1803/1803
f 1805/1805/1805 1763/1763/1763 1803/1803/1803
f 1804/1804/1804 1806/1806/1806 1805/1805/1805
f 1806/1806/1806 1807/1807/1807 1805/1805/1805
f 1761/1761/1761 1763/1763/1763 1805/1805/1805
f 1807/1807/1807 1761/1761/1761 1805/1805/1805
f 1806/1806/1806 1808/1808/1808 1807/1807/1807
f 1808/1808/1808 1809/1809/1809 1807/1807/1807
f 1759/1759/1759 1761/1761/1761 1807/1807/1807
f 1809/1809/1809 1759/1759/1759 1807/1807/1807
f 1808/1808/1808 1810/1810/1810 1809/1809/1809
f 1810/1810/1810 1808/1808/1808 1739/1739/1739
f 1810/1810/1810 1739/1739/1739 1742/1742/1742
f 1811/1811/1811 1810/1810/1810 1742/1742/1742
f 1810/1810/1810 1811/1811/1811 1809/1809/1809
f 1812/1812/1812 1811/1811/1811 1742/1742/1742
f 1812/1812/1812 1742/1742/1742 1745/1745/1745
f 1755/1755/1755 1812/1812/1812 1745/1745/1745
f 1812/1812/1812 1755/1755/1755 1811/1811/1811
f 1808/1808/1808 1813/1813/1813 1739/1739/1739
f 1813/1813/1813 1808/1808/1808 1806/1806/1806
f 1813/1813/1813 1736/1736/1736 1739/1739/1739
f 1813/1813/1813 1814/1814/1814 1736/1736/1736
f 1814/1814/1814 1813/1813/1813 1806/1806/1806
f 1814/1814/1814 1815/1815/1815 1736/1736/1736
f 1815/1815/1815 1733/1733/1733 1736/1736/1736
f 1815/1815/1815 1816/1816/1816 1733/1733/1733
f 1816/1816/1816 1817/1817/1817 1733/1733/1733
f 1817/1817/1817 1730/1730/1730 1733/1733/1733
f 1817/1817/1817 1818/1818/1818 1730/1730/1730
f 1818/1818/1818 1819/1819/1819 1730/1730/1730
f 1819/1819/1819 1727/1727/1727 1730/1730/1730
f 1819/1819/1819 1820/1820/1820 1727/1727/1727
f 1820/1820/1820 1821/1821/1821 1727/1727/1727
f 1821/1821/1821 1724/1724/1724 1727/1727/1727
f 1821/1821/1821 1822/1822/1822 1724/1724/1724
f 1822/1822/1822 1823/1823/1823 1724/1724/1724
f 1823/1823/1823 1721/1721/1721 1724/1724/1724
f 1823/1823/1823 1824/1824/1824 1721/1721/1721
f 1824/1824/1824 1825/1825/1825 1721/1721/1721
f 1825/1825/1825 1719/1719/1719 1721/1721/1721
f 1825/1825/1825 1826/1826/1826 1719/1719/1719
f 1826/1826/1826 1827/1827/1827 1719/1719/1719
f 1827/1827/1827 1828/1828/1828 1719/1719/1719
f 1828/1828/1828 1718/1718/1718 1719/1719/1719
f 1829/1829/1829 1718/1718/1718 1828/1828/1828
f 1830/1830/1830 1829/1829/1829 1828/1828/1828
f 1827/1827/1827 1831/1831/1831 1828/1828/1828
f 1831/1831/1831 1832/1832/1832 1828/1828/1828
f 1833/1833/1833 1830/1830/1830 1828/1828/1828
f 1832/1832/1832 1833/1833/1833 1828/1828/1828
f 1834/1834/1834 1830/1830/1830 1833/1833/1833
f 1835/1835/1835 1834/1834/1834 1833/1833/1833
f 1832/1832/1832 1836/1836/1836 1833/1833/1833
f 1836/1836/1836 1837/1837/1837 1833/1833/1833
f 1838/1838/1838 1835/1835/1835 1833/1833/1833
f 1837/1837/1837 1838/1838/1838 1833/1833/1833
f 1839/1839/1839 1835/1835/1835 1838/1838/1838
f 1834/1834/1834 1835/1835/1835 1839/1839/1839
f 1840/1840/1840 1839/1839/1839 1838/1838/1838
f 1837/1837/1837 1841/1841/1841 1838/1838/1838
f 1841/1841/1841 1842/1842/1842 1838/1838/1838
f 1718/1718/1718 1829/1829/1829 1717/1717/1717
f 1829/1829/1829 1843/1843/1843 1717/1717/1717
f 1830/1830/1830 1834/1834/1834 1843/1843/1843
f 1829/1829/1829 1830/1830/1830 1843/1843/1843
f 1843/1843/1843 1704/1704/1704 1717/1717/1717
f 1703/1703/1703 1704/1704/1704 1843/1843/1843
f 1707/1707/1707 1703/1703/1703 1843/1843/1843
f 1709/1709/1709 1707/1707/1707 1843/1843/1843
f 1834/1834/1834 1709/1709/1709 1843/1843/1843
f 1709/1709/1709 1834/1834/1834 1839/1839/1839
f 1837/1837/1837 1836/1836/1836 1844/1844/1844
f 1841/1841/1841 1837/1837/1837 1844/1844/1844
f 1844/1844/1844 1836/1836/1836 1845/1845/1845
f 1836/1836/1836 1832/1832/1832 1845/1845/1845
f 1832/1832/1832 1831/1831/1831 1845/1845/1845
f 1845/1845/1845 1831/1831/1831 1846/1846/1846
f 1831/1831/1831 1827/1827/1827 1846/1846/1846
f 1827/1827/1827 1826/1826/1826 1846/1846/1846
f 1846/1846/1846 1826/1826/1826 1847/1847/1847
f 1826/1826/1826 1825/1825/1825 1847/1847/1847
f 1825/1825/1825 1824/1824/1824 1847/1847/1847
f 1847/1847/1847 1824/1824/1824 1848/1848/1848
f 1824/1824/1824 1823/1823/1823 1848/1848/1848
f 1823/1823/1823 1822/1822/1822 1848/1848/1848
f 1848/1848/1848 1822/1822/1822 1849/1849/1849
f 1822/1822/1822 1821/1821/1821 1849/1849/1849
f 1821/1821/1821 1820/1820/1820 1849/1849/1849
f 1849/1849/1849 1820/1820/1820 1850/1850/1850
f 1820/1820/1820 1819/1819/1819 1850/1850/1850
f 1819/1819/1819 1818/1818/1818 1850/1850/1850
f 1850/1850/1850 1818/1818/1818 1851/1851/1851
f 1818/1818/1818 1817/1817/1817 1851/1851/1851
f 1817/1817/1817 1816/1816/1816 1851/1851/1851
f 1851/1851/1851 1816/1816/1816 1852/1852/1852
f 1816/1816/1816 1815/1815/1815 1852/1852/1852
f 1815/1815/1815 1814/1814/1814 1852/1852/1852
f 1852/1852/1852 1814/1814/1814 1806/1806/1806
f 1804/1804/1804 1852/1852/1852 1806/1806/1806
f 1804/1804/1804 1802/1802/1802 1852/1852/1852
f 1802/1802/1802 1853/1853/1853 1852/1852/1852
f 1853/1853/1853 1851/1851/1851 1852/1852/1852
f 1853/1853/1853 1854/1854/1854 1851/1851/1851
f 1853/1853/1853 1802/1802/1802 1854/1854/1854
f 1854/1854/1854 1855/1855/1855 1851/1851/1851
f 1855/1855/1855 1850/1850/1850 1851/1851/1851
f 1855/1855/1855 1856/1856/1856 1850/1850/1850
f 1856/1856/1856 1857/1857/1857 1850/1850/1850
f 1855/1855/1855 1854/1854/1854 1858/1858/1858
f 1856/1856/1856 1855/1855/1855 1858/1858/1858
f 1856/1856/1856 1858/1858/1858 1859/1859/1859
f 1860/1860/1860 1856/1856/1856 1859/1859/1859
f 1857/1857/1857 1856/1856/1856 1860/1860/1860
f 1860/1860/1860 1859/1859/1859 1861/1861/1861
f 1862/1862/1862 1860/1860/1860 1861/1861/1861
f 1862/1862/1862 1861/1861/1861 1863/1863/1863
f 1864/1864/1864 1862/1862/1862 1863/1863/1863
f 1864/1864/1864 1863/1863/1863 1865/1865/1865
f 1866/1866/1866 1864/1864/1864 1865/1865/1865
f 1866/1866/1866 1865/1865/1865 1867/1867/1867
f 1868/1868/1868 1866/1866/1866 1867/1867/1867
f 1868/1868/1868 1867/1867/1867 1869/1869/1869
f 1870/1870/1870 1868/1868/1868 1869/1869/1869
f 1870/1870/1870 1869/1869/1869 1871/1871/1871
f 1872/1872/1872 1870/1870/1870 1871/1871/1871
f 1873/1873/1873 1872/1872/1872 1871/1871/1871
f 1869/1869/1869 1874/1874/1874 1871/1871/1871
f 1867/1867/1867 1788/1788/1788 1869/1869/1869
f 1788/1788/1788 1786/1786/1786 1869/1869/1869
f 1787/1787/1787 1874/1874/1874 1869/1869/1869
f 1786/1786/1786 1787/1787/1787 1869/1869/1869
f 1790/1790/1790 1788/1788/1788 1867/1867/1867
f 1865/1865/1865 1790/1790/1790 1867/1867/1867
f 1792/1792/1792 1790/1790/1790 1865/1865/1865
f 1863/1863/1863 1792/1792/1792 1865/1865/1865
f 1794/1794/1794 1792/1792/1792 1863/1863/1863
f 1861/1861/1861 1794/1794/1794 1863/1863/1863
f 1796/1796/1796 1794/1794/1794 1861/1861/1861
f 1859/1859/1859 1796/1796/1796 1861/1861/1861
f 1798/1798/1798 1796/1796/1796 1859/1859/1859
f 1858/1858/1858 1798/1798/1798 1859/1859/1859
f 1800/1800/1800 1798/1798/1798 1858/1858/1858
f 1854/1854/1854 1800/1800/1800 1858/1858/1858
f 1802/1802/1802 1800/1800/1800 1854/1854/1854
f 1750/1750/1750 1876/1876/1876 1875/1875/1875
f 1877/1877/1877 1750/1750/1750 1875/1875/1875
f 1750/1750/1750 1877/1877/1877 1751/1751/1751
f 1876/1876/1876 1750/1750/1750 1878/1878/1878
f 1750/1750/1750 1749/1749/1749 1878/1878/1878
f 1878/1878/1878 1749/1749/1749 1879/1879/1879
f 1880/1880/1880 1878/1878/1878 1879/1879/1879
f 1881/1881/1881 1880/1880/1880 1879/1879/1879
f 1882/1882/1882 1881/1881/1881 1879/1879/1879
f 1882/1882/1882 1879/1879/1879 1883/1883/1883
f 1884/1884/1884 1882/1882/1882 1883/1883/1883
f 1885/1885/1885 1884/1884/1884 1883/1883/1883
f 1885/1885/1885 1883/1883/1883 1886/1886/1886
f 1887/1887/1887 1885/1885/1885 1886/1886/1886
f 1888/1888/1888 1887/1887/1887 1886/1886/1886
f 1888/1888/1888 1886/1886/1886 1889/1889/1889
f 1890/1890/1890 1888/1888/1888 1889/1889/1889
f 1891/1891/1891 1890/1890/1890 1889/1889/1889
f 1891/1891/1891 1889/1889/1889 1892/1892/1892
f 1893/1893/1893 1891/1891/1891 1892/1892/1892
f 1894/1894/1894 1893/1893/1893 1892/1892/1892
f 1894/1894/1894 1892/1892/1892 1895/1895/1895
f 1896/1896/1896 1894/1894/1894 1895/1895/1895
f 1897/1897/1897 1896/1896/1896 1895/1895/1895
f 1897/1897/1897 1895/1895/1895 1898/1898/1898
f 1899/1899/1899 1897/1897/1897 1898/1898/1898
f 1900/1900/1900 1899/1899/1899 1898/1898/1898
f 1900/1900/1900 1898/1898/1898 1901/1901/1901
f 1902/1902/1902 1900/1900/1900 1901/1901/1901
f 1903/1903/1903 1902/1902/1902 1901/1901/1901
f 1903/1903/1903 1901/1901/1901 1904/1904/1904
f 1712/1712/1712 1903/1903/1903 1904/1904/1904
f 1713/1713/1713 1712/1712/1712 1904/1904/1904
f 1713/1713/1713 1904/1904/1904 1714/1714/1714
f 1904/1904/1904 1722/1722/1722 1714/1714/1714
f 1901/1901/1901 1725/1725/1725 1904/1904/1904
f 1723/1723/1723 1722/1722/1722 1904/1904/1904
f 1725/1725/1725 1723/1723/1723 1904/1904/1904
f 1898/1898/1898 1728/1728/1728 1901/1901/1901
f 1726/1726/1726 1725/1725/1725 1901/1901/1901
f 1728/1728/1728 1726/1726/1726 1901/1901/1901
f 1729/1729/1729 1728/1728/1728 1898/1898/1898
f 1731/1731/1731 1729/1729/1729 1898/1898/1898
f 1903/1903/1903 1712/1712/1712 1691/1691/1691
f 1902/1902/1902 1903/1903/1903 1691/1691/1691
f 1905/1905/1905 1902/1902/1902 1691/1691/1691
f 1688/1688/1688 1905/1905/1905 1691/1691/1691
f 1712/1712/1712 1711/1711/1711 1691/1691/1691
f 1711/1711/1711 1692/1692/1692 1691/1691/1691
f 1688/1688/1688 1686/1686/1686 1905/1905/1905
f 1686/1686/1686 1906/1906/1906 1905/1905/1905
f 1906/1906/1906 1907/1907/1907 1905/1905/1905
f 1907/1907/1907 1899/1899/1899 1905/1905/1905
f 1899/1899/1899 1900/1900/1900 1905/1905/1905
f 1900/1900/1900 1902/1902/1902 1905/1905/1905
f 1906/1906/1906 1908/1908/1908 1907/1907/1907
f 1906/1906/1906 1686/1686/1686 1908/1908/1908
f 1908/1908/1908 1909/1909/1909 1907/1907/1907
f 1909/1909/1909 1910/1910/1910 1907/1907/1907
f 1910/1910/1910 1896/1896/1896 1907/1907/1907
f 1897/1897/1897 1899/1899/1899 1907/1907/1907
f 1896/1896/1896 1897/1897/1897 1907/1907/1907
f 1909/1909/1909 1911/1911/1911 1910/1910/1910
f 1911/1911/1911 1912/1912/1912 1910/1910/1910
f 1912/1912/1912 1913/1913/1913 1910/1910/1910
f 1913/1913/1913 1893/1893/1893 1910/1910/1910
f 1894/1894/1894 1896/1896/1896 1910/1910/1910
f 1893/1893/1893 1894/1894/1894 1910/1910/1910
f 1912/1912/1912 1914/1914/1914 1913/1913/1913
f 1914/1914/1914 1915/1915/1915 1913/1913/1913
f 1915/1915/1915 1916/1916/1916 1913/1913/1913
f 1916/1916/1916 1890/1890/1890 1913/1913/1913
f 1891/1891/1891 1893/1893/1893 1913/1913/1913
f 1890/1890/1890 1891/1891/1891 1913/1913/1913
f 1915/1915/1915 1917/1917/1917 1916/1916/1916
f 1917/1917/1917 1918/1918/1918 1916/1916/1916
f 1918/1918/1918 1919/1919/1919 1916/1916/1916
f 1919/1919/1919 1887/1887/1887 1916/1916/1916
f 1888/1888/1888 1890/1890/1890 1916/1916/1916
f 1887/1887/1887 1888/1888/1888 1916/1916/1916
f 1918/1918/1918 1920/1920/1920 1919/1919/1919
f 1920/1920/1920 1921/1921/1921 1919/1919/1919
f 1921/1921/1921 1922/1922/1922 1919/1919/1919
f 1922/1922/1922 1884/1884/1884 1919/1919/1919
f 1885/1885/1885 1887/1887/1887 1919/1919/1919
f 1884/1884/1884 1885/1885/1885 1919/1919/1919
f 1882/1882/1882 1884/1884/1884 1922/1922/1922
f 1881/1881/1881 1882/1882/1882 1922/1922/1922
f 1917/1917/1917 1915/1915/1915 1923/1923/1923
f 1924/1924/1924 1917/1917/1917 1923/1923/1923
f 1918/1918/1918 1917/1917/1917 1924/1924/1924
f 1920/1920/1920 1918/1918/1918 1924/1924/1924
f 1925/1925/1925 1924/1924/1924 1923/1923/1923
f 1926/1926/1926 1925/1925/1925 1923/1923/1923
f 1927/1927/1927 1926/1926/1926 1923/1923/1923
f 1926/1926/1926 1927/1927/1927 1928/1928/1928
f 1927/1927/1927 1929/1929/1929 1928/1928/1928
f 1929/1929/1929 1678/1678/1678 1928/1928/1928
f 1678/1678/1678 1679/1679/1679 1928/1928/1928
f 1927/1927/1927 1930/1930/1930 1929/1929/1929
f 1927/1927/1927 1923/1923/1923 1930/1930/1930
f 1930/1930/1930 1931/1931/1931 1929/1929/1929
f 1680/1680/1680 1678/1678/1678 1929/1929/1929
f 1931/1931/1931 1680/1680/1680 1929/1929/1929
f 1930/1930/1930 1911/1911/1911 1931/1931/1931
f 1911/1911/1911 1932/1932/1932 1931/1931/1931
f 1682/1682/1682 1680/1680/1680 1931/1931/1931
f 1932/1932/1932 1682/1682/1682 1931/1931/1931
f 1911/1911/1911 1909/1909/1909 1932/1932/1932
f 1909/1909/1909 1908/1908/1908 1932/1932/1932
f 1684/1684/1684 1682/1682/1682 1932/1932/1932
f 1908/1908/1908 1684/1684/1684 1932/1932/1932
f 1912/1912/1912 1911/1911/1911 1930/1930/1930
f 1914/1914/1914 1912/1912/1912 1930/1930/1930
f 1923/1923/1923 1914/1914/1914 1930/1930/1930
f 1915/1915/1915 1914/1914/1914 1923/1923/1923
f 1686/1686/1686 1684/1684/1684 1908/1908/1908
f 1670/1670/1670 1653/1653/1653 1659/1659/1659
f 1652/1652/1652 1653/1653/1653 1670/1670/1670
f 1675/1675/1675 1652/1652/1652 1670/1670/1670
f 1657/1657/1657 1652/1652/1652 1675/1675/1675
f 1895/1895/1895 1731/1731/1731 1898/1898/1898
f 1732/1732/1732 1731/1731/1731 1895/1895/1895
f 1734/1734/1734 1732/1732/1732 1895/1895/1895
f 1892/1892/1892 1734/1734/1734 1895/1895/1895
f 1735/1735/1735 1734/1734/1734 1892/1892/1892
f 1737/1737/1737 1735/1735/1735 1892/1892/1892
f 1889/1889/1889 1737/1737/1737 1892/1892/1892
f 1738/1738/1738 1737/1737/1737 1889/1889/1889
f 1740/1740/1740 1738/1738/1738 1889/1889/1889
f 1886/1886/1886 1740/1740/1740 1889/1889/1889
f 1741/1741/1741 1740/1740/1740 1886/1886/1886
f 1743/1743/1743 1741/1741/1741 1886/1886/1886
f 1883/1883/1883 1743/1743/1743 1886/1886/1886
f 1744/1744/1744 1743/1743/1743 1883/1883/1883
f 1746/1746/1746 1744/1744/1744 1883/1883/1883
f 1879/1879/1879 1746/1746/1746 1883/1883/1883
f 1747/1747/1747 1746/1746/1746 1879/1879/1879
f 1749/1749/1749 1747/1747/1747 1879/1879/1879
f 1757/1757/1757 1759/1759/1759 1809/1809/1809
f 1811/1811/1811 1757/1757/1757 1809/1809/1809
f 1755/1755/1755 1757/1757/1757 1811/1811/1811
f 1857/1857/1857 1849/1849/1849 1850/1850/1850
f 1857/1857/1857 1933/1933/1933 1849/1849/1849
f 1933/1933/1933 1934/1934/1934 1849/1849/1849
f 1934/1934/1934 1848/1848/1848 1849/1849/1849
f 1934/1934/1934 1935/1935/1935 1848/1848/1848
f 1935/1935/1935 1936/1936/1936 1848/1848/1848
f 1936/1936/1936 1847/1847/1847 1848/1848/1848
f 1936/1936/1936 1937/1937/1937 1847/1847/1847
f 1937/1937/1937 1938/1938/1938 1847/1847/1847
f 1938/1938/1938 1846/1846/1846 1847/1847/1847
f 1938/1938/1938 1939/1939/1939 1846/1846/1846
f 1939/1939/1939 1940/1940/1940 1846/1846/1846
f 1940/1940/1940 1845/1845/1845 1846/1846/1846
f 1940/1940/1940 1941/1941/1941 1845/1845/1845
f 1941/1941/1941 1942/1942/1942 1845/1845/1845
f 1942/1942/1942 1844/1844/1844 1845/1845/1845
f 1942/1942/1942 1943/1943/1943 1844/1844/1844
f 1943/1943/1943 1944/1944/1944 1844/1844/1844
f 1944/1944/1944 1945/1945/1945 1844/1844/1844
f 1945/1945/1945 1841/1841/1841 1844/1844/1844
f 1842/1842/1842 1841/1841/1841 1945/1945/1945
f 1946/1946/1946 1842/1842/1842 1945/1945/1945
f 1944/1944/1944 1947/1947/1947 1945/1945/1945
f 1947/1947/1947 1948/1948/1948 1945/1945/1945
f 1949/1949/1949 1946/1946/1946 1945/1945/1945
f 1948/1948/1948 1949/1949/1949 1945/1945/1945
f 1940/1940/1940 1939/1939/1939 1950/1950/1950
f 1941/1941/1941 1940/1940/1940 1950/1950/1950
f 1950/1950/1950 1939/1939/1939 1951/1951/1951
f 1939/1939/1939 1938/1938/1938 1951/1951/1951
f 1938/1938/1938 1937/1937/1937 1951/1951/1951
f 1951/1951/1951 1937/1937/1937 1952/1952/1952
f 1937/1937/1937 1936/1936/1936 1952/1952/1952
f 1936/1936/1936 1935/1935/1935 1952/1952/1952
f 1952/1952/1952 1935/1935/1935 1953/1953/1953
f 1935/1935/1935 1934/1934/1934 1953/1953/1953
f 1934/1934/1934 1933/1933/1933 1953/1953/1953
f 1953/1953/1953 1933/1933/1933 1860/1860/1860
f 1933/1933/1933 1857/1857/1857 1860/1860/1860
f 1862/1862/1862 1953/1953/1953 1860/1860/1860
f 1862/1862/1862 1864/1864/1864 1953/1953/1953
f 1864/1864/1864 1954/1954/1954 1953/1953/1953
f 1954/1954/1954 1952/1952/1952 1953/1953/1953
f 1954/1954/1954 1955/1955/1955 1952/1952/1952
f 1954/1954/1954 1864/1864/1864 1955/1955/1955
f 1955/1955/1955 1956/1956/1956 1952/1952/1952
f 1956/1956/1956 1951/1951/1951 1952/1952/1952
f 1956/1956/1956 1957/1957/1957 1951/1951/1951
f 1957/1957/1957 1958/1958/1958 1951/1951/1951
f 1958/1958/1958 1950/1950/1950 1951/1951/1951
f 1958/1958/1958 1959/1959/1959 1950/1950/1950
f 1959/1959/1959 1960/1960/1960 1950/1950/1950
f 1960/1960/1960 1961/1961/1961 1950/1950/1950
f 1961/1961/1961 1941/1941/1941 1950/1950/1950
f 1942/1942/1942 1941/1941/1941 1961/1961/1961
f 1943/1943/1943 1942/1942/1942 1961/1961/1961
f 1960/1960/1960 1962/1962/1962 1961/1961/1961
f 1962/1962/1962 1963/1963/1963 1961/1961/1961
f 1964/1964/1964 1943/1943/1943 1961/1961/1961
f 1963/1963/1963 1964/1964/1964 1961/1961/1961
f 1944/1944/1944 1943/1943/1943 1964/1964/1964
f 1947/1947/1947 1944/1944/1944 1964/1964/1964
f 1960/1960/1960 1959/1959/1959 1965/1965/1965
f 1962/1962/1962 1960/1960/1960 1965/1965/1965
f 1959/1959/1959 1966/1966/1966 1965/1965/1965
f 1958/1958/1958 1957/1957/1957 1966/1966/1966
f 1959/1959/1959 1958/1958/1958 1966/1966/1966
f 1966/1966/1966 1967/1967/1967 1965/1965/1965
f 1873/1873/1873 1967/1967/1967 1966/1966/1966
f 1872/1872/1872 1873/1873/1873 1966/1966/1966
f 1968/1968/1968 1872/1872/1872 1966/1966/1966
f 1957/1957/1957 1968/1968/1968 1966/1966/1966
f 1957/1957/1957 1956/1956/1956 1968/1968/1968
f 1956/1956/1956 1955/1955/1955 1968/1968/1968
f 1955/1955/1955 1866/1866/1866 1968/1968/1968
f 1866/1866/1866 1868/1868/1868 1968/1968/1968
f 1870/1870/1870 1872/1872/1872 1968/1968/1968
f 1868/1868/1868 1870/1870/1870 1968/1968/1968
f 1864/1864/1864 1866/1866/1866 1955/1955/1955
f 1708/1708/1708 1709/1709/1709 1839/1839/1839
f 1969/1969/1969 1708/1708/1708 1839/1839/1839
f 1970/1970/1970 1969/1969/1969 1839/1839/1839
f 1840/1840/1840 1970/1970/1970 1839/1839/1839
f 1970/1970/1970 1971/1971/1971 1969/1969/1969
f 1971/1971/1971 1972/1972/1972 1969/1969/1969
f 1969/1969/1969 1972/1972/1972 1708/1708/1708
f 1972/1972/1972 1698/1698/1698 1708/1708/1708
f 1660/1660/1660 1698/1698/1698 1972/1972/1972
f 1973/1973/1973 1660/1660/1660 1972/1972/1972
f 1660/1660/1660 1973/1973/1973 1661/1661/1661
f 1973/1973/1973 1663/1663/1663 1661/1661/1661
f 1976/1976/1976 1975/1975/1975 1974/1974/1974
f 1977/1977/1977 1976/1976/1976 1974/1974/1974
f 1975/1975/1975 1978/1978/1978 1974/1974/1974
f 1978/1978/1978 1979/1979/1979 1974/1974/1974
f 1980/1980/1980 1977/1977/1977 1974/1974/1974
f 1979/1979/1979 1980/1980/1980 1974/1974/1974
f 1975/1975/1975 1976/1976/1976 1981/1981/1981
f 1981/1981/1981 1976/1976/1976 1982/1982/1982
f 1983/1983/1983 1981/1981/1981 1982/1982/1982
f 1984/1984/1984 1983/1983/1983 1982/1982/1982
f 1984/1984/1984 1982/1982/1982 1985/1985/1985
f 1986/1986/1986 1984/1984/1984 1985/1985/1985
f 1987/1987/1987 1986/1986/1986 1985/1985/1985
f 1987/1987/1987 1985/1985/1985 1988/1988/1988
f 1985/1985/1985 1989/1989/1989 1988/1988/1988
f 1990/1990/1990 1989/1989/1989 1985/1985/1985
f 1991/1991/1991 1990/1990/1990 1985/1985/1985
f 1982/1982/1982 1991/1991/1991 1985/1985/1985
f 1992/1992/1992 1991/1991/1991 1982/1982/1982
f 1993/1993/1993 1992/1992/1992 1982/1982/1982
f 1992/1992/1992 1993/1993/1993 1994/1994/1994
f 1995/1995/1995 1992/1992/1992 1994/1994/1994
f 1995/1995/1995 1990/1990/1990 1991/1991/1991
f 1992/1992/1992 1995/1995/1995 1991/1991/1991
f 1996/1996/1996 1995/1995/1995 1994/1994/1994
f 1997/1997/1997 1996/1996/1996 1994/1994/1994
f 1998/1998/1998 1997/1997/1997 1994/1994/1994
f 1993/1993/1993 1998/1998/1998 1994/1994/1994
f 1995/1995/1995 1996/1996/1996 1999/1999/1999
f 1996/1996/1996 2000/2000/2000 1999/1999/1999
f 1996/1996/1996 1997/1997/1997 2000/2000/2000
f 2000/2000/2000 2001/2001/2001 1999/1999/1999
f 2001/2001/2001 2002/2002/2002 1999/1999/1999
f 2003/2003/2003 2001/2001/2001 2000/2000/2000
f 2004/2004/2004 2003/2003/2003 2000/2000/2000
f 1997/1997/1997 2004/2004/2004 2000/2000/2000
f 2005/2005/2005 2003/2003/2003 2004/2004/2004
f 2006/2006/2006 2005/2005/2005 2004/2004/2004
f 1980/1980/1980 2006/2006/2006 2004/2004/2004
f 1997/1997/1997 1980/1980/1980 2004/2004/2004
f 1980/1980/1980 1997/1997/1997 1998/1998/1998
f 2007/2007/2007 2005/2005/2005 2006/2006/2006
f 2008/2008/2008 2007/2007/2007 2006/2006/2006
f 1979/1979/1979 2008/2008/2008 2006/2006/2006
f 1980/1980/1980 1979/1979/1979 2006/2006/2006
f 2009/2009/2009 2007/2007/2007 2008/2008/2008
f 2010/2010/2010 2009/2009/2009 2008/2008/2008
f 1978/1978/1978 2010/2010/2010 2008/2008/2008
f 1979/1979/1979 1978/1978/1978 2008/2008/2008
f 2011/2011/2011 2009/2009/2009 2010/2010/2010
f 2012/2012/2012 2011/2011/2011 2010/2010/2010
f 2013/2013/2013 2012/2012/2012 2010/2010/2010
f 1978/1978/1978 2013/2013/2013 2010/2010/2010
f 2014/2014/2014 2011/2011/2011 2012/2012/2012
f 2015/2015/2015 2014/2014/2014 2012/2012/2012
f 2016/2016/2016 2015/2015/2015 2012/2012/2012
f 2013/2013/2013 2016/2016/2016 2012/2012/2012
f 2016/2016/2016 2013/2013/2013 2017/2017/2017
f 2013/2013/2013 2018/2018/2018 2017/2017/2017
f 2017/2017/2017 2018/2018/2018 1981/1981/1981
f 2018/2018/2018 1975/1975/1975 1981/1981/1981
f 1975/1975/1975 2018/2018/2018 2013/2013/2013
f 1978/1978/1978 1975/1975/1975 2013/2013/2013
f 1983/1983/1983 2017/2017/2017 1981/1981/1981
f 2019/2019/2019 2016/2016/2016 2017/2017/2017
f 2015/2015/2015 2016/2016/2016 2019/2019/2019
f 2020/2020/2020 2019/2019/2019 2017/2017/2017
f 2021/2021/2021 2020/2020/2020 2017/2017/2017
f 1983/1983/1983 2021/2021/2021 2017/2017/2017
f 2022/2022/2022 2019/2019/2019 2020/2020/2020
f 2023/2023/2023 2022/2022/2022 2020/2020/2020
f 2022/2022/2022 2023/2023/2023 2024/2024/2024
f 2023/2023/2023 2025/2025/2025 2024/2024/2024
f 2025/2025/2025 2023/2023/2023 2020/2020/2020
f 2021/2021/2021 2025/2025/2025 2020/2020/2020
f 2025/2025/2025 2026/2026/2026 2024/2024/2024
f 2026/2026/2026 2027/2027/2027 2024/2024/2024
f 2027/2027/2027 2028/2028/2028 2024/2024/2024
f 2028/2028/2028 2022/2022/2022 2024/2024/2024
f 2026/2026/2026 2025/2025/2025 2029/2029/2029
f 2025/2025/2025 2021/2021/2021 2029/2029/2029
f 2030/2030/2030 2026/2026/2026 2029/2029/2029
f 2021/2021/2021 2031/2031/2031 2029/2029/2029
f 2032/2032/2032 2030/2030/2030 2029/2029/2029
f 2031/2031/2031 2032/2032/2032 2029/2029/2029
f 2022/2022/2022 2033/2033/2033 2019/2019/2019
f 2022/2022/2022 2028/2028/2028 2033/2033/2033
f 2033/2033/2033 2034/2034/2034 2019/2019/2019
f 2034/2034/2034 2015/2015/2015 2019/2019/2019
f 2035/2035/2035 2034/2034/2034 2033/2033/2033
f 2036/2036/2036 2035/2035/2035 2033/2033/2033
f 2037/2037/2037 2036/2036/2036 2033/2033/2033
f 2038/2038/2038 2037/2037/2037 2033/2033/2033
f 2028/2028/2028 2038/2038/2038 2033/2033/2033
f 2028/2028/2028 2027/2027/2027 2038/2038/2038
f 2039/2039/2039 2037/2037/2037 2038/2038/2038
f 2040/2040/2040 2039/2039/2039 2038/2038/2038
f 2027/2027/2027 2040/2040/2040 2038/2038/2038
f 2041/2041/2041 2039/2039/2039 2040/2040/2040
f 2039/2039/2039 2041/2041/2041 2042/2042/2042
f 2043/2043/2043 2039/2039/2039 2042/2042/2042
f 2039/2039/2039 2043/2043/2043 2037/2037/2037
f 2043/2043/2043 2042/2042/2042 2044/2044/2044
f 2045/2045/2045 2043/2043/2043 2044/2044/2044
f 2043/2043/2043 2045/2045/2045 2037/2037/2037
f 2046/2046/2046 2045/2045/2045 2044/2044/2044
f 2046/2046/2046 2044/2044/2044 2047/2047/2047
f 2048/2048/2048 2046/2046/2046 2047/2047/2047
f 2049/2049/2049 2048/2048/2048 2047/2047/2047
f 2049/2049/2049 2047/2047/2047 2050/2050/2050
f 2051/2051/2051 2049/2049/2049 2050/2050/2050
f 2052/2052/2052 2051/2051/2051 2050/2050/2050
f 2052/2052/2052 2050/2050/2050 2053/2053/2053
f 2054/2054/2054 2052/2052/2052 2053/2053/2053
f 2055/2055/2055 2054/2054/2054 2053/2053/2053
f 2055/2055/2055 2053/2053/2053 2056/2056/2056
f 2057/2057/2057 2055/2055/2055 2056/2056/2056
f 2058/2058/2058 2057/2057/2057 2056/2056/2056
f 2058/2058/2058 2056/2056/2056 2059/2059/2059
f 2060/2060/2060 2058/2058/2058 2059/2059/2059
f 2061/2061/2061 2060/2060/2060 2059/2059/2059
f 2061/2061/2061 2059/2059/2059 2062/2062/2062
f 2063/2063/2063 2061/2061/2061 2062/2062/2062
f 2064/2064/2064 2063/2063/2063 2062/2062/2062
f 2064/2064/2064 2062/2062/2062 2065/2065/2065
f 2066/2066/2066 2064/2064/2064 2065/2065/2065
f 2067/2067/2067 2066/2066/2066 2065/2065/2065
f 2067/2067/2067 2065/2065/2065 2068/2068/2068
f 2069/2069/2069 2067/2067/2067 2068/2068/2068
f 2070/2070/2070 2069/2069/2069 2068/2068/2068
f 2070/2070/2070 2068/2068/2068 2071/2071/2071
f 2072/2072/2072 2070/2070/2070 2071/2071/2071
f 2073/2073/2073 2072/2072/2072 2071/2071/2071
f 2073/2073/2073 2071/2071/2071 1751/1751/1751
f 1751/1751/1751 2071/2071/2071 1752/1752/1752
f 2071/2071/2071 2074/2074/2074 1752/1752/1752
f 2068/2068/2068 2074/2074/2074 2071/2071/2071
f 1752/1752/1752 2074/2074/2074 1754/1754/1754
f 2074/2074/2074 2075/2075/2075 1754/1754/1754
f 2075/2075/2075 2074/2074/2074 2068/2068/2068
f 1754/1754/1754 2075/2075/2075 1756/1756/1756
f 2075/2075/2075 2076/2076/2076 1756/1756/1756
f 1756/1756/1756 2076/2076/2076 1758/1758/1758
f 2076/2076/2076 2077/2077/2077 1758/1758/1758
f 1758/1758/1758 2077/2077/2077 1760/1760/1760
f 2077/2077/2077 2078/2078/2078 1760/1760/1760
f 1760/1760/1760 2078/2078/2078 1762/1762/1762
f 2078/2078/2078 2079/2079/2079 1762/1762/1762
f 1762/1762/1762 2079/2079/2079 1764/1764/1764
f 2079/2079/2079 2080/2080/2080 1764/1764/1764
f 1764/1764/1764 2080/2080/2080 1766/1766/1766
f 2080/2080/2080 2081/2081/2081 1766/1766/1766
f 1766/1766/1766 2081/2081/2081 1768/1768/1768
f 2081/2081/2081 2082/2082/2082 1768/1768/1768
f 1768/1768/1768 2082/2082/2082 1770/1770/1770
f 2082/2082/2082 2083/2083/2083 1770/1770/1770
f 1770/1770/1770 2083/2083/2083 1772/1772/1772
f 2083/2083/2083 2084/2084/2084 1772/1772/1772
f 1772/1772/1772 2084/2084/2084 1774/1774/1774
f 2084/2084/2084 2085/2085/2085 1774/1774/1774
f 1774/1774/1774 2085/2085/2085 1776/1776/1776
f 2085/2085/2085 2086/2086/2086 1776/1776/1776
f 1776/1776/1776 2086/2086/2086 1778/1778/1778
f 2086/2086/2086 2087/2087/2087 1778/1778/1778
f 1778/1778/1778 2087/2087/2087 1780/1780/1780
f 2087/2087/2087 2088/2088/2088 1780/1780/1780
f 1780/1780/1780 2088/2088/2088 1782/1782/1782
f 2088/2088/2088 2089/2089/2089 1782/1782/1782
f 2089/2089/2089 2088/2088/2088 2090/2090/2090
f 2088/2088/2088 2091/2091/2091 2090/2090/2090
f 2088/2088/2088 2087/2087/2087 2091/2091/2091
f 2091/2091/2091 2092/2092/2092 2090/2090/2090
f 2092/2092/2092 2093/2093/2093 2090/2090/2090
f 2094/2094/2094 2092/2092/2092 2091/2091/2091
f 2095/2095/2095 2094/2094/2094 2091/2091/2091
f 2087/2087/2087 2095/2095/2095 2091/2091/2091
f 2087/2087/2087 2086/2086/2086 2095/2095/2095
f 2096/2096/2096 2094/2094/2094 2095/2095/2095
f 2097/2097/2097 2096/2096/2096 2095/2095/2095
f 2086/2086/2086 2097/2097/2097 2095/2095/2095
f 2098/2098/2098 2096/2096/2096 2097/2097/2097
f 2099/2099/2099 2098/2098/2098 2097/2097/2097
f 2085/2085/2085 2099/2099/2099 2097/2097/2097
f 2086/2086/2086 2085/2085/2085 2097/2097/2097
f 2100/2100/2100 2098/2098/2098 2099/2099/2099
f 2101/2101/2101 2100/2100/2100 2099/2099/2099
f 2084/2084/2084 2101/2101/2101 2099/2099/2099
f 2085/2085/2085 2084/2084/2084 2099/2099/2099
f 2102/2102/2102 2100/2100/2100 2101/2101/2101
f 2103/2103/2103 2102/2102/2102 2101/2101/2101
f 2083/2083/2083 2103/2103/2103 2101/2101/2101
f 2084/2084/2084 2083/2083/2083 2101/2101/2101
f 2104/2104/2104 2102/2102/2102 2103/2103/2103
f 2105/2105/2105 2104/2104/2104 2103/2103/2103
f 2082/2082/2082 2105/2105/2105 2103/2103/2103
f 2083/2083/2083 2082/2082/2082 2103/2103/2103
f 2106/2106/2106 2104/2104/2104 2105/2105/2105
f 2107/2107/2107 2106/2106/2106 2105/2105/2105
f 2081/2081/2081 2107/2107/2107 2105/2105/2105
f 2082/2082/2082 2081/2081/2081 2105/2105/2105
f 2108/2108/2108 2106/2106/2106 2107/2107/2107
f 2109/2109/2109 2108/2108/2108 2107/2107/2107
f 2080/2080/2080 2109/2109/2109 2107/2107/2107
f 2081/2081/2081 2080/2080/2080 2107/2107/2107
f 2110/2110/2110 2108/2108/2108 2109/2109/2109
f 2111/2111/2111 2110/2110/2110 2109/2109/2109
f 2079/2079/2079 2111/2111/2111 2109/2109/2109
f 2080/2080/2080 2079/2079/2079 2109/2109/2109
f 2112/2112/2112 2110/2110/2110 2111/2111/2111
f 2113/2113/2113 2112/2112/2112 2111/2111/2111
f 2078/2078/2078 2113/2113/2113 2111/2111/2111
f 2079/2079/2079 2078/2078/2078 2111/2111/2111
f 2114/2114/2114 2112/2112/2112 2113/2113/2113
f 2115/2115/2115 2114/2114/2114 2113/2113/2113
f 2077/2077/2077 2115/2115/2115 2113/2113/2113
f 2078/2078/2078 2077/2077/2077 2113/2113/2113
f 2116/2116/2116 2114/2114/2114 2115/2115/2115
f 2114/2114/2114 2116/2116/2116 2062/2062/2062
f 2062/2062/2062 2116/2116/2116 2065/2065/2065
f 2116/2116/2116 2117/2117/2117 2065/2065/2065
f 2117/2117/2117 2116/2116/2116 2115/2115/2115
f 2117/2117/2117 2118/2118/2118 2065/2065/2065
f 2065/2065/2065 2118/2118/2118 2068/2068/2068
f 2118/2118/2118 2075/2075/2075 2068/2068/2068
f 2075/2075/2075 2118/2118/2118 2117/2117/2117
f 2119/2119/2119 2114/2114/2114 2062/2062/2062
f 2114/2114/2114 2119/2119/2119 2112/2112/2112
f 2059/2059/2059 2119/2119/2119 2062/2062/2062
f 2120/2120/2120 2119/2119/2119 2059/2059/2059
f 2119/2119/2119 2120/2120/2120 2112/2112/2112
f 2121/2121/2121 2120/2120/2120 2059/2059/2059
f 2056/2056/2056 2121/2121/2121 2059/2059/2059
f 2122/2122/2122 2121/2121/2121 2056/2056/2056
f 2123/2123/2123 2122/2122/2122 2056/2056/2056
f 2053/2053/2053 2123/2123/2123 2056/2056/2056
f 2124/2124/2124 2123/2123/2123 2053/2053/2053
f 2125/2125/2125 2124/2124/2124 2053/2053/2053
f 2050/2050/2050 2125/2125/2125 2053/2053/2053
f 2126/2126/2126 2125/2125/2125 2050/2050/2050
f 2127/2127/2127 2126/2126/2126 2050/2050/2050
f 2047/2047/2047 2127/2127/2127 2050/2050/2050
f 2128/2128/2128 2127/2127/2127 2047/2047/2047
f 2129/2129/2129 2128/2128/2128 2047/2047/2047
f 2044/2044/2044 2129/2129/2129 2047/2047/2047
f 2130/2130/2130 2129/2129/2129 2044/2044/2044
f 2131/2131/2131 2130/2130/2130 2044/2044/2044
f 2042/2042/2042 2131/2131/2131 2044/2044/2044
f 2132/2132/2132 2131/2131/2131 2042/2042/2042
f 2133/2133/2133 2132/2132/2132 2042/2042/2042
f 2134/2134/2134 2133/2133/2133 2042/2042/2042
f 2041/2041/2041 2134/2134/2134 2042/2042/2042
f 2041/2041/2041 2135/2135/2135 2134/2134/2134
f 2135/2135/2135 2136/2136/2136 2134/2134/2134
f 2137/2137/2137 2133/2133/2133 2134/2134/2134
f 2138/2138/2138 2137/2137/2137 2134/2134/2134
f 2139/2139/2139 2138/2138/2138 2134/2134/2134
f 2136/2136/2136 2139/2139/2139 2134/2134/2134
f 2136/2136/2136 2140/2140/2140 2139/2139/2139
f 2140/2140/2140 2141/2141/2141 2139/2139/2139
f 2142/2142/2142 2138/2138/2138 2139/2139/2139
f 2143/2143/2143 2142/2142/2142 2139/2139/2139
f 2144/2144/2144 2143/2143/2143 2139/2139/2139
f 2141/2141/2141 2144/2144/2144 2139/2139/2139
f 2141/2141/2141 2145/2145/2145 2144/2144/2144
f 2141/2141/2141 2140/2140/2140 2145/2145/2145
f 2145/2145/2145 2146/2146/2146 2144/2144/2144
f 2147/2147/2147 2143/2143/2143 2144/2144/2144
f 2148/2148/2148 2147/2147/2147 2144/2144/2144
f 2135/2135/2135 2041/2041/2041 2040/2040/2040
f 2149/2149/2149 2135/2135/2135 2040/2040/2040
f 2136/2136/2136 2135/2135/2135 2149/2149/2149
f 2140/2140/2140 2136/2136/2136 2149/2149/2149
f 2027/2027/2027 2149/2149/2149 2040/2040/2040
f 2027/2027/2027 2026/2026/2026 2149/2149/2149
f 2026/2026/2026 2030/2030/2030 2149/2149/2149
f 2032/2032/2032 2140/2140/2140 2149/2149/2149
f 2030/2030/2030 2032/2032/2032 2149/2149/2149
f 2140/2140/2140 2032/2032/2032 2145/2145/2145
f 2143/2143/2143 2147/2147/2147 2150/2150/2150
f 2142/2142/2142 2143/2143/2143 2150/2150/2150
f 2142/2142/2142 2150/2150/2150 2151/2151/2151
f 2138/2138/2138 2142/2142/2142 2151/2151/2151
f 2137/2137/2137 2138/2138/2138 2151/2151/2151
f 2137/2137/2137 2151/2151/2151 2152/2152/2152
f 2133/2133/2133 2137/2137/2137 2152/2152/2152
f 2132/2132/2132 2133/2133/2133 2152/2152/2152
f 2132/2132/2132 2152/2152/2152 2153/2153/2153
f 2131/2131/2131 2132/2132/2132 2153/2153/2153
f 2130/2130/2130 2131/2131/2131 2153/2153/2153
f 2130/2130/2130 2153/2153/2153 2154/2154/2154
f 2129/2129/2129 2130/2130/2130 2154/2154/2154
f 2128/2128/2128 2129/2129/2129 2154/2154/2154
f 2128/2128/2128 2154/2154/2154 2155/2155/2155
f 2127/2127/2127 2128/2128/2128 2155/2155/2155
f 2126/2126/2126 2127/2127/2127 2155/2155/2155
f 2126/2126/2126 2155/2155/2155 2156/2156/2156
f 2125/2125/2125 2126/2126/2126 2156/2156/2156
f 2124/2124/2124 2125/2125/2125 2156/2156/2156
f 2124/2124/2124 2156/2156/2156 2157/2157/2157
f 2123/2123/2123 2124/2124/2124 2157/2157/2157
f 2122/2122/2122 2123/2123/2123 2157/2157/2157
f 2122/2122/2122 2157/2157/2157 2158/2158/2158
f 2121/2121/2121 2122/2122/2122 2158/2158/2158
f 2120/2120/2120 2121/2121/2121 2158/2158/2158
f 2120/2120/2120 2158/2158/2158 2112/2112/2112
f 2158/2158/2158 2110/2110/2110 2112/2112/2112
f 2108/2108/2108 2110/2110/2110 2158/2158/2158
f 2159/2159/2159 2108/2108/2108 2158/2158/2158
f 2157/2157/2157 2159/2159/2159 2158/2158/2158
f 2160/2160/2160 2159/2159/2159 2157/2157/2157
f 2108/2108/2108 2159/2159/2159 2160/2160/2160
f 2161/2161/2161 2160/2160/2160 2157/2157/2157
f 2156/2156/2156 2161/2161/2161 2157/2157/2157
f 2162/2162/2162 2161/2161/2161 2156/2156/2156
f 2163/2163/2163 2162/2162/2162 2156/2156/2156
f 2161/2161/2161 2162/2162/2162 2164/2164/2164
f 2160/2160/2160 2161/2161/2161 2164/2164/2164
f 2164/2164/2164 2162/2162/2162 2165/2165/2165
f 2162/2162/2162 2166/2166/2166 2165/2165/2165
f 2162/2162/2162 2163/2163/2163 2166/2166/2166
f 2165/2165/2165 2166/2166/2166 2167/2167/2167
f 2166/2166/2166 2168/2168/2168 2167/2167/2167
f 2167/2167/2167 2168/2168/2168 2169/2169/2169
f 2168/2168/2168 2170/2170/2170 2169/2169/2169
f 2169/2169/2169 2170/2170/2170 2171/2171/2171
f 2170/2170/2170 2172/2172/2172 2171/2171/2171
f 2171/2171/2171 2172/2172/2172 2173/2173/2173
f 2172/2172/2172 2174/2174/2174 2173/2173/2173
f 2173/2173/2173 2174/2174/2174 2175/2175/2175
f 2174/2174/2174 2176/2176/2176 2175/2175/2175
f 2175/2175/2175 2176/2176/2176 2177/2177/2177
f 2176/2176/2176 2178/2178/2178 2177/2177/2177
f 2178/2178/2178 2179/2179/2179 2177/2177/2177
f 2180/2180/2180 2175/2175/2175 2177/2177/2177
f 2094/2094/2094 2173/2173/2173 2175/2175/2175
f 2092/2092/2092 2094/2094/2094 2175/2175/2175
f 2093/2093/2093 2092/2092/2092 2175/2175/2175
f 2180/2180/2180 2093/2093/2093 2175/2175/2175
f 2096/2096/2096 2171/2171/2171 2173/2173/2173
f 2094/2094/2094 2096/2096/2096 2173/2173/2173
f 2098/2098/2098 2169/2169/2169 2171/2171/2171
f 2096/2096/2096 2098/2098/2098 2171/2171/2171
f 2179/2179/2179 2178/2178/2178 2181/2181/2181
f 2178/2178/2178 2182/2182/2182 2181/2181/2181
f 2174/2174/2174 2172/2172/2172 2182/2182/2182
f 2176/2176/2176 2174/2174/2174 2182/2182/2182
f 2178/2178/2178 2176/2176/2176 2182/2182/2182
f 2182/2182/2182 2183/2183/2183 2181/2181/2181
f 2183/2183/2183 2184/2184/2184 2181/2181/2181
f 2184/2184/2184 2183/2183/2183 2185/2185/2185
f 2183/2183/2183 2186/2186/2186 2185/2185/2185
f 2186/2186/2186 2183/2183/2183 2182/2182/2182
f 2185/2185/2185 2186/2186/2186 2187/2187/2187
f 2186/2186/2186 2188/2188/2188 2187/2187/2187
f 2188/2188/2188 2186/2186/2186 2182/2182/2182
f 2188/2188/2188 2189/2189/2189 2187/2187/2187
f 2187/2187/2187 2189/2189/2189 2190/2190/2190
f 2189/2189/2189 2170/2170/2170 2190/2190/2190
f 2170/2170/2170 2189/2189/2189 2188/2188/2188
f 2170/2170/2170 2168/2168/2168 2190/2190/2190
f 2190/2190/2190 2168/2168/2168 2166/2166/2166
f 2191/2191/2191 2190/2190/2190 2166/2166/2166
f 2163/2163/2163 2191/2191/2191 2166/2166/2166
f 2191/2191/2191 2163/2163/2163 2155/2155/2155
f 2155/2155/2155 2163/2163/2163 2156/2156/2156
f 2192/2192/2192 2191/2191/2191 2155/2155/2155
f 2191/2191/2191 2192/2192/2192 2190/2190/2190
f 2154/2154/2154 2192/2192/2192 2155/2155/2155
f 2193/2193/2193 2192/2192/2192 2154/2154/2154
f 2192/2192/2192 2193/2193/2193 2190/2190/2190
f 2193/2193/2193 2187/2187/2187 2190/2190/2190
f 2194/2194/2194 2193/2193/2193 2154/2154/2154
f 2193/2193/2193 2194/2194/2194 2187/2187/2187
f 2153/2153/2153 2194/2194/2194 2154/2154/2154
f 2195/2195/2195 2194/2194/2194 2153/2153/2153
f 2196/2196/2196 2195/2195/2195 2153/2153/2153
f 2152/2152/2152 2196/2196/2196 2153/2153/2153
f 2197/2197/2197 2196/2196/2196 2152/2152/2152
f 2198/2198/2198 2197/2197/2197 2152/2152/2152
f 2151/2151/2151 2198/2198/2198 2152/2152/2152
f 2199/2199/2199 2198/2198/2198 2151/2151/2151
f 2200/2200/2200 2199/2199/2199 2151/2151/2151
f 2150/2150/2150 2200/2200/2200 2151/2151/2151
f 2201/2201/2201 2200/2200/2200 2150/2150/2150
f 2202/2202/2202 2201/2201/2201 2150/2150/2150
f 2203/2203/2203 2202/2202/2202 2150/2150/2150
f 2147/2147/2147 2203/2203/2203 2150/2150/2150
f 2147/2147/2147 2148/2148/2148 2203/2203/2203
f 2148/2148/2148 2204/2204/2204 2203/2203/2203
f 2205/2205/2205 2202/2202/2202 2203/2203/2203
f 2206/2206/2206 2205/2205/2205 2203/2203/2203
f 2207/2207/2207 2206/2206/2206 2203/2203/2203
f 2204/2204/2204 2207/2207/2207 2203/2203/2203
f 2198/2198/2198 2199/2199/2199 2208/2208/2208
f 2197/2197/2197 2198/2198/2198 2208/2208/2208
f 2197/2197/2197 2208/2208/2208 2185/2185/2185
f 2196/2196/2196 2197/2197/2197 2185/2185/2185
f 2195/2195/2195 2196/2196/2196 2185/2185/2185
f 2195/2195/2195 2185/2185/2185 2187/2187/2187
f 2194/2194/2194 2195/2195/2195 2187/2187/2187
f 2208/2208/2208 2184/2184/2184 2185/2185/2185
f 2209/2209/2209 2184/2184/2184 2208/2208/2208
f 2210/2210/2210 2209/2209/2209 2208/2208/2208
f 2211/2211/2211 2210/2210/2210 2208/2208/2208
f 2199/2199/2199 2211/2211/2211 2208/2208/2208
f 2199/2199/2199 2200/2200/2200 2211/2211/2211
f 2200/2200/2200 2201/2201/2201 2211/2211/2211
f 2212/2212/2212 2210/2210/2210 2211/2211/2211
f 2213/2213/2213 2212/2212/2212 2211/2211/2211
f 2214/2214/2214 2213/2213/2213 2211/2211/2211
f 2201/2201/2201 2214/2214/2214 2211/2211/2211
f 2201/2201/2201 2202/2202/2202 2214/2214/2214
f 2202/2202/2202 2205/2205/2205 2214/2214/2214
f 2210/2210/2210 2212/2212/2212 2215/2215/2215
f 2209/2209/2209 2210/2210/2210 2215/2215/2215
f 2181/2181/2181 2209/2209/2209 2215/2215/2215
f 2184/2184/2184 2209/2209/2209 2181/2181/2181
f 2216/2216/2216 2181/2181/2181 2215/2215/2215
f 2216/2216/2216 2179/2179/2179 2181/2181/2181
f 2073/2073/2073 1877/1877/1877 1875/1875/1875
f 2217/2217/2217 2073/2073/2073 1875/1875/1875
f 1877/1877/1877 2073/2073/2073 1751/1751/1751
f 2073/2073/2073 2217/2217/2217 2218/2218/2218
f 2072/2072/2072 2073/2073/2073 2218/2218/2218
f 2072/2072/2072 2218/2218/2218 2219/2219/2219
f 2218/2218/2218 2220/2220/2220 2219/2219/2219
f 2220/2220/2220 2221/2221/2221 2219/2219/2219
f 2221/2221/2221 2222/2222/2222 2219/2219/2219
f 2219/2219/2219 2222/2222/2222 2223/2223/2223
f 2222/2222/2222 2224/2224/2224 2223/2223/2223
f 2224/2224/2224 2225/2225/2225 2223/2223/2223
f 2223/2223/2223 2225/2225/2225 2226/2226/2226
f 2225/2225/2225 2227/2227/2227 2226/2226/2226
f 2227/2227/2227 2228/2228/2228 2226/2226/2226
f 2226/2226/2226 2228/2228/2228 2229/2229/2229
f 2228/2228/2228 2230/2230/2230 2229/2229/2229
f 2230/2230/2230 2231/2231/2231 2229/2229/2229
f 2229/2229/2229 2231/2231/2231 2232/2232/2232
f 2231/2231/2231 2233/2233/2233 2232/2232/2232
f 2233/2233/2233 2234/2234/2234 2232/2232/2232
f 2232/2232/2232 2234/2234/2234 2235/2235/2235
f 2234/2234/2234 2236/2236/2236 2235/2235/2235
f 2236/2236/2236 2237/2237/2237 2235/2235/2235
f 2235/2235/2235 2237/2237/2237 2238/2238/2238
f 2237/2237/2237 2239/2239/2239 2238/2238/2238
f 2239/2239/2239 2240/2240/2240 2238/2238/2238
f 2238/2238/2238 2240/2240/2240 2241/2241/2241
f 2240/2240/2240 2242/2242/2242 2241/2241/2241
f 2242/2242/2242 2243/2243/2243 2241/2241/2241
f 2241/2241/2241 2243/2243/2243 2244/2244/2244
f 2243/2243/2243 2035/2035/2035 2244/2244/2244
f 2035/2035/2035 2036/2036/2036 2244/2244/2244
f 2244/2244/2244 2036/2036/2036 2037/2037/2037
f 2045/2045/2045 2244/2244/2244 2037/2037/2037
f 2048/2048/2048 2241/2241/2241 2244/2244/2244
f 2046/2046/2046 2048/2048/2048 2244/2244/2244
f 2045/2045/2045 2046/2046/2046 2244/2244/2244
f 2051/2051/2051 2238/2238/2238 2241/2241/2241
f 2049/2049/2049 2051/2051/2051 2241/2241/2241
f 2048/2048/2048 2049/2049/2049 2241/2241/2241
f 2051/2051/2051 2052/2052/2052 2238/2238/2238
f 2052/2052/2052 2054/2054/2054 2238/2238/2238
f 2243/2243/2243 2242/2242/2242 2014/2014/2014
f 2035/2035/2035 2243/2243/2243 2014/2014/2014
f 2242/2242/2242 2245/2245/2245 2014/2014/2014
f 2245/2245/2245 2011/2011/2011 2014/2014/2014
f 2034/2034/2034 2035/2035/2035 2014/2014/2014
f 2015/2015/2015 2034/2034/2034 2014/2014/2014
f 2009/2009/2009 2011/2011/2011 2245/2245/2245
f 2246/2246/2246 2009/2009/2009 2245/2245/2245
f 2247/2247/2247 2246/2246/2246 2245/2245/2245
f 2239/2239/2239 2247/2247/2247 2245/2245/2245
f 2240/2240/2240 2239/2239/2239 2245/2245/2245
f 2242/2242/2242 2240/2240/2240 2245/2245/2245
f 2248/2248/2248 2246/2246/2246 2247/2247/2247
f 2009/2009/2009 2246/2246/2246 2248/2248/2248
f 2249/2249/2249 2248/2248/2248 2247/2247/2247
f 2250/2250/2250 2249/2249/2249 2247/2247/2247
f 2236/2236/2236 2250/2250/2250 2247/2247/2247
f 2237/2237/2237 2236/2236/2236 2247/2247/2247
f 2239/2239/2239 2237/2237/2237 2247/2247/2247
f 2251/2251/2251 2249/2249/2249 2250/2250/2250
f 2252/2252/2252 2251/2251/2251 2250/2250/2250
f 2253/2253/2253 2252/2252/2252 2250/2250/2250
f 2233/2233/2233 2253/2253/2253 2250/2250/2250
f 2234/2234/2234 2233/2233/2233 2250/2250/2250
f 2236/2236/2236 2234/2234/2234 2250/2250/2250
f 2254/2254/2254 2252/2252/2252 2253/2253/2253
f 2255/2255/2255 2254/2254/2254 2253/2253/2253
f 2256/2256/2256 2255/2255/2255 2253/2253/2253
f 2230/2230/2230 2256/2256/2256 2253/2253/2253
f 2231/2231/2231 2230/2230/2230 2253/2253/2253
f 2233/2233/2233 2231/2231/2231 2253/2253/2253
f 2257/2257/2257 2255/2255/2255 2256/2256/2256
f 2258/2258/2258 2257/2257/2257 2256/2256/2256
f 2259/2259/2259 2258/2258/2258 2256/2256/2256
f 2227/2227/2227 2259/2259/2259 2256/2256/2256
f 2228/2228/2228 2227/2227/2227 2256/2256/2256
f 2230/2230/2230 2228/2228/2228 2256/2256/2256
f 2260/2260/2260 2258/2258/2258 2259/2259/2259
f 2261/2261/2261 2260/2260/2260 2259/2259/2259
f 2262/2262/2262 2261/2261/2261 2259/2259/2259
f 2224/2224/2224 2262/2262/2262 2259/2259/2259
f 2225/2225/2225 2224/2224/2224 2259/2259/2259
f 2227/2227/2227 2225/2225/2225 2259/2259/2259
f 2224/2224/2224 2222/2222/2222 2262/2262/2262
f 2222/2222/2222 2221/2221/2221 2262/2262/2262
f 2255/2255/2255 2257/2257/2257 2263/2263/2263
f 2257/2257/2257 2264/2264/2264 2263/2263/2263
f 2258/2258/2258 2260/2260/2260 2264/2264/2264
f 2257/2257/2257 2258/2258/2258 2264/2264/2264
f 2264/2264/2264 2265/2265/2265 2263/2263/2263
f 2265/2265/2265 2266/2266/2266 2263/2263/2263
f 2266/2266/2266 2267/2267/2267 2263/2263/2263
f 2267/2267/2267 2266/2266/2266 2268/2268/2268
f 2269/2269/2269 2267/2267/2267 2268/2268/2268
f 2001/2001/2001 2269/2269/2269 2268/2268/2268
f 2002/2002/2002 2001/2001/2001 2268/2268/2268
f 2270/2270/2270 2267/2267/2267 2269/2269/2269
f 2263/2263/2263 2267/2267/2267 2270/2270/2270
f 2271/2271/2271 2270/2270/2270 2269/2269/2269
f 2003/2003/2003 2271/2271/2271 2269/2269/2269
f 2001/2001/2001 2003/2003/2003 2269/2269/2269
f 2251/2251/2251 2270/2270/2270 2271/2271/2271
f 2272/2272/2272 2251/2251/2251 2271/2271/2271
f 2005/2005/2005 2272/2272/2272 2271/2271/2271
f 2003/2003/2003 2005/2005/2005 2271/2271/2271
f 2249/2249/2249 2251/2251/2251 2272/2272/2272
f 2248/2248/2248 2249/2249/2249 2272/2272/2272
f 2007/2007/2007 2248/2248/2248 2272/2272/2272
f 2005/2005/2005 2007/2007/2007 2272/2272/2272
f 2251/2251/2251 2252/2252/2252 2270/2270/2270
f 2252/2252/2252 2254/2254/2254 2270/2270/2270
f 2254/2254/2254 2263/2263/2263 2270/2270/2270
f 2254/2254/2254 2255/2255/2255 2263/2263/2263
f 2007/2007/2007 2009/2009/2009 2248/2248/2248
f 1976/1976/1976 1993/1993/1993 1982/1982/1982
f 1976/1976/1976 1977/1977/1977 1993/1993/1993
f 1977/1977/1977 1998/1998/1998 1993/1993/1993
f 1977/1977/1977 1980/1980/1980 1998/1998/1998
f 2054/2054/2054 2235/2235/2235 2238/2238/2238
f 2054/2054/2054 2055/2055/2055 2235/2235/2235
f 2055/2055/2055 2057/2057/2057 2235/2235/2235
f 2057/2057/2057 2232/2232/2232 2235/2235/2235
f 2057/2057/2057 2058/2058/2058 2232/2232/2232
f 2058/2058/2058 2060/2060/2060 2232/2232/2232
f 2060/2060/2060 2229/2229/2229 2232/2232/2232
f 2060/2060/2060 2061/2061/2061 2229/2229/2229
f 2061/2061/2061 2063/2063/2063 2229/2229/2229
f 2063/2063/2063 2226/2226/2226 2229/2229/2229
f 2063/2063/2063 2064/2064/2064 2226/2226/2226
f 2064/2064/2064 2066/2066/2066 2226/2226/2226
f 2066/2066/2066 2223/2223/2223 2226/2226/2226
f 2066/2066/2066 2067/2067/2067 2223/2223/2223
f 2067/2067/2067 2069/2069/2069 2223/2223/2223
f 2069/2069/2069 2219/2219/2219 2223/2223/2223
f 2069/2069/2069 2070/2070/2070 2219/2219/2219
f 2070/2070/2070 2072/2072/2072 2219/2219/2219
f 2076/2076/2076 2117/2117/2117 2115/2115/2115
f 2077/2077/2077 2076/2076/2076 2115/2115/2115
f 2076/2076/2076 2075/2075/2075 2117/2117/2117
f 2100/2100/2100 2167/2167/2167 2169/2169/2169
f 2098/2098/2098 2100/2100/2100 2169/2169/2169
f 2100/2100/2100 2102/2102/2102 2167/2167/2167
f 2102/2102/2102 2165/2165/2165 2167/2167/2167
f 2102/2102/2102 2104/2104/2104 2165/2165/2165
f 2104/2104/2104 2164/2164/2164 2165/2165/2165
f 2104/2104/2104 2106/2106/2106 2164/2164/2164
f 2106/2106/2106 2160/2160/2160 2164/2164/2164
f 2106/2106/2106 2108/2108/2108 2160/2160/2160
f 2172/2172/2172 2188/2188/2188 2182/2182/2182
f 2172/2172/2172 2170/2170/2170 2188/2188/2188
f 2031/2031/2031 2273/2273/2273 2145/2145/2145
f 2032/2032/2032 2031/2031/2031 2145/2145/2145
f 2273/2273/2273 2274/2274/2274 2145/2145/2145
f 2274/2274/2274 2146/2146/2146 2145/2145/2145
f 2275/2275/2275 2274/2274/2274 2273/2273/2273
f 2276/2276/2276 2275/2275/2275 2273/2273/2273
f 2276/2276/2276 2273/2273/2273 2031/2031/2031
f 2021/2021/2021 2276/2276/2276 2031/2031/2031
f 2021/2021/2021 1983/1983/1983 2276/2276/2276
f 1983/1983/1983 2277/2277/2277 2276/2276/2276
f 2277/2277/2277 1983/1983/1983 1984/1984/1984
f 1986/1986/1986 2277/2277/2277 1984/1984/1984
f 2280/2280/2280 2279/2279/2279 2278/2278/2278
f 2281/2281/2281 2280/2280/2280 2278/2278/2278
f 2282/2282/2282 2281/2281/2281 2278/2278/2278
f 2283/2283/2283 2282/2282/2282 2278/2278/2278
f 2284/2284/2284 2283/2283/2283 2278/2278/2278
f 2279/2279/2279 2284/2284/2284 2278/2278/2278
f 2282/2282/2282 2283/2283/2283 2285/2285/2285
f 2286/2286/2286 2282/2282/2282 2285/2285/2285
f 2287/2287/2287 2286/2286/2286 2285/2285/2285
f 2287/2287/2287 2285/2285/2285 2288/2288/2288
f 2289/2289/2289 2287/2287/2287 2288/2288/2288
f 2290/2290/2290 2289/2289/2289 2288/2288/2288
f 2290/2290/2290 2288/2288/2288 2291/2291/2291
f 2290/2290/2290 2291/2291/2291 2292/2292/2292
f 2293/2293/2293 2290/2290/2290 2292/2292/2292
f 2293/2293/2293 2292/2292/2292 2294/2294/2294
f 2295/2295/2295 2293/2293/2293 2294/2294/2294
f 2295/2295/2295 2294/2294/2294 2296/2296/2296
f 2297/2297/2297 2295/2295/2295 2296/2296/2296
f 2297/2297/2297 2296/2296/2296 2298/2298/2298
f 2299/2299/2299 2297/2297/2297 2298/2298/2298
f 2299/2299/2299 2298/2298/2298 2300/2300/2300
f 2301/2301/2301 2299/2299/2299 2300/2300/2300
f 2301/2301/2301 2300/2300/2300 2302/2302/2302
f 2303/2303/2303 2301/2301/2301 2302/2302/2302
f 2303/2303/2303 2302/2302/2302 2304/2304/2304
f 2305/2305/2305 2303/2303/2303 2304/2304/2304
f 2306/2306/2306 2305/2305/2305 2304/2304/2304
f 2306/2306/2306 2304/2304/2304 2307/2307/2307
f 2308/2308/2308 2306/2306/2306 2307/2307/2307
f 2309/2309/2309 2308/2308/2308 2307/2307/2307
f 2309/2309/2309 2307/2307/2307 2310/2310/2310
f 2311/2311/2311 2309/2309/2309 2310/2310/2310
f 2312/2312/2312 2311/2311/2311 2310/2310/2310
f 2313/2313/2313 2312/2312/2312 2310/2310/2310
f 2313/2313/2313 2310/2310/2310 2314/2314/2314
f 2315/2315/2315 2313/2313/2313 2314/2314/2314
f 2316/2316/2316 2315/2315/2315 2314/2314/2314
f 2316/2316/2316 2314/2314/2314 2317/2317/2317
f 2316/2316/2316 2317/2317/2317 2318/2318/2318
f 2319/2319/2319 2316/2316/2316 2318/2318/2318
f 2319/2319/2319 2318/2318/2318 2320/2320/2320
f 2321/2321/2321 2319/2319/2319 2320/2320/2320
f 2321/2321/2321 2320/2320/2320 2322/2322/2322
f 2323/2323/2323 2321/2321/2321 2322/2322/2322
f 2323/2323/2323 2322/2322/2322 2324/2324/2324
f 2325/2325/2325 2323/2323/2323 2324/2324/2324
f 2325/2325/2325 2324/2324/2324 2326/2326/2326
f 2327/2327/2327 2325/2325/2325 2326/2326/2326
f 2327/2327/2327 2326/2326/2326 2328/2328/2328
f 2329/2329/2329 2327/2327/2327 2328/2328/2328
f 2329/2329/2329 2328/2328/2328 2330/2330/2330
f 2331/2331/2331 2329/2329/2329 2330/2330/2330
f 2331/2331/2331 2330/2330/2330 2332/2332/2332
f 2333/2333/2333 2331/2331/2331 2332/2332/2332
f 2333/2333/2333 2332/2332/2332 2334/2334/2334
f 2335/2335/2335 2333/2333/2333 2334/2334/2334
f 2333/2333/2333 2335/2335/2335 2336/2336/2336
f 2337/2337/2337 2333/2333/2333 2336/2336/2336
f 2337/2337/2337 2336/2336/2336 2338/2338/2338
f 2339/2339/2339 2337/2337/2337 2338/2338/2338
f 2340/2340/2340 2339/2339/2339 2338/2338/2338
f 2341/2341/2341 2340/2340/2340 2338/2338/2338
f 2341/2341/2341 2338/2338/2338 2342/2342/2342
f 2343/2343/2343 2341/2341/2341 2342/2342/2342
f 2344/2344/2344 2343/2343/2343 2342/2342/2342
f 2344/2344/2344 2342/2342/2342 2345/2345/2345
f 2346/2346/2346 2344/2344/2344 2345/2345/2345
f 2347/2347/2347 2346/2346/2346 2345/2345/2345
f 2348/2348/2348 2347/2347/2347 2345/2345/2345
f 2348/2348/2348 2345/2345/2345 2349/2349/2349
f 2348/2348/2348 2349/2349/2349 2350/2350/2350
f 2351/2351/2351 2348/2348/2348 2350/2350/2350
f 2352/2352/2352 2351/2351/2351 2350/2350/2350
f 2353/2353/2353 2352/2352/2352 2350/2350/2350
f 2353/2353/2353 2350/2350/2350 2354/2354/2354
f 2355/2355/2355 2353/2353/2353 2354/2354/2354
f 2353/2353/2353 2355/2355/2355 2352/2352/2352
f 2356/2356/2356 2355/2355/2355 2354/2354/2354
f 2356/2356/2356 2354/2354/2354 2357/2357/2357
f 2358/2358/2358 2356/2356/2356 2357/2357/2357
f 2358/2358/2358 2357/2357/2357 2359/2359/2359
f 2360/2360/2360 2358/2358/2358 2359/2359/2359
f 2361/2361/2361 2360/2360/2360 2359/2359/2359
f 2362/2362/2362 2361/2361/2361 2359/2359/2359
f 2361/2361/2361 2362/2362/2362 2363/2363/2363
f 2364/2364/2364 2361/2361/2361 2363/2363/2363
f 2364/2364/2364 2363/2363/2363 2365/2365/2365
f 2364/2364/2364 2365/2365/2365 2366/2366/2366
f 2367/2367/2367 2364/2364/2364 2366/2366/2366
f 2367/2367/2367 2366/2366/2366 2368/2368/2368
f 2369/2369/2369 2367/2367/2367 2368/2368/2368
f 2369/2369/2369 2368/2368/2368 2370/2370/2370
f 2371/2371/2371 2369/2369/2369 2370/2370/2370
f 2371/2371/2371 2370/2370/2370 2372/2372/2372
f 2373/2373/2373 2371/2371/2371 2372/2372/2372
f 2374/2374/2374 2373/2373/2373 2372/2372/2372
f 2375/2375/2375 2374/2374/2374 2372/2372/2372
f 2363/2363/2363 2376/2376/2376 2365/2365/2365
f 2363/2363/2363 2377/2377/2377 2376/2376/2376
f 2377/2377/2377 2378/2378/2378 2376/2376/2376
f 2378/2378/2378 2377/2377/2377 2379/2379/2379
f 2377/2377/2377 2380/2380/2380 2379/2379/2379
f 2380/2380/2380 2381/2381/2381 2379/2379/2379
f 2381/2381/2381 2382/2382/2382 2379/2379/2379
f 2380/2380/2380 2377/2377/2377 2383/2383/2383
f 2383/2383/2383 2377/2377/2377 2363/2363/2363
f 2362/2362/2362 2383/2383/2383 2363/2363/2363
f 2362/2362/2362 2359/2359/2359 2383/2383/2383
f 2359/2359/2359 2384/2384/2384 2383/2383/2383
f 2384/2384/2384 2385/2385/2385 2383/2383/2383
f 2385/2385/2385 2384/2384/2384 2386/2386/2386
f 2384/2384/2384 2387/2387/2387 2386/2386/2386
f 2387/2387/2387 2384/2384/2384 2359/2359/2359
f 2387/2387/2387 2388/2388/2388 2386/2386/2386
f 2388/2388/2388 2389/2389/2389 2386/2386/2386
f 2390/2390/2390 2385/2385/2385 2386/2386/2386
f 2389/2389/2389 2390/2390/2390 2386/2386/2386
f 2385/2385/2385 2391/2391/2391 2383/2383/2383
f 2391/2391/2391 2380/2380/2380 2383/2383/2383
f 2385/2385/2385 2390/2390/2390 2391/2391/2391
f 2381/2381/2381 2380/2380/2380 2391/2391/2391
f 2390/2390/2390 2392/2392/2392 2391/2391/2391
f 2392/2392/2392 2381/2381/2381 2391/2391/2391
f 2392/2392/2392 2390/2390/2390 2393/2393/2393
f 2394/2394/2394 2392/2392/2392 2393/2393/2393
f 2394/2394/2394 2393/2393/2393 2395/2395/2395
f 2396/2396/2396 2394/2394/2394 2395/2395/2395
f 2397/2397/2397 2395/2395/2395 2393/2393/2393
f 2390/2390/2390 2397/2397/2397 2393/2393/2393
f 2357/2357/2357 2387/2387/2387 2359/2359/2359
f 2388/2388/2388 2387/2387/2387 2357/2357/2357
f 2354/2354/2354 2388/2388/2388 2357/2357/2357
f 2350/2350/2350 2388/2388/2388 2354/2354/2354
f 2389/2389/2389 2388/2388/2388 2350/2350/2350
f 2349/2349/2349 2389/2389/2389 2350/2350/2350
f 2390/2390/2390 2389/2389/2389 2349/2349/2349
f 2397/2397/2397 2390/2390/2390 2349/2349/2349
f 2345/2345/2345 2397/2397/2397 2349/2349/2349
f 2395/2395/2395 2397/2397/2397 2345/2345/2345
f 2342/2342/2342 2395/2395/2395 2345/2345/2345
f 2338/2338/2338 2395/2395/2395 2342/2342/2342
f 2396/2396/2396 2395/2395/2395 2338/2338/2338
f 2336/2336/2336 2396/2396/2396 2338/2338/2338
f 2398/2398/2398 2396/2396/2396 2336/2336/2336
f 2394/2394/2394 2396/2396/2396 2398/2398/2398
f 2335/2335/2335 2398/2398/2398 2336/2336/2336
f 2399/2399/2399 2394/2394/2394 2398/2398/2398
f 2335/2335/2335 2334/2334/2334 2398/2398/2398
f 2334/2334/2334 2400/2400/2400 2398/2398/2398
f 2401/2401/2401 2399/2399/2399 2398/2398/2398
f 2400/2400/2400 2401/2401/2401 2398/2398/2398
f 2381/2381/2381 2399/2399/2399 2401/2401/2401
f 2382/2382/2382 2381/2381/2381 2401/2401/2401
f 2381/2381/2381 2392/2392/2392 2399/2399/2399
f 2392/2392/2392 2394/2394/2394 2399/2399/2399
f 2400/2400/2400 2334/2334/2334 2402/2402/2402
f 2401/2401/2401 2400/2400/2400 2402/2402/2402
f 2334/2334/2334 2403/2403/2403 2402/2402/2402
f 2402/2402/2402 2403/2403/2403 2404/2404/2404
f 2403/2403/2403 2405/2405/2405 2404/2404/2404
f 2405/2405/2405 2403/2403/2403 2334/2334/2334
f 2405/2405/2405 2406/2406/2406 2404/2404/2404
f 2404/2404/2404 2406/2406/2406 2407/2407/2407
f 2406/2406/2406 2408/2408/2408 2407/2407/2407
f 2408/2408/2408 2409/2409/2409 2407/2407/2407
f 2409/2409/2409 2410/2410/2410 2407/2407/2407
f 2407/2407/2407 2410/2410/2410 2411/2411/2411
f 2410/2410/2410 2412/2412/2412 2411/2411/2411
f 2412/2412/2412 2413/2413/2413 2411/2411/2411
f 2411/2411/2411 2413/2413/2413 2414/2414/2414
f 2413/2413/2413 2415/2415/2415 2414/2414/2414
f 2415/2415/2415 2416/2416/2416 2414/2414/2414
f 2416/2416/2416 2417/2417/2417 2414/2414/2414
f 2414/2414/2414 2417/2417/2417 2418/2418/2418
f 2418/2418/2418 2417/2417/2417 2419/2419/2419
f 2417/2417/2417 2420/2420/2420 2419/2419/2419
f 2420/2420/2420 2421/2421/2421 2419/2419/2419
f 2421/2421/2421 2422/2422/2422 2419/2419/2419
f 2419/2419/2419 2422/2422/2422 2423/2423/2423
f 2422/2422/2422 2424/2424/2424 2423/2423/2423
f 2424/2424/2424 2422/2422/2422 2421/2421/2421
f 2424/2424/2424 2425/2425/2425 2423/2423/2423
f 2423/2423/2423 2425/2425/2425 2426/2426/2426
f 2425/2425/2425 2427/2427/2427 2426/2426/2426
f 2426/2426/2426 2427/2427/2427 2428/2428/2428
f 2427/2427/2427 2429/2429/2429 2428/2428/2428
f 2429/2429/2429 2430/2430/2430 2428/2428/2428
f 2430/2430/2430 2431/2431/2431 2428/2428/2428
f 2431/2431/2431 2430/2430/2430 2432/2432/2432
f 2430/2430/2430 2433/2433/2433 2432/2432/2432
f 2432/2432/2432 2433/2433/2433 2365/2365/2365
f 2365/2365/2365 2433/2433/2433 2366/2366/2366
f 2433/2433/2433 2434/2434/2434 2366/2366/2366
f 2366/2366/2366 2434/2434/2434 2368/2368/2368
f 2434/2434/2434 2435/2435/2435 2368/2368/2368
f 2368/2368/2368 2435/2435/2435 2370/2370/2370
f 2435/2435/2435 2436/2436/2436 2370/2370/2370
f 2370/2370/2370 2436/2436/2436 2372/2372/2372
f 2436/2436/2436 2437/2437/2437 2372/2372/2372
f 2437/2437/2437 2438/2438/2438 2372/2372/2372
f 2438/2438/2438 2375/2375/2375 2372/2372/2372
f 2376/2376/2376 2432/2432/2432 2365/2365/2365
f 2439/2439/2439 2432/2432/2432 2376/2376/2376
f 2378/2378/2378 2439/2439/2439 2376/2376/2376
f 2439/2439/2439 2378/2378/2378 2379/2379/2379
f 2440/2440/2440 2439/2439/2439 2379/2379/2379
f 2441/2441/2441 2440/2440/2440 2379/2379/2379
f 2382/2382/2382 2441/2441/2441 2379/2379/2379
f 2439/2439/2439 2440/2440/2440 2442/2442/2442
f 2439/2439/2439 2442/2442/2442 2432/2432/2432
f 2442/2442/2442 2431/2431/2431 2432/2432/2432
f 2428/2428/2428 2431/2431/2431 2442/2442/2442
f 2443/2443/2443 2428/2428/2428 2442/2442/2442
f 2444/2444/2444 2443/2443/2443 2442/2442/2442
f 2443/2443/2443 2444/2444/2444 2445/2445/2445
f 2446/2446/2446 2443/2443/2443 2445/2445/2445
f 2443/2443/2443 2446/2446/2446 2428/2428/2428
f 2447/2447/2447 2446/2446/2446 2445/2445/2445
f 2448/2448/2448 2447/2447/2447 2445/2445/2445
f 2449/2449/2449 2448/2448/2448 2445/2445/2445
f 2444/2444/2444 2449/2449/2449 2445/2445/2445
f 2450/2450/2450 2444/2444/2444 2442/2442/2442
f 2440/2440/2440 2450/2450/2450 2442/2442/2442
f 2449/2449/2449 2444/2444/2444 2450/2450/2450
f 2440/2440/2440 2441/2441/2441 2450/2450/2450
f 2451/2451/2451 2449/2449/2449 2450/2450/2450
f 2441/2441/2441 2451/2451/2451 2450/2450/2450
f 2449/2449/2449 2451/2451/2451 2452/2452/2452
f 2451/2451/2451 2453/2453/2453 2452/2452/2452
f 2452/2452/2452 2453/2453/2453 2454/2454/2454
f 2453/2453/2453 2455/2455/2455 2454/2454/2454
f 2456/2456/2456 2449/2449/2449 2452/2452/2452
f 2454/2454/2454 2456/2456/2456 2452/2452/2452
f 2446/2446/2446 2426/2426/2426 2428/2428/2428
f 2446/2446/2446 2447/2447/2447 2426/2426/2426
f 2447/2447/2447 2423/2423/2423 2426/2426/2426
f 2447/2447/2447 2419/2419/2419 2423/2423/2423
f 2447/2447/2447 2448/2448/2448 2419/2419/2419
f 2448/2448/2448 2418/2418/2418 2419/2419/2419
f 2449/2449/2449 2456/2456/2456 2418/2418/2418
f 2448/2448/2448 2449/2449/2449 2418/2418/2418
f 2456/2456/2456 2414/2414/2414 2418/2418/2418
f 2456/2456/2456 2454/2454/2454 2414/2414/2414
f 2454/2454/2454 2411/2411/2411 2414/2414/2414
f 2454/2454/2454 2407/2407/2407 2411/2411/2411
f 2454/2454/2454 2455/2455/2455 2407/2407/2407
f 2455/2455/2455 2404/2404/2404 2407/2407/2407
f 2455/2455/2455 2402/2402/2402 2404/2404/2404
f 2455/2455/2455 2453/2453/2453 2402/2402/2402
f 2453/2453/2453 2457/2457/2457 2402/2402/2402
f 2453/2453/2453 2451/2451/2451 2457/2457/2457
f 2457/2457/2457 2401/2401/2401 2402/2402/2402
f 2457/2457/2457 2441/2441/2441 2401/2401/2401
f 2441/2441/2441 2382/2382/2382 2401/2401/2401
f 2451/2451/2451 2441/2441/2441 2457/2457/2457
f 2460/2460/2460 2459/2459/2459 2458/2458/2458
f 2461/2461/2461 2460/2460/2460 2458/2458/2458
f 2462/2462/2462 2461/2461/2461 2458/2458/2458
f 2463/2463/2463 2462/2462/2462 2458/2458/2458
f 2459/2459/2459 2464/2464/2464 2458/2458/2458
f 2464/2464/2464 2465/2465/2465 2458/2458/2458
f 2465/2465/2465 2466/2466/2466 2458/2458/2458
f 2466/2466/2466 2467/2467/2467 2458/2458/2458
f 2468/2468/2468 2463/2463/2463 2458/2458/2458
f 2467/2467/2467 2468/2468/2468 2458/2458/2458
f 2469/2469/2469 2463/2463/2463 2468/2468/2468
f 2470/2470/2470 2469/2469/2469 2468/2468/2468
f 2471/2471/2471 2470/2470/2470 2468/2468/2468
f 2467/2467/2467 2471/2471/2471 2468/2468/2468
f 2459/2459/2459 2460/2460/2460 2472/2472/2472
f 2473/2473/2473 2459/2459/2459 2472/2472/2472
f 2464/2464/2464 2459/2459/2459 2473/2473/2473
f 2473/2473/2473 2472/2472/2472 2474/2474/2474
f 2475/2475/2475 2473/2473/2473 2474/2474/2474
f 2475/2475/2475 2464/2464/2464 2473/2473/2473
f 2476/2476/2476 2475/2475/2475 2474/2474/2474
f 2476/2476/2476 2474/2474/2474 2477/2477/2477
f 2478/2478/2478 2476/2476/2476 2477/2477/2477
f 2479/2479/2479 2478/2478/2478 2477/2477/2477
f 2479/2479/2479 2477/2477/2477 2480/2480/2480
f 2481/2481/2481 2479/2479/2479 2480/2480/2480
f 2482/2482/2482 2481/2481/2481 2480/2480/2480
f 2482/2482/2482 2480/2480/2480 2483/2483/2483
f 2484/2484/2484 2482/2482/2482 2483/2483/2483
f 2485/2485/2485 2484/2484/2484 2483/2483/2483
f 2485/2485/2485 2483/2483/2483 2486/2486/2486
f 2487/2487/2487 2485/2485/2485 2486/2486/2486
f 2488/2488/2488 2487/2487/2487 2486/2486/2486
f 2488/2488/2488 2486/2486/2486 2489/2489/2489
f 2490/2490/2490 2488/2488/2488 2489/2489/2489
f 2490/2490/2490 2489/2489/2489 2491/2491/2491
f 2492/2492/2492 2490/2490/2490 2491/2491/2491
f 2492/2492/2492 2491/2491/2491 2493/2493/2493
f 2494/2494/2494 2492/2492/2492 2493/2493/2493
f 2495/2495/2495 2494/2494/2494 2493/2493/2493
f 2495/2495/2495 2493/2493/2493 2496/2496/2496
f 2497/2497/2497 2495/2495/2495 2496/2496/2496
f 2498/2498/2498 2497/2497/2497 2496/2496/2496
f 2498/2498/2498 2496/2496/2496 2499/2499/2499
f 2500/2500/2500 2498/2498/2498 2499/2499/2499
f 2498/2498/2498 2500/2500/2500 2497/2497/2497
f 2501/2501/2501 2500/2500/2500 2499/2499/2499
f 2500/2500/2500 2501/2501/2501 2502/2502/2502
f 2500/2500/2500 2502/2502/2502 2503/2503/2503
f 2504/2504/2504 2500/2500/2500 2503/2503/2503
f 2500/2500/2500 2504/2504/2504 2497/2497/2497
f 2504/2504/2504 2503/2503/2503 2505/2505/2505
f 2506/2506/2506 2504/2504/2504 2505/2505/2505
f 2506/2506/2506 2505/2505/2505 2507/2507/2507
f 2508/2508/2508 2506/2506/2506 2507/2507/2507
f 2508/2508/2508 2507/2507/2507 2509/2509/2509
f 2510/2510/2510 2508/2508/2508 2509/2509/2509
f 2510/2510/2510 2509/2509/2509 2511/2511/2511
f 2512/2512/2512 2510/2510/2510 2511/2511/2511
f 2512/2512/2512 2511/2511/2511 2513/2513/2513
f 2514/2514/2514 2512/2512/2512 2513/2513/2513
f 2514/2514/2514 2513/2513/2513 2515/2515/2515
f 2516/2516/2516 2514/2514/2514 2515/2515/2515
f 2516/2516/2516 2515/2515/2515 2517/2517/2517
f 2518/2518/2518 2516/2516/2516 2517/2517/2517
f 2518/2518/2518 2517/2517/2517 2519/2519/2519
f 2520/2520/2520 2518/2518/2518 2519/2519/2519
f 2520/2520/2520 2519/2519/2519 2521/2521/2521
f 2522/2522/2522 2520/2520/2520 2521/2521/2521
f 2519/2519/2519 2523/2523/2523 2521/2521/2521
f 2523/2523/2523 2524/2524/2524 2521/2521/2521
f 2524/2524/2524 2523/2523/2523 2525/2525/2525
f 2523/2523/2523 2526/2526/2526 2525/2525/2525
f 2523/2523/2523 2527/2527/2527 2526/2526/2526
f 2527/2527/2527 2523/2523/2523 2519/2519/2519
f 2517/2517/2517 2527/2527/2527 2519/2519/2519
f 2527/2527/2527 2528/2528/2528 2526/2526/2526
f 2527/2527/2527 2529/2529/2529 2528/2528/2528
f 2529/2529/2529 2527/2527/2527 2517/2517/2517
f 2515/2515/2515 2529/2529/2529 2517/2517/2517
f 2529/2529/2529 2530/2530/2530 2528/2528/2528
f 2529/2529/2529 2531/2531/2531 2530/2530/2530
f 2531/2531/2531 2532/2532/2532 2530/2530/2530
f 2531/2531/2531 2533/2533/2533 2532/2532/2532
f 2533/2533/2533 2534/2534/2534 2532/2532/2532
f 2533/2533/2533 2535/2535/2535 2534/2534/2534
f 2535/2535/2535 2536/2536/2536 2534/2534/2534
f 2535/2535/2535 2537/2537/2537 2536/2536/2536
f 2537/2537/2537 2538/2538/2538 2536/2536/2536
f 2537/2537/2537 2539/2539/2539 2538/2538/2538
f 2539/2539/2539 2540/2540/2540 2538/2538/2538
f 2539/2539/2539 2541/2541/2541 2540/2540/2540
f 2541/2541/2541 2542/2542/2542 2540/2540/2540
f 2541/2541/2541 2543/2543/2543 2542/2542/2542
f 2543/2543/2543 2544/2544/2544 2542/2542/2542
f 2543/2543/2543 2545/2545/2545 2544/2544/2544
f 2545/2545/2545 2546/2546/2546 2544/2544/2544
f 2545/2545/2545 2547/2547/2547 2546/2546/2546
f 2547/2547/2547 2548/2548/2548 2546/2546/2546
f 2547/2547/2547 2549/2549/2549 2548/2548/2548
f 2549/2549/2549 2550/2550/2550 2548/2548/2548
f 2549/2549/2549 2551/2551/2551 2550/2550/2550
f 2551/2551/2551 2552/2552/2552 2550/2550/2550
f 2551/2551/2551 2553/2553/2553 2552/2552/2552
f 2553/2553/2553 2554/2554/2554 2552/2552/2552
f 2553/2553/2553 2555/2555/2555 2554/2554/2554
f 2555/2555/2555 2556/2556/2556 2554/2554/2554
f 2555/2555/2555 2557/2557/2557 2556/2556/2556
f 2557/2557/2557 2558/2558/2558 2556/2556/2556
f 2557/2557/2557 2374/2374/2374 2558/2558/2558
f 2374/2374/2374 2375/2375/2375 2558/2558/2558
f 2559/2559/2559 2374/2374/2374 2557/2557/2557
f 2560/2560/2560 2559/2559/2559 2557/2557/2557
f 2561/2561/2561 2560/2560/2560 2557/2557/2557
f 2555/2555/2555 2561/2561/2561 2557/2557/2557
f 2555/2555/2555 2553/2553/2553 2561/2561/2561
f 2562/2562/2562 2560/2560/2560 2561/2561/2561
f 2563/2563/2563 2562/2562/2562 2561/2561/2561
f 2553/2553/2553 2564/2564/2564 2561/2561/2561
f 2565/2565/2565 2563/2563/2563 2561/2561/2561
f 2564/2564/2564 2565/2565/2565 2561/2561/2561
f 2566/2566/2566 2563/2563/2563 2565/2565/2565
f 2562/2562/2562 2563/2563/2563 2566/2566/2566
f 2567/2567/2567 2566/2566/2566 2565/2565/2565
f 2564/2564/2564 2568/2568/2568 2565/2565/2565
f 2568/2568/2568 2569/2569/2569 2565/2565/2565
f 2570/2570/2570 2567/2567/2567 2565/2565/2565
f 2569/2569/2569 2570/2570/2570 2565/2565/2565
f 2571/2571/2571 2567/2567/2567 2570/2570/2570
f 2572/2572/2572 2571/2571/2571 2570/2570/2570
f 2569/2569/2569 2573/2573/2573 2570/2570/2570
f 2573/2573/2573 2574/2574/2574 2570/2570/2570
f 2575/2575/2575 2572/2572/2572 2570/2570/2570
f 2574/2574/2574 2575/2575/2575 2570/2570/2570
f 2576/2576/2576 2572/2572/2572 2575/2575/2575
f 2577/2577/2577 2576/2576/2576 2575/2575/2575
f 2574/2574/2574 2578/2578/2578 2575/2575/2575
f 2578/2578/2578 2579/2579/2579 2575/2575/2575
f 2580/2580/2580 2577/2577/2577 2575/2575/2575
f 2579/2579/2579 2580/2580/2580 2575/2575/2575
f 2581/2581/2581 2577/2577/2577 2580/2580/2580
f 2582/2582/2582 2581/2581/2581 2580/2580/2580
f 2579/2579/2579 2583/2583/2583 2580/2580/2580
f 2583/2583/2583 2584/2584/2584 2580/2580/2580
f 2585/2585/2585 2582/2582/2582 2580/2580/2580
f 2584/2584/2584 2585/2585/2585 2580/2580/2580
f 2586/2586/2586 2582/2582/2582 2585/2585/2585
f 2587/2587/2587 2586/2586/2586 2585/2585/2585
f 2584/2584/2584 2588/2588/2588 2585/2585/2585
f 2588/2588/2588 2589/2589/2589 2585/2585/2585
f 2590/2590/2590 2587/2587/2587 2585/2585/2585
f 2589/2589/2589 2590/2590/2590 2585/2585/2585
f 2591/2591/2591 2587/2587/2587 2590/2590/2590
f 2592/2592/2592 2591/2591/2591 2590/2590/2590
f 2589/2589/2589 2593/2593/2593 2590/2590/2590
f 2593/2593/2593 2594/2594/2594 2590/2590/2590
f 2595/2595/2595 2592/2592/2592 2590/2590/2590
f 2594/2594/2594 2595/2595/2595 2590/2590/2590
f 2596/2596/2596 2592/2592/2592 2595/2595/2595
f 2597/2597/2597 2596/2596/2596 2595/2595/2595
f 2594/2594/2594 2598/2598/2598 2595/2595/2595
f 2598/2598/2598 2599/2599/2599 2595/2595/2595
f 2600/2600/2600 2597/2597/2597 2595/2595/2595
f 2599/2599/2599 2600/2600/2600 2595/2595/2595
f 2598/2598/2598 2601/2601/2601 2599/2599/2599
f 2601/2601/2601 2602/2602/2602 2599/2599/2599
f 2603/2603/2603 2600/2600/2600 2599/2599/2599
f 2602/2602/2602 2603/2603/2603 2599/2599/2599
f 2600/2600/2600 2603/2603/2603 2604/2604/2604
f 2605/2605/2605 2600/2600/2600 2604/2604/2604
f 2606/2606/2606 2605/2605/2605 2604/2604/2604
f 2607/2607/2607 2606/2606/2606 2604/2604/2604
f 2601/2601/2601 2608/2608/2608 2602/2602/2602
f 2608/2608/2608 2609/2609/2609 2602/2602/2602
f 2610/2610/2610 2603/2603/2603 2602/2602/2602
f 2609/2609/2609 2610/2610/2610 2602/2602/2602
f 2604/2604/2604 2603/2603/2603 2610/2610/2610
f 2607/2607/2607 2604/2604/2604 2610/2610/2610
f 2609/2609/2609 2611/2611/2611 2610/2610/2610
f 2611/2611/2611 2612/2612/2612 2610/2610/2610
f 2613/2613/2613 2607/2607/2607 2610/2610/2610
f 2612/2612/2612 2613/2613/2613 2610/2610/2610
f 2606/2606/2606 2607/2607/2607 2613/2613/2613
f 2614/2614/2614 2606/2606/2606 2613/2613/2613
f 2612/2612/2612 2615/2615/2615 2613/2613/2613
f 2615/2615/2615 2616/2616/2616 2613/2613/2613
f 2617/2617/2617 2614/2614/2614 2613/2613/2613
f 2616/2616/2616 2617/2617/2617 2613/2613/2613
f 2618/2618/2618 2614/2614/2614 2617/2617/2617
f 2619/2619/2619 2618/2618/2618 2617/2617/2617
f 2618/2618/2618 2619/2619/2619 2620/2620/2620
f 2619/2619/2619 2621/2621/2621 2620/2620/2620
f 2621/2621/2621 2622/2622/2622 2620/2620/2620
f 2622/2622/2622 2623/2623/2623 2620/2620/2620
f 2624/2624/2624 2618/2618/2618 2620/2620/2620
f 2623/2623/2623 2624/2624/2624 2620/2620/2620
f 2618/2618/2618 2624/2624/2624 2614/2614/2614
f 2616/2616/2616 2625/2625/2625 2617/2617/2617
f 2625/2625/2625 2626/2626/2626 2617/2617/2617
f 2627/2627/2627 2619/2619/2619 2617/2617/2617
f 2626/2626/2626 2627/2627/2627 2617/2617/2617
f 2621/2621/2621 2619/2619/2619 2627/2627/2627
f 2628/2628/2628 2621/2621/2621 2627/2627/2627
f 2626/2626/2626 2629/2629/2629 2627/2627/2627
f 2629/2629/2629 2630/2630/2630 2627/2627/2627
f 2631/2631/2631 2628/2628/2628 2627/2627/2627
f 2630/2630/2630 2631/2631/2631 2627/2627/2627
f 2632/2632/2632 2628/2628/2628 2631/2631/2631
f 2621/2621/2621 2628/2628/2628 2632/2632/2632
f 2622/2622/2622 2621/2621/2621 2632/2632/2632
f 2633/2633/2633 2632/2632/2632 2631/2631/2631
f 2630/2630/2630 2634/2634/2634 2631/2631/2631
f 2634/2634/2634 2635/2635/2635 2631/2631/2631
f 2636/2636/2636 2633/2633/2633 2631/2631/2631
f 2635/2635/2635 2636/2636/2636 2631/2631/2631
f 2637/2637/2637 2633/2633/2633 2636/2636/2636
f 2638/2638/2638 2637/2637/2637 2636/2636/2636
f 2635/2635/2635 2639/2639/2639 2636/2636/2636
f 2639/2639/2639 2640/2640/2640 2636/2636/2636
f 2641/2641/2641 2638/2638/2638 2636/2636/2636
f 2640/2640/2640 2641/2641/2641 2636/2636/2636
f 2642/2642/2642 2638/2638/2638 2641/2641/2641
f 2637/2637/2637 2638/2638/2638 2642/2642/2642
f 2643/2643/2643 2642/2642/2642 2641/2641/2641
f 2640/2640/2640 2644/2644/2644 2641/2641/2641
f 2644/2644/2644 2645/2645/2645 2641/2641/2641
f 2646/2646/2646 2643/2643/2643 2641/2641/2641
f 2645/2645/2645 2646/2646/2646 2641/2641/2641
f 2643/2643/2643 2646/2646/2646 2647/2647/2647
f 2648/2648/2648 2643/2643/2643 2647/2647/2647
f 2643/2643/2643 2648/2648/2648 2642/2642/2642
f 2649/2649/2649 2648/2648/2648 2647/2647/2647
f 2650/2650/2650 2649/2649/2649 2647/2647/2647
f 2646/2646/2646 2651/2651/2651 2647/2647/2647
f 2651/2651/2651 2646/2646/2646 2645/2645/2645
f 2651/2651/2651 2652/2652/2652 2647/2647/2647
f 2644/2644/2644 2653/2653/2653 2645/2645/2645
f 2653/2653/2653 2654/2654/2654 2645/2645/2645
f 2654/2654/2654 2651/2651/2651 2645/2645/2645
f 2653/2653/2653 2655/2655/2655 2654/2654/2654
f 2655/2655/2655 2656/2656/2656 2654/2654/2654
f 2657/2657/2657 2651/2651/2651 2654/2654/2654
f 2656/2656/2656 2657/2657/2657 2654/2654/2654
f 2652/2652/2652 2651/2651/2651 2657/2657/2657
f 2352/2352/2352 2652/2652/2652 2657/2657/2657
f 2656/2656/2656 2658/2658/2658 2657/2657/2657
f 2658/2658/2658 2659/2659/2659 2657/2657/2657
f 2351/2351/2351 2352/2352/2352 2657/2657/2657
f 2659/2659/2659 2351/2351/2351 2657/2657/2657
f 2658/2658/2658 2660/2660/2660 2659/2659/2659
f 2660/2660/2660 2347/2347/2347 2659/2659/2659
f 2348/2348/2348 2351/2351/2351 2659/2659/2659
f 2347/2347/2347 2348/2348/2348 2659/2659/2659
f 2658/2658/2658 2661/2661/2661 2660/2660/2660
f 2656/2656/2656 2655/2655/2655 2661/2661/2661
f 2658/2658/2658 2656/2656/2656 2661/2661/2661
f 2661/2661/2661 2662/2662/2662 2660/2660/2660
f 2662/2662/2662 2663/2663/2663 2660/2660/2660
f 2663/2663/2663 2664/2664/2664 2660/2660/2660
f 2346/2346/2346 2347/2347/2347 2660/2660/2660
f 2664/2664/2664 2346/2346/2346 2660/2660/2660
f 2663/2663/2663 2665/2665/2665 2664/2664/2664
f 2665/2665/2665 2666/2666/2666 2664/2664/2664
f 2344/2344/2344 2346/2346/2346 2664/2664/2664
f 2666/2666/2666 2344/2344/2344 2664/2664/2664
f 2665/2665/2665 2667/2667/2667 2666/2666/2666
f 2667/2667/2667 2668/2668/2668 2666/2666/2666
f 2668/2668/2668 2667/2667/2667 2669/2669/2669
f 2667/2667/2667 2670/2670/2670 2669/2669/2669
f 2343/2343/2343 2344/2344/2344 2666/2666/2666
f 2668/2668/2668 2343/2343/2343 2666/2666/2666
f 2663/2663/2663 2671/2671/2671 2665/2665/2665
f 2671/2671/2671 2672/2672/2672 2665/2665/2665
f 2673/2673/2673 2667/2667/2667 2665/2665/2665
f 2672/2672/2672 2673/2673/2673 2665/2665/2665
f 2670/2670/2670 2667/2667/2667 2673/2673/2673
f 2672/2672/2672 2674/2674/2674 2673/2673/2673
f 2674/2674/2674 2675/2675/2675 2673/2673/2673
f 2675/2675/2675 2676/2676/2676 2673/2673/2673
f 2676/2676/2676 2677/2677/2677 2673/2673/2673
f 2677/2677/2677 2670/2670/2670 2673/2673/2673
f 2676/2676/2676 2678/2678/2678 2677/2677/2677
f 2678/2678/2678 2679/2679/2679 2677/2677/2677
f 2680/2680/2680 2670/2670/2670 2677/2677/2677
f 2679/2679/2679 2680/2680/2680 2677/2677/2677
f 2669/2669/2669 2670/2670/2670 2680/2680/2680
f 2681/2681/2681 2669/2669/2669 2680/2680/2680
f 2668/2668/2668 2669/2669/2669 2681/2681/2681
f 2343/2343/2343 2668/2668/2668 2681/2681/2681
f 2679/2679/2679 2682/2682/2682 2680/2680/2680
f 2682/2682/2682 2683/2683/2683 2680/2680/2680
f 2340/2340/2340 2681/2681/2681 2680/2680/2680
f 2683/2683/2683 2340/2340/2340 2680/2680/2680
f 2682/2682/2682 2684/2684/2684 2683/2683/2683
f 2684/2684/2684 2685/2685/2685 2683/2683/2683
f 2339/2339/2339 2340/2340/2340 2683/2683/2683
f 2685/2685/2685 2339/2339/2339 2683/2683/2683
f 2684/2684/2684 2686/2686/2686 2685/2685/2685
f 2686/2686/2686 2687/2687/2687 2685/2685/2685
f 2337/2337/2337 2339/2339/2339 2685/2685/2685
f 2687/2687/2687 2337/2337/2337 2685/2685/2685
f 2686/2686/2686 2329/2329/2329 2687/2687/2687
f 2329/2329/2329 2331/2331/2331 2687/2687/2687
f 2333/2333/2333 2337/2337/2337 2687/2687/2687
f 2331/2331/2331 2333/2333/2333 2687/2687/2687
f 2684/2684/2684 2688/2688/2688 2686/2686/2686
f 2688/2688/2688 2689/2689/2689 2686/2686/2686
f 2327/2327/2327 2329/2329/2329 2686/2686/2686
f 2689/2689/2689 2327/2327/2327 2686/2686/2686
f 2688/2688/2688 2690/2690/2690 2689/2689/2689
f 2690/2690/2690 2691/2691/2691 2689/2689/2689
f 2325/2325/2325 2327/2327/2327 2689/2689/2689
f 2691/2691/2691 2325/2325/2325 2689/2689/2689
f 2690/2690/2690 2692/2692/2692 2691/2691/2691
f 2692/2692/2692 2693/2693/2693 2691/2691/2691
f 2323/2323/2323 2325/2325/2325 2691/2691/2691
f 2693/2693/2693 2323/2323/2323 2691/2691/2691
f 2692/2692/2692 2694/2694/2694 2693/2693/2693
f 2694/2694/2694 2695/2695/2695 2693/2693/2693
f 2321/2321/2321 2323/2323/2323 2693/2693/2693
f 2695/2695/2695 2321/2321/2321 2693/2693/2693
f 2694/2694/2694 2696/2696/2696 2695/2695/2695
f 2696/2696/2696 2697/2697/2697 2695/2695/2695
f 2319/2319/2319 2321/2321/2321 2695/2695/2695
f 2697/2697/2697 2319/2319/2319 2695/2695/2695
f 2696/2696/2696 2698/2698/2698 2697/2697/2697
f 2698/2698/2698 2315/2315/2315 2697/2697/2697
f 2316/2316/2316 2319/2319/2319 2697/2697/2697
f 2315/2315/2315 2316/2316/2316 2697/2697/2697
f 2696/2696/2696 2699/2699/2699 2698/2698/2698
f 2699/2699/2699 2700/2700/2700 2698/2698/2698
f 2700/2700/2700 2701/2701/2701 2698/2698/2698
f 2701/2701/2701 2312/2312/2312 2698/2698/2698
f 2313/2313/2313 2315/2315/2315 2698/2698/2698
f 2312/2312/2312 2313/2313/2313 2698/2698/2698
f 2699/2699/2699 2702/2702/2702 2700/2700/2700
f 2702/2702/2702 2703/2703/2703 2700/2700/2700
f 2704/2704/2704 2701/2701/2701 2700/2700/2700
f 2703/2703/2703 2704/2704/2704 2700/2700/2700
f 2701/2701/2701 2704/2704/2704 2705/2705/2705
f 2706/2706/2706 2701/2701/2701 2705/2705/2705
f 2707/2707/2707 2706/2706/2706 2705/2705/2705
f 2708/2708/2708 2707/2707/2707 2705/2705/2705
f 2704/2704/2704 2709/2709/2709 2705/2705/2705
f 2709/2709/2709 2704/2704/2704 2703/2703/2703
f 2709/2709/2709 2710/2710/2710 2705/2705/2705
f 2702/2702/2702 2711/2711/2711 2703/2703/2703
f 2711/2711/2711 2712/2712/2712 2703/2703/2703
f 2712/2712/2712 2709/2709/2709 2703/2703/2703
f 2711/2711/2711 2713/2713/2713 2712/2712/2712
f 2713/2713/2713 2714/2714/2714 2712/2712/2712
f 2715/2715/2715 2709/2709/2709 2712/2712/2712
f 2714/2714/2714 2715/2715/2715 2712/2712/2712
f 2710/2710/2710 2709/2709/2709 2715/2715/2715
f 2714/2714/2714 2716/2716/2716 2715/2715/2715
f 2714/2714/2714 2713/2713/2713 2716/2716/2716
f 2716/2716/2716 2717/2717/2717 2715/2715/2715
f 2717/2717/2717 2718/2718/2718 2715/2715/2715
f 2718/2718/2718 2719/2719/2719 2715/2715/2715
f 2719/2719/2719 2710/2710/2710 2715/2715/2715
f 2707/2707/2707 2708/2708/2708 2720/2720/2720
f 2721/2721/2721 2707/2707/2707 2720/2720/2720
f 2722/2722/2722 2721/2721/2721 2720/2720/2720
f 2723/2723/2723 2722/2722/2722 2720/2720/2720
f 2722/2722/2722 2724/2724/2724 2721/2721/2721
f 2724/2724/2724 2308/2308/2308 2721/2721/2721
f 2308/2308/2308 2309/2309/2309 2721/2721/2721
f 2309/2309/2309 2707/2707/2707 2721/2721/2721
f 2722/2722/2722 2725/2725/2725 2724/2724/2724
f 2725/2725/2725 2726/2726/2726 2724/2724/2724
f 2726/2726/2726 2727/2727/2727 2724/2724/2724
f 2727/2727/2727 2305/2305/2305 2724/2724/2724
f 2306/2306/2306 2308/2308/2308 2724/2724/2724
f 2305/2305/2305 2306/2306/2306 2724/2724/2724
f 2726/2726/2726 2728/2728/2728 2727/2727/2727
f 2728/2728/2728 2729/2729/2729 2727/2727/2727
f 2729/2729/2729 2299/2299/2299 2727/2727/2727
f 2299/2299/2299 2301/2301/2301 2727/2727/2727
f 2303/2303/2303 2305/2305/2305 2727/2727/2727
f 2301/2301/2301 2303/2303/2303 2727/2727/2727
f 2728/2728/2728 2730/2730/2730 2729/2729/2729
f 2730/2730/2730 2731/2731/2731 2729/2729/2729
f 2297/2297/2297 2299/2299/2299 2729/2729/2729
f 2731/2731/2731 2297/2297/2297 2729/2729/2729
f 2730/2730/2730 2732/2732/2732 2731/2731/2731
f 2732/2732/2732 2733/2733/2733 2731/2731/2731
f 2295/2295/2295 2297/2297/2297 2731/2731/2731
f 2733/2733/2733 2295/2295/2295 2731/2731/2731
f 2732/2732/2732 2734/2734/2734 2733/2733/2733
f 2734/2734/2734 2735/2735/2735 2733/2733/2733
f 2293/2293/2293 2295/2295/2295 2733/2733/2733
f 2735/2735/2735 2293/2293/2293 2733/2733/2733
f 2734/2734/2734 2736/2736/2736 2735/2735/2735
f 2736/2736/2736 2289/2289/2289 2735/2735/2735
f 2290/2290/2290 2293/2293/2293 2735/2735/2735
f 2289/2289/2289 2290/2290/2290 2735/2735/2735
f 2734/2734/2734 2737/2737/2737 2736/2736/2736
f 2737/2737/2737 2738/2738/2738 2736/2736/2736
f 2738/2738/2738 2739/2739/2739 2736/2736/2736
f 2739/2739/2739 2286/2286/2286 2736/2736/2736
f 2287/2287/2287 2289/2289/2289 2736/2736/2736
f 2286/2286/2286 2287/2287/2287 2736/2736/2736
f 2738/2738/2738 2740/2740/2740 2739/2739/2739
f 2740/2740/2740 2741/2741/2741 2739/2739/2739
f 2741/2741/2741 2280/2280/2280 2739/2739/2739
f 2280/2280/2280 2281/2281/2281 2739/2739/2739
f 2282/2282/2282 2286/2286/2286 2739/2739/2739
f 2281/2281/2281 2282/2282/2282 2739/2739/2739
f 2737/2737/2737 2734/2734/2734 2742/2742/2742
f 2743/2743/2743 2737/2737/2737 2742/2742/2742
f 2738/2738/2738 2737/2737/2737 2743/2743/2743
f 2740/2740/2740 2738/2738/2738 2743/2743/2743
f 2744/2744/2744 2743/2743/2743 2742/2742/2742
f 2744/2744/2744 2742/2742/2742 2745/2745/2745
f 2746/2746/2746 2744/2744/2744 2745/2745/2745
f 2746/2746/2746 2745/2745/2745 2747/2747/2747
f 2748/2748/2748 2746/2746/2746 2747/2747/2747
f 2748/2748/2748 2747/2747/2747 2749/2749/2749
f 2747/2747/2747 2725/2725/2725 2749/2749/2749
f 2725/2725/2725 2722/2722/2722 2749/2749/2749
f 2722/2722/2722 2723/2723/2723 2749/2749/2749
f 2745/2745/2745 2730/2730/2730 2747/2747/2747
f 2730/2730/2730 2728/2728/2728 2747/2747/2747
f 2726/2726/2726 2725/2725/2725 2747/2747/2747
f 2728/2728/2728 2726/2726/2726 2747/2747/2747
f 2732/2732/2732 2730/2730/2730 2745/2745/2745
f 2742/2742/2742 2732/2732/2732 2745/2745/2745
f 2734/2734/2734 2732/2732/2732 2742/2742/2742
f 2752/2752/2752 2751/2751/2751 2750/2750/2750
f 2753/2753/2753 2752/2752/2752 2750/2750/2750
f 2754/2754/2754 2753/2753/2753 2750/2750/2750
f 2755/2755/2755 2754/2754/2754 2750/2750/2750
f 2751/2751/2751 2756/2756/2756 2750/2750/2750
f 2756/2756/2756 2757/2757/2757 2750/2750/2750
f 2751/2751/2751 2752/2752/2752 2758/2758/2758
f 2759/2759/2759 2751/2751/2751 2758/2758/2758
f 2756/2756/2756 2751/2751/2751 2759/2759/2759
f 2759/2759/2759 2758/2758/2758 2760/2760/2760
f 2761/2761/2761 2759/2759/2759 2760/2760/2760
f 2761/2761/2761 2756/2756/2756 2759/2759/2759
f 2762/2762/2762 2761/2761/2761 2760/2760/2760
f 2762/2762/2762 2760/2760/2760 2763/2763/2763
f 2762/2762/2762 2763/2763/2763 2764/2764/2764
f 2765/2765/2765 2762/2762/2762 2764/2764/2764
f 2762/2762/2762 2765/2765/2765 2761/2761/2761
f 2765/2765/2765 2764/2764/2764 2766/2766/2766
f 2767/2767/2767 2765/2765/2765 2766/2766/2766
f 2767/2767/2767 2766/2766/2766 2768/2768/2768
f 2769/2769/2769 2767/2767/2767 2768/2768/2768
f 2769/2769/2769 2768/2768/2768 2770/2770/2770
f 2771/2771/2771 2769/2769/2769 2770/2770/2770
f 2771/2771/2771 2770/2770/2770 2772/2772/2772
f 2461/2461/2461 2771/2771/2771 2772/2772/2772
f 2771/2771/2771 2461/2461/2461 2769/2769/2769
f 2460/2460/2460 2461/2461/2461 2772/2772/2772
f 2460/2460/2460 2772/2772/2772 2472/2472/2472
f 2772/2772/2772 2634/2634/2634 2472/2472/2472
f 2634/2634/2634 2630/2630/2630 2472/2472/2472
f 2630/2630/2630 2629/2629/2629 2472/2472/2472
f 2472/2472/2472 2629/2629/2629 2474/2474/2474
f 2629/2629/2629 2626/2626/2626 2474/2474/2474
f 2626/2626/2626 2625/2625/2625 2474/2474/2474
f 2474/2474/2474 2625/2625/2625 2477/2477/2477
f 2625/2625/2625 2616/2616/2616 2477/2477/2477
f 2616/2616/2616 2615/2615/2615 2477/2477/2477
f 2477/2477/2477 2615/2615/2615 2480/2480/2480
f 2615/2615/2615 2612/2612/2612 2480/2480/2480
f 2612/2612/2612 2611/2611/2611 2480/2480/2480
f 2480/2480/2480 2611/2611/2611 2483/2483/2483
f 2611/2611/2611 2609/2609/2609 2483/2483/2483
f 2609/2609/2609 2608/2608/2608 2483/2483/2483
f 2483/2483/2483 2608/2608/2608 2486/2486/2486
f 2486/2486/2486 2608/2608/2608 2489/2489/2489
f 2608/2608/2608 2601/2601/2601 2489/2489/2489
f 2489/2489/2489 2601/2601/2601 2491/2491/2491
f 2601/2601/2601 2598/2598/2598 2491/2491/2491
f 2598/2598/2598 2594/2594/2594 2491/2491/2491
f 2594/2594/2594 2593/2593/2593 2491/2491/2491
f 2491/2491/2491 2593/2593/2593 2493/2493/2493
f 2593/2593/2593 2589/2589/2589 2493/2493/2493
f 2589/2589/2589 2588/2588/2588 2493/2493/2493
f 2493/2493/2493 2588/2588/2588 2496/2496/2496
f 2588/2588/2588 2584/2584/2584 2496/2496/2496
f 2584/2584/2584 2583/2583/2583 2496/2496/2496
f 2496/2496/2496 2583/2583/2583 2499/2499/2499
f 2583/2583/2583 2579/2579/2579 2499/2499/2499
f 2579/2579/2579 2578/2578/2578 2499/2499/2499
f 2499/2499/2499 2578/2578/2578 2773/2773/2773
f 2578/2578/2578 2574/2574/2574 2773/2773/2773
f 2574/2574/2574 2573/2573/2573 2773/2773/2773
f 2773/2773/2773 2573/2573/2573 2774/2774/2774
f 2773/2773/2773 2774/2774/2774 2775/2775/2775
f 2501/2501/2501 2773/2773/2773 2775/2775/2775
f 2501/2501/2501 2499/2499/2499 2773/2773/2773
f 2501/2501/2501 2775/2775/2775 2502/2502/2502
f 2775/2775/2775 2545/2545/2545 2502/2502/2502
f 2545/2545/2545 2543/2543/2543 2502/2502/2502
f 2502/2502/2502 2543/2543/2543 2503/2503/2503
f 2543/2543/2543 2541/2541/2541 2503/2503/2503
f 2503/2503/2503 2541/2541/2541 2505/2505/2505
f 2541/2541/2541 2539/2539/2539 2505/2505/2505
f 2505/2505/2505 2539/2539/2539 2507/2507/2507
f 2539/2539/2539 2537/2537/2537 2507/2507/2507
f 2507/2507/2507 2537/2537/2537 2509/2509/2509
f 2537/2537/2537 2535/2535/2535 2509/2509/2509
f 2509/2509/2509 2535/2535/2535 2511/2511/2511
f 2535/2535/2535 2533/2533/2533 2511/2511/2511
f 2511/2511/2511 2533/2533/2533 2513/2513/2513
f 2533/2533/2533 2531/2531/2531 2513/2513/2513
f 2513/2513/2513 2531/2531/2531 2515/2515/2515
f 2531/2531/2531 2529/2529/2529 2515/2515/2515
f 2547/2547/2547 2545/2545/2545 2775/2775/2775
f 2774/2774/2774 2547/2547/2547 2775/2775/2775
f 2549/2549/2549 2547/2547/2547 2774/2774/2774
f 2776/2776/2776 2549/2549/2549 2774/2774/2774
f 2573/2573/2573 2776/2776/2776 2774/2774/2774
f 2573/2573/2573 2569/2569/2569 2776/2776/2776
f 2569/2569/2569 2568/2568/2568 2776/2776/2776
f 2551/2551/2551 2549/2549/2549 2776/2776/2776
f 2568/2568/2568 2551/2551/2551 2776/2776/2776
f 2553/2553/2553 2551/2551/2551 2568/2568/2568
f 2564/2564/2564 2553/2553/2553 2568/2568/2568
f 2779/2779/2779 2778/2778/2778 2777/2777/2777
f 2780/2780/2780 2779/2779/2779 2777/2777/2777
f 2778/2778/2778 2781/2781/2781 2777/2777/2777
f 2781/2781/2781 2782/2782/2782 2777/2777/2777
f 2783/2783/2783 2780/2780/2780 2777/2777/2777
f 2782/2782/2782 2783/2783/2783 2777/2777/2777
f 2781/2781/2781 2778/2778/2778 2784/2784/2784
f 2778/2778/2778 2779/2779/2779 2784/2784/2784
f 2785/2785/2785 2781/2781/2781 2784/2784/2784
f 2785/2785/2785 2784/2784/2784 2786/2786/2786
f 2787/2787/2787 2785/2785/2785 2786/2786/2786
f 2788/2788/2788 2787/2787/2787 2786/2786/2786
f 2788/2788/2788 2786/2786/2786 2789/2789/2789
f 2649/2649/2649 2788/2788/2788 2789/2789/2789
f 2788/2788/2788 2649/2649/2649 2787/2787/2787
f 2790/2790/2790 2649/2649/2649 2789/2789/2789
f 2790/2790/2790 2789/2789/2789 2791/2791/2791
f 2792/2792/2792 2790/2790/2790 2791/2791/2791
f 2793/2793/2793 2792/2792/2792 2791/2791/2791
f 2792/2792/2792 2793/2793/2793 2642/2642/2642
f 2648/2648/2648 2792/2792/2792 2642/2642/2642
f 2648/2648/2648 2649/2649/2649 2790/2790/2790
f 2792/2792/2792 2648/2648/2648 2790/2790/2790
f 2793/2793/2793 2794/2794/2794 2642/2642/2642
f 2794/2794/2794 2637/2637/2637 2642/2642/2642
f 2793/2793/2793 2795/2795/2795 2794/2794/2794
f 2793/2793/2793 2791/2791/2791 2795/2795/2795
f 2795/2795/2795 2796/2796/2796 2794/2794/2794
f 2797/2797/2797 2637/2637/2637 2794/2794/2794
f 2796/2796/2796 2797/2797/2797 2794/2794/2794
f 2633/2633/2633 2637/2637/2637 2797/2797/2797
f 2632/2632/2632 2633/2633/2633 2797/2797/2797
f 2796/2796/2796 2798/2798/2798 2797/2797/2797
f 2796/2796/2796 2795/2795/2795 2798/2798/2798
f 2798/2798/2798 2799/2799/2799 2797/2797/2797
f 2622/2622/2622 2632/2632/2632 2797/2797/2797
f 2799/2799/2799 2622/2622/2622 2797/2797/2797
f 2798/2798/2798 2596/2596/2596 2799/2799/2799
f 2596/2596/2596 2800/2800/2800 2799/2799/2799
f 2623/2623/2623 2622/2622/2622 2799/2799/2799
f 2800/2800/2800 2623/2623/2623 2799/2799/2799
f 2596/2596/2596 2597/2597/2597 2800/2800/2800
f 2597/2597/2597 2801/2801/2801 2800/2800/2800
f 2624/2624/2624 2623/2623/2623 2800/2800/2800
f 2801/2801/2801 2624/2624/2624 2800/2800/2800
f 2597/2597/2597 2600/2600/2600 2801/2801/2801
f 2600/2600/2600 2605/2605/2605 2801/2801/2801
f 2606/2606/2606 2624/2624/2624 2801/2801/2801
f 2605/2605/2605 2606/2606/2606 2801/2801/2801
f 2592/2592/2592 2596/2596/2596 2798/2798/2798
f 2591/2591/2591 2592/2592/2592 2798/2798/2798
f 2795/2795/2795 2591/2591/2591 2798/2798/2798
f 2587/2587/2587 2591/2591/2591 2795/2795/2795
f 2586/2586/2586 2587/2587/2587 2795/2795/2795
f 2791/2791/2791 2586/2586/2586 2795/2795/2795
f 2582/2582/2582 2586/2586/2586 2791/2791/2791
f 2581/2581/2581 2582/2582/2582 2791/2791/2791
f 2789/2789/2789 2581/2581/2581 2791/2791/2791
f 2577/2577/2577 2581/2581/2581 2789/2789/2789
f 2576/2576/2576 2577/2577/2577 2789/2789/2789
f 2786/2786/2786 2576/2576/2576 2789/2789/2789
f 2572/2572/2572 2576/2576/2576 2786/2786/2786
f 2571/2571/2571 2572/2572/2572 2786/2786/2786
f 2784/2784/2784 2571/2571/2571 2786/2786/2786
f 2567/2567/2567 2571/2571/2571 2784/2784/2784
f 2566/2566/2566 2567/2567/2567 2784/2784/2784
f 2779/2779/2779 2566/2566/2566 2784/2784/2784
f 2779/2779/2779 2562/2562/2562 2566/2566/2566
f 2562/2562/2562 2779/2779/2779 2802/2802/2802
f 2560/2560/2560 2562/2562/2562 2802/2802/2802
f 2559/2559/2559 2560/2560/2560 2802/2802/2802
f 2559/2559/2559 2802/2802/2802 2803/2803/2803
f 2804/2804/2804 2559/2559/2559 2803/2803/2803
f 2804/2804/2804 2803/2803/2803 2805/2805/2805
f 2373/2373/2373 2804/2804/2804 2805/2805/2805
f 2371/2371/2371 2373/2373/2373 2805/2805/2805
f 2371/2371/2371 2805/2805/2805 2806/2806/2806
f 2369/2369/2369 2371/2371/2371 2806/2806/2806
f 2805/2805/2805 2807/2807/2807 2806/2806/2806
f 2803/2803/2803 2807/2807/2807 2805/2805/2805
f 2807/2807/2807 2808/2808/2808 2806/2806/2806
f 2808/2808/2808 2807/2807/2807 2809/2809/2809
f 2807/2807/2807 2810/2810/2810 2809/2809/2809
f 2810/2810/2810 2807/2807/2807 2803/2803/2803
f 2809/2809/2809 2810/2810/2810 2811/2811/2811
f 2810/2810/2810 2783/2783/2783 2811/2811/2811
f 2783/2783/2783 2810/2810/2810 2803/2803/2803
f 2783/2783/2783 2782/2782/2782 2811/2811/2811
f 2811/2811/2811 2782/2782/2782 2812/2812/2812
f 2813/2813/2813 2811/2811/2811 2812/2812/2812
f 2813/2813/2813 2809/2809/2809 2811/2811/2811
f 2814/2814/2814 2813/2813/2813 2812/2812/2812
f 2782/2782/2782 2781/2781/2781 2812/2812/2812
f 2812/2812/2812 2781/2781/2781 2785/2785/2785
f 2787/2787/2787 2812/2812/2812 2785/2785/2785
f 2650/2650/2650 2814/2814/2814 2812/2812/2812
f 2787/2787/2787 2650/2650/2650 2812/2812/2812
f 2813/2813/2813 2815/2815/2815 2809/2809/2809
f 2813/2813/2813 2814/2814/2814 2815/2815/2815
f 2815/2815/2815 2816/2816/2816 2809/2809/2809
f 2817/2817/2817 2808/2808/2808 2809/2809/2809
f 2816/2816/2816 2817/2817/2817 2809/2809/2809
f 2806/2806/2806 2808/2808/2808 2817/2817/2817
f 2818/2818/2818 2806/2806/2806 2817/2817/2817
f 2816/2816/2816 2358/2358/2358 2817/2817/2817
f 2358/2358/2358 2360/2360/2360 2817/2817/2817
f 2361/2361/2361 2818/2818/2818 2817/2817/2817
f 2360/2360/2360 2361/2361/2361 2817/2817/2817
f 2818/2818/2818 2367/2367/2367 2806/2806/2806
f 2367/2367/2367 2369/2369/2369 2806/2806/2806
f 2364/2364/2364 2367/2367/2367 2818/2818/2818
f 2361/2361/2361 2364/2364/2364 2818/2818/2818
f 2356/2356/2356 2358/2358/2358 2816/2816/2816
f 2815/2815/2815 2356/2356/2356 2816/2816/2816
f 2355/2355/2355 2356/2356/2356 2815/2815/2815
f 2819/2819/2819 2355/2355/2355 2815/2815/2815
f 2814/2814/2814 2819/2819/2819 2815/2815/2815
f 2814/2814/2814 2650/2650/2650 2819/2819/2819
f 2650/2650/2650 2647/2647/2647 2819/2819/2819
f 2652/2652/2652 2355/2355/2355 2819/2819/2819
f 2647/2647/2647 2652/2652/2652 2819/2819/2819
f 2355/2355/2355 2652/2652/2652 2352/2352/2352
f 2649/2649/2649 2650/2650/2650 2787/2787/2787
f 2822/2822/2822 2821/2821/2821 2820/2820/2820
f 2823/2823/2823 2822/2822/2822 2820/2820/2820
f 2823/2823/2823 2820/2820/2820 2824/2824/2824
f 2314/2314/2314 2823/2823/2823 2824/2824/2824
f 2314/2314/2314 2824/2824/2824 2317/2317/2317
f 2310/2310/2310 2823/2823/2823 2314/2314/2314
f 2822/2822/2822 2823/2823/2823 2310/2310/2310
f 2307/2307/2307 2822/2822/2822 2310/2310/2310
f 2304/2304/2304 2822/2822/2822 2307/2307/2307
f 2821/2821/2821 2822/2822/2822 2304/2304/2304
f 2825/2825/2825 2821/2821/2821 2304/2304/2304
f 2302/2302/2302 2825/2825/2825 2304/2304/2304
f 2821/2821/2821 2826/2826/2826 2820/2820/2820
f 2826/2826/2826 2827/2827/2827 2820/2820/2820
f 2820/2820/2820 2827/2827/2827 2824/2824/2824
f 2824/2824/2824 2828/2828/2828 2317/2317/2317
f 2827/2827/2827 2828/2828/2828 2824/2824/2824
f 2828/2828/2828 2829/2829/2829 2317/2317/2317
f 2317/2317/2317 2829/2829/2829 2318/2318/2318
f 2829/2829/2829 2830/2830/2830 2318/2318/2318
f 2318/2318/2318 2830/2830/2830 2320/2320/2320
f 2830/2830/2830 2831/2831/2831 2320/2320/2320
f 2320/2320/2320 2831/2831/2831 2322/2322/2322
f 2831/2831/2831 2832/2832/2832 2322/2322/2322
f 2322/2322/2322 2832/2832/2832 2324/2324/2324
f 2832/2832/2832 2833/2833/2833 2324/2324/2324
f 2324/2324/2324 2833/2833/2833 2326/2326/2326
f 2833/2833/2833 2834/2834/2834 2326/2326/2326
f 2326/2326/2326 2834/2834/2834 2328/2328/2328
f 2834/2834/2834 2835/2835/2835 2328/2328/2328
f 2328/2328/2328 2835/2835/2835 2330/2330/2330
f 2835/2835/2835 2836/2836/2836 2330/2330/2330
f 2330/2330/2330 2836/2836/2836 2332/2332/2332
f 2836/2836/2836 2405/2405/2405 2332/2332/2332
f 2332/2332/2332 2405/2405/2405 2334/2334/2334
f 2836/2836/2836 2835/2835/2835 2837/2837/2837
f 2405/2405/2405 2836/2836/2836 2837/2837/2837
f 2835/2835/2835 2838/2838/2838 2837/2837/2837
f 2835/2835/2835 2834/2834/2834 2838/2838/2838
f 2837/2837/2837 2838/2838/2838 2839/2839/2839
f 2838/2838/2838 2840/2840/2840 2839/2839/2839
f 2839/2839/2839 2840/2840/2840 2841/2841/2841
f 2840/2840/2840 2842/2842/2842 2841/2841/2841
f 2841/2841/2841 2842/2842/2842 2843/2843/2843
f 2842/2842/2842 2844/2844/2844 2843/2843/2843
f 2843/2843/2843 2844/2844/2844 2845/2845/2845
f 2844/2844/2844 2846/2846/2846 2845/2845/2845
f 2846/2846/2846 2847/2847/2847 2845/2845/2845
f 2845/2845/2845 2847/2847/2847 2848/2848/2848
f 2847/2847/2847 2849/2849/2849 2848/2848/2848
f 2849/2849/2849 2850/2850/2850 2848/2848/2848
f 2850/2850/2850 2851/2851/2851 2848/2848/2848
f 2848/2848/2848 2851/2851/2851 2852/2852/2852
f 2851/2851/2851 2853/2853/2853 2852/2852/2852
f 2853/2853/2853 2854/2854/2854 2852/2852/2852
f 2852/2852/2852 2854/2854/2854 2855/2855/2855
f 2855/2855/2855 2854/2854/2854 2856/2856/2856
f 2854/2854/2854 2857/2857/2857 2856/2856/2856
f 2857/2857/2857 2858/2858/2858 2856/2856/2856
f 2858/2858/2858 2859/2859/2859 2856/2856/2856
f 2856/2856/2856 2859/2859/2859 2860/2860/2860
f 2860/2860/2860 2859/2859/2859 2861/2861/2861
f 2859/2859/2859 2862/2862/2862 2861/2861/2861
f 2862/2862/2862 2859/2859/2859 2858/2858/2858
f 2861/2861/2861 2862/2862/2862 2863/2863/2863
f 2862/2862/2862 2864/2864/2864 2863/2863/2863
f 2864/2864/2864 2862/2862/2862 2858/2858/2858
f 2864/2864/2864 2865/2865/2865 2863/2863/2863
f 2863/2863/2863 2865/2865/2865 2866/2866/2866
f 2865/2865/2865 2867/2867/2867 2866/2866/2866
f 2866/2866/2866 2867/2867/2867 2868/2868/2868
f 2867/2867/2867 2869/2869/2869 2868/2868/2868
f 2868/2868/2868 2869/2869/2869 2870/2870/2870
f 2869/2869/2869 2871/2871/2871 2870/2870/2870
f 2871/2871/2871 2872/2872/2872 2870/2870/2870
f 2870/2870/2870 2872/2872/2872 2873/2873/2873
f 2872/2872/2872 2874/2874/2874 2873/2873/2873
f 2874/2874/2874 2875/2875/2875 2873/2873/2873
f 2873/2873/2873 2875/2875/2875 2876/2876/2876
f 2875/2875/2875 2877/2877/2877 2876/2876/2876
f 2877/2877/2877 2878/2878/2878 2876/2876/2876
f 2876/2876/2876 2878/2878/2878 2879/2879/2879
f 2878/2878/2878 2880/2880/2880 2879/2879/2879
f 2880/2880/2880 2881/2881/2881 2879/2879/2879
f 2879/2879/2879 2881/2881/2881 2882/2882/2882
f 2881/2881/2881 2883/2883/2883 2882/2882/2882
f 2883/2883/2883 2884/2884/2884 2882/2882/2882
f 2882/2882/2882 2884/2884/2884 2885/2885/2885
f 2884/2884/2884 2886/2886/2886 2885/2885/2885
f 2886/2886/2886 2887/2887/2887 2885/2885/2885
f 2885/2885/2885 2887/2887/2887 2888/2888/2888
f 2887/2887/2887 2889/2889/2889 2888/2888/2888
f 2889/2889/2889 2890/2890/2890 2888/2888/2888
f 2888/2888/2888 2890/2890/2890 2891/2891/2891
f 2890/2890/2890 2892/2892/2892 2891/2891/2891
f 2891/2891/2891 2892/2892/2892 2893/2893/2893
f 2892/2892/2892 2894/2894/2894 2893/2893/2893
f 2893/2893/2893 2894/2894/2894 2895/2895/2895
f 2894/2894/2894 2896/2896/2896 2895/2895/2895
f 2896/2896/2896 2897/2897/2897 2895/2895/2895
f 2895/2895/2895 2897/2897/2897 2898/2898/2898
f 2897/2897/2897 2899/2899/2899 2898/2898/2898
f 2899/2899/2899 2900/2900/2900 2898/2898/2898
f 2898/2898/2898 2900/2900/2900 2901/2901/2901
f 2900/2900/2900 2902/2902/2902 2901/2901/2901
f 2902/2902/2902 2903/2903/2903 2901/2901/2901
f 2901/2901/2901 2903/2903/2903 2904/2904/2904
f 2903/2903/2903 2905/2905/2905 2904/2904/2904
f 2905/2905/2905 2906/2906/2906 2904/2904/2904
f 2904/2904/2904 2906/2906/2906 2907/2907/2907
f 2906/2906/2906 2908/2908/2908 2907/2907/2907
f 2908/2908/2908 2909/2909/2909 2907/2907/2907
f 2907/2907/2907 2909/2909/2909 2910/2910/2910
f 2909/2909/2909 2911/2911/2911 2910/2910/2910
f 2911/2911/2911 2912/2912/2912 2910/2910/2910
f 2910/2910/2910 2912/2912/2912 2913/2913/2913
f 2912/2912/2912 2914/2914/2914 2913/2913/2913
f 2914/2914/2914 2912/2912/2912 2911/2911/2911
f 2914/2914/2914 2915/2915/2915 2913/2913/2913
f 2915/2915/2915 2914/2914/2914 2554/2554/2554
f 2554/2554/2554 2914/2914/2914 2552/2552/2552
f 2914/2914/2914 2916/2916/2916 2552/2552/2552
f 2916/2916/2916 2914/2914/2914 2911/2911/2911
f 2552/2552/2552 2916/2916/2916 2550/2550/2550
f 2916/2916/2916 2917/2917/2917 2550/2550/2550
f 2550/2550/2550 2917/2917/2917 2548/2548/2548
f 2917/2917/2917 2918/2918/2918 2548/2548/2548
f 2548/2548/2548 2918/2918/2918 2546/2546/2546
f 2918/2918/2918 2919/2919/2919 2546/2546/2546
f 2546/2546/2546 2919/2919/2919 2544/2544/2544
f 2919/2919/2919 2920/2920/2920 2544/2544/2544
f 2544/2544/2544 2920/2920/2920 2542/2542/2542
f 2920/2920/2920 2921/2921/2921 2542/2542/2542
f 2542/2542/2542 2921/2921/2921 2540/2540/2540
f 2921/2921/2921 2922/2922/2922 2540/2540/2540
f 2540/2540/2540 2922/2922/2922 2538/2538/2538
f 2922/2922/2922 2923/2923/2923 2538/2538/2538
f 2538/2538/2538 2923/2923/2923 2536/2536/2536
f 2923/2923/2923 2924/2924/2924 2536/2536/2536
f 2536/2536/2536 2924/2924/2924 2534/2534/2534
f 2924/2924/2924 2925/2925/2925 2534/2534/2534
f 2534/2534/2534 2925/2925/2925 2532/2532/2532
f 2925/2925/2925 2926/2926/2926 2532/2532/2532
f 2532/2532/2532 2926/2926/2926 2530/2530/2530
f 2926/2926/2926 2927/2927/2927 2530/2530/2530
f 2530/2530/2530 2927/2927/2927 2528/2528/2528
f 2927/2927/2927 2928/2928/2928 2528/2528/2528
f 2528/2528/2528 2928/2928/2928 2526/2526/2526
f 2928/2928/2928 2929/2929/2929 2526/2526/2526
f 2526/2526/2526 2929/2929/2929 2525/2525/2525
f 2929/2929/2929 2930/2930/2930 2525/2525/2525
f 2930/2930/2930 2929/2929/2929 2931/2931/2931
f 2929/2929/2929 2932/2932/2932 2931/2931/2931
f 2929/2929/2929 2928/2928/2928 2932/2932/2932
f 2932/2932/2932 2933/2933/2933 2931/2931/2931
f 2933/2933/2933 2934/2934/2934 2931/2931/2931
f 2935/2935/2935 2933/2933/2933 2932/2932/2932
f 2936/2936/2936 2935/2935/2935 2932/2932/2932
f 2928/2928/2928 2936/2936/2936 2932/2932/2932
f 2928/2928/2928 2927/2927/2927 2936/2936/2936
f 2937/2937/2937 2935/2935/2935 2936/2936/2936
f 2938/2938/2938 2937/2937/2937 2936/2936/2936
f 2927/2927/2927 2938/2938/2938 2936/2936/2936
f 2939/2939/2939 2937/2937/2937 2938/2938/2938
f 2940/2940/2940 2939/2939/2939 2938/2938/2938
f 2926/2926/2926 2940/2940/2940 2938/2938/2938
f 2927/2927/2927 2926/2926/2926 2938/2938/2938
f 2941/2941/2941 2939/2939/2939 2940/2940/2940
f 2942/2942/2942 2941/2941/2941 2940/2940/2940
f 2925/2925/2925 2942/2942/2942 2940/2940/2940
f 2926/2926/2926 2925/2925/2925 2940/2940/2940
f 2943/2943/2943 2941/2941/2941 2942/2942/2942
f 2944/2944/2944 2943/2943/2943 2942/2942/2942
f 2924/2924/2924 2944/2944/2944 2942/2942/2942
f 2925/2925/2925 2924/2924/2924 2942/2942/2942
f 2945/2945/2945 2943/2943/2943 2944/2944/2944
f 2946/2946/2946 2945/2945/2945 2944/2944/2944
f 2923/2923/2923 2946/2946/2946 2944/2944/2944
f 2924/2924/2924 2923/2923/2923 2944/2944/2944
f 2947/2947/2947 2945/2945/2945 2946/2946/2946
f 2948/2948/2948 2947/2947/2947 2946/2946/2946
f 2922/2922/2922 2948/2948/2948 2946/2946/2946
f 2923/2923/2923 2922/2922/2922 2946/2946/2946
f 2949/2949/2949 2947/2947/2947 2948/2948/2948
f 2950/2950/2950 2949/2949/2949 2948/2948/2948
f 2921/2921/2921 2950/2950/2950 2948/2948/2948
f 2922/2922/2922 2921/2921/2921 2948/2948/2948
f 2951/2951/2951 2949/2949/2949 2950/2950/2950
f 2952/2952/2952 2951/2951/2951 2950/2950/2950
f 2920/2920/2920 2952/2952/2952 2950/2950/2950
f 2921/2921/2921 2920/2920/2920 2950/2950/2950
f 2953/2953/2953 2951/2951/2951 2952/2952/2952
f 2954/2954/2954 2953/2953/2953 2952/2952/2952
f 2919/2919/2919 2954/2954/2954 2952/2952/2952
f 2920/2920/2920 2919/2919/2919 2952/2952/2952
f 2955/2955/2955 2953/2953/2953 2954/2954/2954
f 2956/2956/2956 2955/2955/2955 2954/2954/2954
f 2918/2918/2918 2956/2956/2956 2954/2954/2954
f 2919/2919/2919 2918/2918/2918 2954/2954/2954
f 2908/2908/2908 2955/2955/2955 2956/2956/2956
f 2957/2957/2957 2908/2908/2908 2956/2956/2956
f 2917/2917/2917 2957/2957/2957 2956/2956/2956
f 2918/2918/2918 2917/2917/2917 2956/2956/2956
f 2909/2909/2909 2908/2908/2908 2957/2957/2957
f 2911/2911/2911 2909/2909/2909 2957/2957/2957
f 2916/2916/2916 2911/2911/2911 2957/2957/2957
f 2917/2917/2917 2916/2916/2916 2957/2957/2957
f 2908/2908/2908 2906/2906/2906 2955/2955/2955
f 2906/2906/2906 2905/2905/2905 2955/2955/2955
f 2958/2958/2958 2953/2953/2953 2955/2955/2955
f 2905/2905/2905 2958/2958/2958 2955/2955/2955
f 2905/2905/2905 2903/2903/2903 2958/2958/2958
f 2903/2903/2903 2902/2902/2902 2958/2958/2958
f 2902/2902/2902 2959/2959/2959 2958/2958/2958
f 2959/2959/2959 2960/2960/2960 2958/2958/2958
f 2960/2960/2960 2951/2951/2951 2958/2958/2958
f 2951/2951/2951 2953/2953/2953 2958/2958/2958
f 2902/2902/2902 2900/2900/2900 2959/2959/2959
f 2900/2900/2900 2899/2899/2899 2959/2959/2959
f 2961/2961/2961 2960/2960/2960 2959/2959/2959
f 2951/2951/2951 2960/2960/2960 2961/2961/2961
f 2962/2962/2962 2961/2961/2961 2959/2959/2959
f 2963/2963/2963 2962/2962/2962 2959/2959/2959
f 2899/2899/2899 2963/2963/2963 2959/2959/2959
f 2899/2899/2899 2897/2897/2897 2963/2963/2963
f 2897/2897/2897 2896/2896/2896 2963/2963/2963
f 2964/2964/2964 2962/2962/2962 2963/2963/2963
f 2965/2965/2965 2964/2964/2964 2963/2963/2963
f 2966/2966/2966 2965/2965/2965 2963/2963/2963
f 2896/2896/2896 2966/2966/2966 2963/2963/2963
f 2896/2896/2896 2894/2894/2894 2966/2966/2966
f 2894/2894/2894 2892/2892/2892 2966/2966/2966
f 2967/2967/2967 2965/2965/2965 2966/2966/2966
f 2968/2968/2968 2967/2967/2967 2966/2966/2966
f 2890/2890/2890 2968/2968/2968 2966/2966/2966
f 2892/2892/2892 2890/2890/2890 2966/2966/2966
f 2969/2969/2969 2967/2967/2967 2968/2968/2968
f 2970/2970/2970 2969/2969/2969 2968/2968/2968
f 2889/2889/2889 2970/2970/2970 2968/2968/2968
f 2890/2890/2890 2889/2889/2889 2968/2968/2968
f 2971/2971/2971 2969/2969/2969 2970/2970/2970
f 2972/2972/2972 2971/2971/2971 2970/2970/2970
f 2973/2973/2973 2972/2972/2972 2970/2970/2970
f 2889/2889/2889 2973/2973/2973 2970/2970/2970
f 2889/2889/2889 2887/2887/2887 2973/2973/2973
f 2887/2887/2887 2886/2886/2886 2973/2973/2973
f 2974/2974/2974 2972/2972/2972 2973/2973/2973
f 2975/2975/2975 2974/2974/2974 2973/2973/2973
f 2976/2976/2976 2975/2975/2975 2973/2973/2973
f 2886/2886/2886 2976/2976/2976 2973/2973/2973
f 2886/2886/2886 2884/2884/2884 2976/2976/2976
f 2884/2884/2884 2883/2883/2883 2976/2976/2976
f 2977/2977/2977 2975/2975/2975 2976/2976/2976
f 2978/2978/2978 2977/2977/2977 2976/2976/2976
f 2979/2979/2979 2978/2978/2978 2976/2976/2976
f 2883/2883/2883 2979/2979/2979 2976/2976/2976
f 2883/2883/2883 2881/2881/2881 2979/2979/2979
f 2881/2881/2881 2880/2880/2880 2979/2979/2979
f 2980/2980/2980 2978/2978/2978 2979/2979/2979
f 2981/2981/2981 2980/2980/2980 2979/2979/2979
f 2982/2982/2982 2981/2981/2981 2979/2979/2979
f 2880/2880/2880 2982/2982/2982 2979/2979/2979
f 2880/2880/2880 2878/2878/2878 2982/2982/2982
f 2878/2878/2878 2877/2877/2877 2982/2982/2982
f 2983/2983/2983 2981/2981/2981 2982/2982/2982
f 2984/2984/2984 2983/2983/2983 2982/2982/2982
f 2985/2985/2985 2984/2984/2984 2982/2982/2982
f 2877/2877/2877 2985/2985/2985 2982/2982/2982
f 2877/2877/2877 2875/2875/2875 2985/2985/2985
f 2875/2875/2875 2874/2874/2874 2985/2985/2985
f 2986/2986/2986 2984/2984/2984 2985/2985/2985
f 2987/2987/2987 2986/2986/2986 2985/2985/2985
f 2986/2986/2986 2987/2987/2987 2988/2988/2988
f 2987/2987/2987 2989/2989/2989 2988/2988/2988
f 2989/2989/2989 2990/2990/2990 2988/2988/2988
f 2990/2990/2990 2991/2991/2991 2988/2988/2988
f 2992/2992/2992 2986/2986/2986 2988/2988/2988
f 2992/2992/2992 2983/2983/2983 2984/2984/2984
f 2986/2986/2986 2992/2992/2992 2984/2984/2984
f 2993/2993/2993 2992/2992/2992 2988/2988/2988
f 2994/2994/2994 2993/2993/2993 2988/2988/2988
f 2995/2995/2995 2994/2994/2994 2988/2988/2988
f 2996/2996/2996 2995/2995/2995 2988/2988/2988
f 2991/2991/2991 2996/2996/2996 2988/2988/2988
f 2991/2991/2991 2997/2997/2997 2996/2996/2996
f 2997/2997/2997 2998/2998/2998 2996/2996/2996
f 2999/2999/2999 2995/2995/2995 2996/2996/2996
f 2998/2998/2998 2999/2999/2999 2996/2996/2996
f 2989/2989/2989 2987/2987/2987 3000/3000/3000
f 3000/3000/3000 2987/2987/2987 2985/2985/2985
f 2874/2874/2874 3000/3000/3000 2985/2985/2985
f 2874/2874/2874 2872/2872/2872 3000/3000/3000
f 2872/2872/2872 2871/2871/2871 3000/3000/3000
f 3001/3001/3001 2989/2989/2989 3000/3000/3000
f 3002/3002/3002 3001/3001/3001 3000/3000/3000
f 2871/2871/2871 3002/3002/3002 3000/3000/3000
f 2871/2871/2871 2869/2869/2869 3002/3002/3002
f 2869/2869/2869 2867/2867/2867 3002/3002/3002
f 3003/3003/3003 3001/3001/3001 3002/3002/3002
f 3004/3004/3004 3003/3003/3003 3002/3002/3002
f 2865/2865/2865 3004/3004/3004 3002/3002/3002
f 2867/2867/2867 2865/2865/2865 3002/3002/3002
f 3005/3005/3005 3003/3003/3003 3004/3004/3004
f 3006/3006/3006 3005/3005/3005 3004/3004/3004
f 2864/2864/2864 3006/3006/3006 3004/3004/3004
f 2865/2865/2865 2864/2864/2864 3004/3004/3004
f 3007/3007/3007 3005/3005/3005 3006/3006/3006
f 3008/3008/3008 3007/3007/3007 3006/3006/3006
f 2858/2858/2858 3008/3008/3008 3006/3006/3006
f 2864/2864/2864 2858/2858/2858 3006/3006/3006
f 3009/3009/3009 3007/3007/3007 3008/3008/3008
f 3010/3010/3010 3009/3009/3009 3008/3008/3008
f 2857/2857/2857 3010/3010/3010 3008/3008/3008
f 2858/2858/2858 2857/2857/2857 3008/3008/3008
f 3011/3011/3011 3009/3009/3009 3010/3010/3010
f 2853/2853/2853 3011/3011/3011 3010/3010/3010
f 2854/2854/2854 2853/2853/2853 3010/3010/3010
f 2857/2857/2857 2854/2854/2854 3010/3010/3010
f 3012/3012/3012 3009/3009/3009 3011/3011/3011
f 3007/3007/3007 3009/3009/3009 3012/3012/3012
f 3013/3013/3013 3012/3012/3012 3011/3011/3011
f 3014/3014/3014 3013/3013/3013 3011/3011/3011
f 2850/2850/2850 3014/3014/3014 3011/3011/3011
f 2851/2851/2851 2850/2850/2850 3011/3011/3011
f 2853/2853/2853 2851/2851/2851 3011/3011/3011
f 3015/3015/3015 3013/3013/3013 3014/3014/3014
f 3016/3016/3016 3015/3015/3015 3014/3014/3014
f 3015/3015/3015 3016/3016/3016 3017/3017/3017
f 3016/3016/3016 3018/3018/3018 3017/3017/3017
f 3018/3018/3018 3019/3019/3019 3017/3017/3017
f 3019/3019/3019 3020/3020/3020 3017/3017/3017
f 3021/3021/3021 3015/3015/3015 3017/3017/3017
f 3021/3021/3021 3012/3012/3012 3013/3013/3013
f 3015/3015/3015 3021/3021/3021 3013/3013/3013
f 3022/3022/3022 3021/3021/3021 3017/3017/3017
f 3023/3023/3023 3016/3016/3016 3014/3014/3014
f 3024/3024/3024 3023/3023/3023 3014/3014/3014
f 2849/2849/2849 3024/3024/3024 3014/3014/3014
f 2850/2850/2850 2849/2849/2849 3014/3014/3014
f 3025/3025/3025 3023/3023/3023 3024/3024/3024
f 3026/3026/3026 3025/3025/3025 3024/3024/3024
f 2847/2847/2847 3026/3026/3026 3024/3024/3024
f 2849/2849/2849 2847/2847/2847 3024/3024/3024
f 3027/3027/3027 3025/3025/3025 3026/3026/3026
f 3028/3028/3028 3027/3027/3027 3026/3026/3026
f 2846/2846/2846 3028/3028/3028 3026/3026/3026
f 2847/2847/2847 2846/2846/2846 3026/3026/3026
f 3029/3029/3029 3027/3027/3027 3028/3028/3028
f 3030/3030/3030 3029/3029/3029 3028/3028/3028
f 3031/3031/3031 3030/3030/3030 3028/3028/3028
f 2846/2846/2846 3031/3031/3031 3028/3028/3028
f 2846/2846/2846 2844/2844/2844 3031/3031/3031
f 2844/2844/2844 2842/2842/2842 3031/3031/3031
f 3032/3032/3032 3030/3030/3030 3031/3031/3031
f 3033/3033/3033 3032/3032/3032 3031/3031/3031
f 3032/3032/3032 3033/3033/3033 3034/3034/3034
f 3034/3034/3034 3033/3033/3033 2838/2838/2838
f 3033/3033/3033 2840/2840/2840 2838/2838/2838
f 2840/2840/2840 3033/3033/3033 3031/3031/3031
f 2842/2842/2842 2840/2840/2840 3031/3031/3031
f 2834/2834/2834 3034/3034/3034 2838/2838/2838
f 3035/3035/3035 3032/3032/3032 3034/3034/3034
f 2833/2833/2833 3035/3035/3035 3034/3034/3034
f 2834/2834/2834 2833/2833/2833 3034/3034/3034
f 3036/3036/3036 3032/3032/3032 3035/3035/3035
f 3036/3036/3036 3029/3029/3029 3030/3030/3030
f 3032/3032/3032 3036/3036/3036 3030/3030/3030
f 3037/3037/3037 3036/3036/3036 3035/3035/3035
f 2832/2832/2832 3037/3037/3037 3035/3035/3035
f 2833/2833/2833 2832/2832/2832 3035/3035/3035
f 3038/3038/3038 3036/3036/3036 3037/3037/3037
f 3039/3039/3039 3038/3038/3038 3037/3037/3037
f 2831/2831/2831 3039/3039/3039 3037/3037/3037
f 2832/2832/2832 2831/2831/2831 3037/3037/3037
f 3040/3040/3040 3038/3038/3038 3039/3039/3039
f 3041/3041/3041 3040/3040/3040 3039/3039/3039
f 2830/2830/2830 3041/3041/3041 3039/3039/3039
f 2831/2831/2831 2830/2830/2830 3039/3039/3039
f 3042/3042/3042 3040/3040/3040 3041/3041/3041
f 3043/3043/3043 3042/3042/3042 3041/3041/3041
f 2829/2829/2829 3043/3043/3043 3041/3041/3041
f 2830/2830/2830 2829/2829/2829 3041/3041/3041
f 3043/3043/3043 2829/2829/2829 2828/2828/2828
f 3044/3044/3044 3043/3043/3043 2828/2828/2828
f 3043/3043/3043 3044/3044/3044 3042/3042/3042
f 3045/3045/3045 3044/3044/3044 2828/2828/2828
f 2827/2827/2827 3045/3045/3045 2828/2828/2828
f 3046/3046/3046 3044/3044/3044 3045/3045/3045
f 3044/3044/3044 3046/3046/3046 3042/3042/3042
f 3047/3047/3047 3046/3046/3046 3045/3045/3045
f 3048/3048/3048 3047/3047/3047 3045/3045/3045
f 3049/3049/3049 3048/3048/3048 3045/3045/3045
f 2826/2826/2826 3049/3049/3049 3045/3045/3045
f 2827/2827/2827 2826/2826/2826 3045/3045/3045
f 3050/3050/3050 3048/3048/3048 3049/3049/3049
f 3051/3051/3051 3050/3050/3050 3049/3049/3049
f 3052/3052/3052 3051/3051/3051 3049/3049/3049
f 2826/2826/2826 3052/3052/3052 3049/3049/3049
f 3053/3053/3053 3051/3051/3051 3052/3052/3052
f 3054/3054/3054 3053/3053/3053 3052/3052/3052
f 2302/2302/2302 3054/3054/3054 3052/3052/3052
f 2825/2825/2825 2302/2302/2302 3052/3052/3052
f 2821/2821/2821 2825/2825/2825 3052/3052/3052
f 2826/2826/2826 2821/2821/2821 3052/3052/3052
f 3055/3055/3055 3054/3054/3054 2302/2302/2302
f 2300/2300/2300 3055/3055/3055 2302/2302/2302
f 3056/3056/3056 3055/3055/3055 2300/2300/2300
f 2298/2298/2298 3056/3056/3056 2300/2300/2300
f 3057/3057/3057 3056/3056/3056 2298/2298/2298
f 2296/2296/2296 3057/3057/3057 2298/2298/2298
f 3058/3058/3058 3057/3057/3057 2296/2296/2296
f 2294/2294/2294 3058/3058/3058 2296/2296/2296
f 3059/3059/3059 3058/3058/3058 2294/2294/2294
f 2292/2292/2292 3059/3059/3059 2294/2294/2294
f 3060/3060/3060 3059/3059/3059 2292/2292/2292
f 2291/2291/2291 3060/3060/3060 2292/2292/2292
f 3061/3061/3061 3060/3060/3060 2291/2291/2291
f 3062/3062/3062 3061/3061/3061 2291/2291/2291
f 2288/2288/2288 3062/3062/3062 2291/2291/2291
f 2288/2288/2288 3063/3063/3063 3062/3062/3062
f 3063/3063/3063 3064/3064/3064 3062/3062/3062
f 3064/3064/3064 3063/3063/3063 3065/3065/3065
f 3063/3063/3063 3066/3066/3066 3065/3065/3065
f 2285/2285/2285 3063/3063/3063 2288/2288/2288
f 3066/3066/3066 3063/3063/3063 2285/2285/2285
f 3067/3067/3067 3066/3066/3066 2285/2285/2285
f 2283/2283/2283 3067/3067/3067 2285/2285/2285
f 2283/2283/2283 2284/2284/2284 3067/3067/3067
f 2284/2284/2284 3068/3068/3068 3067/3067/3067
f 3069/3069/3069 3066/3066/3066 3067/3067/3067
f 3068/3068/3068 3069/3069/3069 3067/3067/3067
f 3065/3065/3065 3066/3066/3066 3069/3069/3069
f 3070/3070/3070 3065/3065/3065 3069/3069/3069
f 3071/3071/3071 3064/3064/3064 3065/3065/3065
f 3071/3071/3071 3061/3061/3061 3062/3062/3062
f 3064/3064/3064 3071/3071/3071 3062/3062/3062
f 3072/3072/3072 3071/3071/3071 3065/3065/3065
f 3071/3071/3071 3073/3073/3073 3061/3061/3061
f 3071/3071/3071 3072/3072/3072 3073/3073/3073
f 3072/3072/3072 3074/3074/3074 3073/3073/3073
f 3074/3074/3074 3075/3075/3075 3073/3073/3073
f 3075/3075/3075 3076/3076/3076 3073/3073/3073
f 3076/3076/3076 3075/3075/3075 3077/3077/3077
f 3078/3078/3078 3076/3076/3076 3077/3077/3077
f 3079/3079/3079 3078/3078/3078 3077/3077/3077
f 3080/3080/3080 3079/3079/3079 3077/3077/3077
f 3081/3081/3081 3080/3080/3080 3077/3077/3077
f 3075/3075/3075 3081/3081/3081 3077/3077/3077
f 3081/3081/3081 3075/3075/3075 3074/3074/3074
f 3076/3076/3076 3082/3082/3082 3073/3073/3073
f 3082/3082/3082 3083/3083/3083 3073/3073/3073
f 3073/3073/3073 3083/3083/3083 3061/3061/3061
f 3083/3083/3083 3084/3084/3084 3061/3061/3061
f 3084/3084/3084 3060/3060/3060 3061/3061/3061
f 3085/3085/3085 3081/3081/3081 3074/3074/3074
f 3086/3086/3086 3085/3085/3085 3074/3074/3074
f 3072/3072/3072 3086/3086/3086 3074/3074/3074
f 3072/3072/3072 3065/3065/3065 3086/3086/3086
f 3065/3065/3065 3087/3087/3087 3086/3086/3086
f 3060/3060/3060 3084/3084/3084 3088/3088/3088
f 3084/3084/3084 3089/3089/3089 3088/3088/3088
f 3083/3083/3083 3082/3082/3082 3089/3089/3089
f 3084/3084/3084 3083/3083/3083 3089/3089/3089
f 3089/3089/3089 3090/3090/3090 3088/3088/3088
f 3088/3088/3088 3090/3090/3090 3091/3091/3091
f 3090/3090/3090 3092/3092/3092 3091/3091/3091
f 3091/3091/3091 3092/3092/3092 3093/3093/3093
f 3092/3092/3092 3094/3094/3094 3093/3093/3093
f 3093/3093/3093 3094/3094/3094 3095/3095/3095
f 3094/3094/3094 3096/3096/3096 3095/3095/3095
f 3095/3095/3095 3096/3096/3096 3097/3097/3097
f 3096/3096/3096 3098/3098/3098 3097/3097/3097
f 3097/3097/3097 3098/3098/3098 3099/3099/3099
f 3098/3098/3098 3100/3100/3100 3099/3099/3099
f 3100/3100/3100 3101/3101/3101 3099/3099/3099
f 3099/3099/3099 3101/3101/3101 3102/3102/3102
f 3102/3102/3102 3101/3101/3101 3103/3103/3103
f 3101/3101/3101 3104/3104/3104 3103/3103/3103
f 3105/3105/3105 3102/3102/3102 3103/3103/3103
f 3106/3106/3106 3105/3105/3105 3103/3103/3103
f 3105/3105/3105 3106/3106/3106 3107/3107/3107
f 3108/3108/3108 3105/3105/3105 3107/3107/3107
f 3109/3109/3109 3108/3108/3108 3107/3107/3107
f 3110/3110/3110 3109/3109/3109 3107/3107/3107
f 3111/3111/3111 3110/3110/3110 3107/3107/3107
f 3112/3112/3112 3111/3111/3111 3107/3107/3107
f 3109/3109/3109 3110/3110/3110 3113/3113/3113
f 3109/3109/3109 3113/3113/3113 3042/3042/3042
f 3113/3113/3113 3114/3114/3114 3042/3042/3042
f 3114/3114/3114 3040/3040/3040 3042/3042/3042
f 3046/3046/3046 3109/3109/3109 3042/3042/3042
f 3115/3115/3115 3114/3114/3114 3113/3113/3113
f 3116/3116/3116 3115/3115/3115 3113/3113/3113
f 3110/3110/3110 3116/3116/3116 3113/3113/3113
f 3110/3110/3110 3111/3111/3111 3116/3116/3116
f 3117/3117/3117 3115/3115/3115 3116/3116/3116
f 3118/3118/3118 3117/3117/3117 3116/3116/3116
f 3111/3111/3111 3118/3118/3118 3116/3116/3116
f 3119/3119/3119 3117/3117/3117 3118/3118/3118
f 3120/3120/3120 3119/3119/3119 3118/3118/3118
f 3121/3121/3121 3120/3120/3120 3118/3118/3118
f 3111/3111/3111 3121/3121/3121 3118/3118/3118
f 3111/3111/3111 3112/3112/3112 3121/3121/3121
f 3122/3122/3122 3120/3120/3120 3121/3121/3121
f 3119/3119/3119 3120/3120/3120 3122/3122/3122
f 3123/3123/3123 3122/3122/3122 3121/3121/3121
f 3124/3124/3124 3123/3123/3123 3121/3121/3121
f 3125/3125/3125 3124/3124/3124 3121/3121/3121
f 3112/3112/3112 3125/3125/3125 3121/3121/3121
f 3114/3114/3114 3115/3115/3115 3126/3126/3126
f 3040/3040/3040 3114/3114/3114 3126/3126/3126
f 3115/3115/3115 3127/3127/3127 3126/3126/3126
f 3115/3115/3115 3117/3117/3117 3127/3127/3127
f 3126/3126/3126 3127/3127/3127 3029/3029/3029
f 3127/3127/3127 3027/3027/3027 3029/3029/3029
f 3038/3038/3038 3126/3126/3126 3029/3029/3029
f 3036/3036/3036 3038/3038/3038 3029/3029/3029
f 3038/3038/3038 3040/3040/3040 3126/3126/3126
f 3025/3025/3025 3027/3027/3027 3127/3127/3127
f 3128/3128/3128 3025/3025/3025 3127/3127/3127
f 3117/3117/3117 3128/3128/3128 3127/3127/3127
f 3023/3023/3023 3025/3025/3025 3128/3128/3128
f 3129/3129/3129 3023/3023/3023 3128/3128/3128
f 3119/3119/3119 3129/3129/3129 3128/3128/3128
f 3117/3117/3117 3119/3119/3119 3128/3128/3128
f 3016/3016/3016 3023/3023/3023 3129/3129/3129
f 3018/3018/3018 3016/3016/3016 3129/3129/3129
f 3019/3019/3019 3018/3018/3018 3129/3129/3129
f 3119/3119/3119 3019/3019/3019 3129/3129/3129
f 3019/3019/3019 3119/3119/3119 3122/3122/3122
f 3019/3019/3019 3122/3122/3122 3130/3130/3130
f 3020/3020/3020 3019/3019/3019 3130/3130/3130
f 3020/3020/3020 3130/3130/3130 3131/3131/3131
f 3020/3020/3020 3131/3131/3131 3132/3132/3132
f 3131/3131/3131 3133/3133/3133 3132/3132/3132
f 3133/3133/3133 3134/3134/3134 3132/3132/3132
f 3132/3132/3132 3134/3134/3134 3135/3135/3135
f 3134/3134/3134 3136/3136/3136 3135/3135/3135
f 3136/3136/3136 3137/3137/3137 3135/3135/3135
f 3137/3137/3137 3138/3138/3138 3135/3135/3135
f 3135/3135/3135 3138/3138/3138 3139/3139/3139
f 3138/3138/3138 2999/2999/2999 3139/3139/3139
f 2999/2999/2999 2998/2998/2998 3139/3139/3139
f 3139/3139/3139 2998/2998/2998 3140/3140/3140
f 2998/2998/2998 2997/2997/2997 3140/3140/3140
f 2997/2997/2997 3141/3141/3141 3140/3140/3140
f 3141/3141/3141 3142/3142/3142 3140/3140/3140
f 3140/3140/3140 3142/3142/3142 3012/3012/3012
f 3142/3142/3142 3007/3007/3007 3012/3012/3012
f 3007/3007/3007 3142/3142/3142 3141/3141/3141
f 3021/3021/3021 3140/3140/3140 3012/3012/3012
f 3022/3022/3022 3139/3139/3139 3140/3140/3140
f 3021/3021/3021 3022/3022/3022 3140/3140/3140
f 3022/3022/3022 3135/3135/3135 3139/3139/3139
f 3022/3022/3022 3017/3017/3017 3135/3135/3135
f 3017/3017/3017 3132/3132/3132 3135/3135/3135
f 3017/3017/3017 3020/3020/3020 3132/3132/3132
f 3138/3138/3138 3137/3137/3137 3143/3143/3143
f 2999/2999/2999 3138/3138/3138 3143/3143/3143
f 2995/2995/2995 2999/2999/2999 3143/3143/3143
f 2994/2994/2994 2995/2995/2995 3143/3143/3143
f 2994/2994/2994 3143/3143/3143 3144/3144/3144
f 2994/2994/2994 3144/3144/3144 3145/3145/3145
f 3144/3144/3144 3146/3146/3146 3145/3145/3145
f 3146/3146/3146 3147/3147/3147 3145/3145/3145
f 3145/3145/3145 3147/3147/3147 3148/3148/3148
f 3147/3147/3147 3149/3149/3149 3148/3148/3148
f 2993/2993/2993 3145/3145/3145 3148/3148/3148
f 2993/2993/2993 2994/2994/2994 3145/3145/3145
f 2992/2992/2992 2993/2993/2993 3148/3148/3148
f 2992/2992/2992 3148/3148/3148 3150/3150/3150
f 3148/3148/3148 3151/3151/3151 3150/3150/3150
f 3151/3151/3151 3152/3152/3152 3150/3150/3150
f 3150/3150/3150 3152/3152/3152 3153/3153/3153
f 3152/3152/3152 3154/3154/3154 3153/3153/3153
f 3154/3154/3154 3155/3155/3155 3153/3153/3153
f 3153/3153/3153 3155/3155/3155 3156/3156/3156
f 3155/3155/3155 3157/3157/3157 3156/3156/3156
f 3157/3157/3157 3158/3158/3158 3156/3156/3156
f 3156/3156/3156 3158/3158/3158 3159/3159/3159
f 3158/3158/3158 3160/3160/3160 3159/3159/3159
f 3160/3160/3160 3158/3158/3158 3157/3157/3157
f 3160/3160/3160 3161/3161/3161 3159/3159/3159
f 3161/3161/3161 3160/3160/3160 3162/3162/3162
f 3162/3162/3162 3160/3160/3160 3163/3163/3163
f 3160/3160/3160 3164/3164/3164 3163/3163/3163
f 3164/3164/3164 3160/3160/3160 3157/3157/3157
f 3163/3163/3163 3164/3164/3164 3165/3165/3165
f 3164/3164/3164 3166/3166/3166 3165/3165/3165
f 3165/3165/3165 3166/3166/3166 3167/3167/3167
f 3166/3166/3166 3168/3168/3168 3167/3167/3167
f 2933/2933/2933 3165/3165/3165 3167/3167/3167
f 2934/2934/2934 2933/2933/2933 3167/3167/3167
f 2935/2935/2935 3163/3163/3163 3165/3165/3165
f 2933/2933/2933 2935/2935/2935 3165/3165/3165
f 2937/2937/2937 3162/3162/3162 3163/3163/3163
f 2935/2935/2935 2937/2937/2937 3163/3163/3163
f 3169/3169/3169 3161/3161/3161 3162/3162/3162
f 2939/2939/2939 3169/3169/3169 3162/3162/3162
f 2937/2937/2937 2939/2939/2939 3162/3162/3162
f 3170/3170/3170 3161/3161/3161 3169/3169/3169
f 3171/3171/3171 3170/3170/3170 3169/3169/3169
f 2941/2941/2941 3171/3171/3171 3169/3169/3169
f 2939/2939/2939 2941/2941/2941 3169/3169/3169
f 3172/3172/3172 3170/3170/3170 3171/3171/3171
f 3173/3173/3173 3172/3172/3172 3171/3171/3171
f 2943/2943/2943 3173/3173/3173 3171/3171/3171
f 2941/2941/2941 2943/2943/2943 3171/3171/3171
f 3174/3174/3174 3172/3172/3172 3173/3173/3173
f 3175/3175/3175 3174/3174/3174 3173/3173/3173
f 2945/2945/2945 3175/3175/3175 3173/3173/3173
f 2943/2943/2943 2945/2945/2945 3173/3173/3173
f 2964/2964/2964 3174/3174/3174 3175/3175/3175
f 3176/3176/3176 2964/2964/2964 3175/3175/3175
f 2947/2947/2947 3176/3176/3176 3175/3175/3175
f 2945/2945/2945 2947/2947/2947 3175/3175/3175
f 2962/2962/2962 2964/2964/2964 3176/3176/3176
f 2961/2961/2961 2962/2962/2962 3176/3176/3176
f 2949/2949/2949 2961/2961/2961 3176/3176/3176
f 2947/2947/2947 2949/2949/2949 3176/3176/3176
f 2964/2964/2964 2965/2965/2965 3174/3174/3174
f 2965/2965/2965 2967/2967/2967 3174/3174/3174
f 2969/2969/2969 3172/3172/3172 3174/3174/3174
f 2967/2967/2967 2969/2969/2969 3174/3174/3174
f 2969/2969/2969 2971/2971/2971 3172/3172/3172
f 2971/2971/2971 3170/3170/3170 3172/3172/3172
f 2971/2971/2971 3159/3159/3159 3170/3170/3170
f 3159/3159/3159 3161/3161/3161 3170/3170/3170
f 2971/2971/2971 2972/2972/2972 3159/3159/3159
f 2972/2972/2972 2974/2974/2974 3159/3159/3159
f 2974/2974/2974 3156/3156/3156 3159/3159/3159
f 2974/2974/2974 2975/2975/2975 3156/3156/3156
f 2975/2975/2975 2977/2977/2977 3156/3156/3156
f 2977/2977/2977 3153/3153/3153 3156/3156/3156
f 2977/2977/2977 2978/2978/2978 3153/3153/3153
f 2978/2978/2978 2980/2980/2980 3153/3153/3153
f 2980/2980/2980 3150/3150/3150 3153/3153/3153
f 2980/2980/2980 2981/2981/2981 3150/3150/3150
f 2981/2981/2981 2983/2983/2983 3150/3150/3150
f 2983/2983/2983 2992/2992/2992 3150/3150/3150
f 3179/3179/3179 3178/3178/3178 3177/3177/3177
f 3180/3180/3180 3179/3179/3179 3177/3177/3177
f 3178/3178/3178 3181/3181/3181 3177/3177/3177
f 3181/3181/3181 3182/3182/3182 3177/3177/3177
f 3178/3178/3178 3183/3183/3183 3181/3181/3181
f 3183/3183/3183 3184/3184/3184 3181/3181/3181
f 3183/3183/3183 3185/3185/3185 3184/3184/3184
f 3185/3185/3185 3186/3186/3186 3184/3184/3184
f 3185/3185/3185 3187/3187/3187 3186/3186/3186
f 3187/3187/3187 3188/3188/3188 3186/3186/3186
f 3187/3187/3187 3189/3189/3189 3188/3188/3188
f 3189/3189/3189 3190/3190/3190 3188/3188/3188
f 3189/3189/3189 3191/3191/3191 3190/3190/3190
f 3191/3191/3191 3192/3192/3192 3190/3190/3190
f 3191/3191/3191 3193/3193/3193 3192/3192/3192
f 3193/3193/3193 3194/3194/3194 3192/3192/3192
f 3193/3193/3193 3195/3195/3195 3194/3194/3194
f 3195/3195/3195 3196/3196/3196 3194/3194/3194
f 3195/3195/3195 3197/3197/3197 3196/3196/3196
f 3197/3197/3197 3198/3198/3198 3196/3196/3196
f 3197/3197/3197 3199/3199/3199 3198/3198/3198
f 3199/3199/3199 3200/3200/3200 3198/3198/3198
f 3187/3187/3187 3185/3185/3185 3201/3201/3201
f 3201/3201/3201 3185/3185/3185 3202/3202/3202
f 3203/3203/3203 3201/3201/3201 3202/3202/3202
f 3204/3204/3204 3203/3203/3203 3202/3202/3202
f 3204/3204/3204 3202/3202/3202 3205/3205/3205
f 3204/3204/3204 3205/3205/3205 3206/3206/3206
f 3207/3207/3207 3204/3204/3204 3206/3206/3206
f 3207/3207/3207 3206/3206/3206 3208/3208/3208
f 3209/3209/3209 3207/3207/3207 3208/3208/3208
f 3210/3210/3210 3209/3209/3209 3208/3208/3208
f 3211/3211/3211 3210/3210/3210 3208/3208/3208
f 3211/3211/3211 3208/3208/3208 3212/3212/3212
f 3213/3213/3213 3211/3211/3211 3212/3212/3212
f 3214/3214/3214 3213/3213/3213 3212/3212/3212
f 3208/3208/3208 3215/3215/3215 3212/3212/3212
f 3216/3216/3216 3215/3215/3215 3208/3208/3208
f 3206/3206/3206 3216/3216/3216 3208/3208/3208
f 3217/3217/3217 3216/3216/3216 3206/3206/3206
f 3205/3205/3205 3217/3217/3217 3206/3206/3206
f 3202/3202/3202 3179/3179/3179 3205/3205/3205
f 3180/3180/3180 3217/3217/3217 3205/3205/3205
f 3179/3179/3179 3180/3180/3180 3205/3205/3205
f 3178/3178/3178 3179/3179/3179 3202/3202/3202
f 3183/3183/3183 3178/3178/3178 3202/3202/3202
f 3185/3185/3185 3183/3183/3183 3202/3202/3202
f 3213/3213/3213 3214/3214/3214 3218/3218/3218
f 3219/3219/3219 3213/3213/3213 3218/3218/3218
f 3220/3220/3220 3219/3219/3219 3218/3218/3218
f 3221/3221/3221 3220/3220/3220 3218/3218/3218
f 3220/3220/3220 3222/3222/3222 3219/3219/3219
f 3222/3222/3222 3223/3223/3223 3219/3219/3219
f 3223/3223/3223 3224/3224/3224 3219/3219/3219
f 3224/3224/3224 3213/3213/3213 3219/3219/3219
f 3223/3223/3223 3225/3225/3225 3224/3224/3224
f 3225/3225/3225 3226/3226/3226 3224/3224/3224
f 3226/3226/3226 3227/3227/3227 3224/3224/3224
f 3227/3227/3227 3210/3210/3210 3224/3224/3224
f 3211/3211/3211 3213/3213/3213 3224/3224/3224
f 3210/3210/3210 3211/3211/3211 3224/3224/3224
f 3226/3226/3226 3228/3228/3228 3227/3227/3227
f 3228/3228/3228 3229/3229/3229 3227/3227/3227
f 3229/3229/3229 3230/3230/3230 3227/3227/3227
f 3230/3230/3230 3231/3231/3231 3227/3227/3227
f 3209/3209/3209 3210/3210/3210 3227/3227/3227
f 3231/3231/3231 3209/3209/3209 3227/3227/3227
f 3230/3230/3230 3232/3232/3232 3231/3231/3231
f 3232/3232/3232 3233/3233/3233 3231/3231/3231
f 3207/3207/3207 3209/3209/3209 3231/3231/3231
f 3233/3233/3233 3207/3207/3207 3231/3231/3231
f 3232/3232/3232 3234/3234/3234 3233/3233/3233
f 3234/3234/3234 3203/3203/3203 3233/3233/3233
f 3203/3203/3203 3234/3234/3234 3201/3201/3201
f 3234/3234/3234 3235/3235/3235 3201/3201/3201
f 3235/3235/3235 3187/3187/3187 3201/3201/3201
f 3234/3234/3234 3236/3236/3236 3235/3235/3235
f 3236/3236/3236 3234/3234/3234 3232/3232/3232
f 3236/3236/3236 3237/3237/3237 3235/3235/3235
f 3189/3189/3189 3187/3187/3187 3235/3235/3235
f 3237/3237/3237 3189/3189/3189 3235/3235/3235
f 3236/3236/3236 3238/3238/3238 3237/3237/3237
f 3238/3238/3238 3239/3239/3239 3237/3237/3237
f 3191/3191/3191 3189/3189/3189 3237/3237/3237
f 3239/3239/3239 3191/3191/3191 3237/3237/3237
f 3238/3238/3238 3240/3240/3240 3239/3239/3239
f 3240/3240/3240 3241/3241/3241 3239/3239/3239
f 3193/3193/3193 3191/3191/3191 3239/3239/3239
f 3241/3241/3241 3193/3193/3193 3239/3239/3239
f 3240/3240/3240 3242/3242/3242 3241/3241/3241
f 3242/3242/3242 3243/3243/3243 3241/3241/3241
f 3195/3195/3195 3193/3193/3193 3241/3241/3241
f 3243/3243/3243 3195/3195/3195 3241/3241/3241
f 3242/3242/3242 3244/3244/3244 3243/3243/3243
f 3244/3244/3244 3245/3245/3245 3243/3243/3243
f 3197/3197/3197 3195/3195/3195 3243/3243/3243
f 3245/3245/3245 3197/3197/3197 3243/3243/3243
f 3244/3244/3244 3246/3246/3246 3245/3245/3245
f 3246/3246/3246 3247/3247/3247 3245/3245/3245
f 3199/3199/3199 3197/3197/3197 3245/3245/3245
f 3247/3247/3247 3199/3199/3199 3245/3245/3245
f 3240/3240/3240 3238/3238/3238 3248/3248/3248
f 3248/3248/3248 3238/3238/3238 3249/3249/3249
f 3250/3250/3250 3248/3248/3248 3249/3249/3249
f 3251/3251/3251 3250/3250/3250 3249/3249/3249
f 3251/3251/3251 3249/3249/3249 3232/3232/3232
f 3230/3230/3230 3251/3251/3251 3232/3232/3232
f 3249/3249/3249 3236/3236/3236 3232/3232/3232
f 3238/3238/3238 3236/3236/3236 3249/3249/3249
f 3250/3250/3250 3252/3252/3252 3248/3248/3248
f 3252/3252/3252 3253/3253/3253 3248/3248/3248
f 3253/3253/3253 3240/3240/3240 3248/3248/3248
f 3252/3252/3252 3254/3254/3254 3253/3253/3253
f 3254/3254/3254 3255/3255/3255 3253/3253/3253
f 3242/3242/3242 3240/3240/3240 3253/3253/3253
f 3255/3255/3255 3242/3242/3242 3253/3253/3253
f 3254/3254/3254 3256/3256/3256 3255/3255/3255
f 3256/3256/3256 3257/3257/3257 3255/3255/3255
f 3244/3244/3244 3242/3242/3242 3255/3255/3255
f 3257/3257/3257 3244/3244/3244 3255/3255/3255
f 3256/3256/3256 3258/3258/3258 3257/3257/3257
f 3258/3258/3258 3259/3259/3259 3257/3257/3257
f 3246/3246/3246 3244/3244/3244 3257/3257/3257
f 3259/3259/3259 3246/3246/3246 3257/3257/3257
f 3251/3251/3251 3230/3230/3230 3260/3260/3260
f 3250/3250/3250 3251/3251/3251 3260/3260/3260
f 3261/3261/3261 3250/3250/3250 3260/3260/3260
f 3252/3252/3252 3250/3250/3250 3261/3261/3261
f 3261/3261/3261 3260/3260/3260 3262/3262/3262
f 3263/3263/3263 3261/3261/3261 3262/3262/3262
f 3264/3264/3264 3263/3263/3263 3262/3262/3262
f 3265/3265/3265 3264/3264/3264 3262/3262/3262
f 3264/3264/3264 3265/3265/3265 3266/3266/3266
f 3267/3267/3267 3264/3264/3264 3266/3266/3266
f 3268/3268/3268 3267/3267/3267 3266/3266/3266
f 3267/3267/3267 3268/3268/3268 3269/3269/3269
f 3270/3270/3270 3267/3267/3267 3269/3269/3269
f 3270/3270/3270 3269/3269/3269 3271/3271/3271
f 3272/3272/3272 3270/3270/3270 3271/3271/3271
f 3272/3272/3272 3271/3271/3271 3273/3273/3273
f 3274/3274/3274 3272/3272/3272 3273/3273/3273
f 3271/3271/3271 2465/2465/2465 3273/3273/3273
f 2465/2465/2465 2464/2464/2464 3273/3273/3273
f 3273/3273/3273 2464/2464/2464 3275/3275/3275
f 3276/3276/3276 3273/3273/3273 3275/3275/3275
f 3277/3277/3277 3276/3276/3276 3275/3275/3275
f 3277/3277/3277 3275/3275/3275 3278/3278/3278
f 3279/3279/3279 3277/3277/3277 3278/3278/3278
f 3280/3280/3280 3279/3279/3279 3278/3278/3278
f 3280/3280/3280 3278/3278/3278 3281/3281/3281
f 3282/3282/3282 3280/3280/3280 3281/3281/3281
f 3283/3283/3283 3282/3282/3282 3281/3281/3281
f 3283/3283/3283 3281/3281/3281 3284/3284/3284
f 3285/3285/3285 3283/3283/3283 3284/3284/3284
f 3283/3283/3283 3285/3285/3285 3282/3282/3282
f 3286/3286/3286 3285/3285/3285 3284/3284/3284
f 3285/3285/3285 3286/3286/3286 3287/3287/3287
f 3285/3285/3285 3287/3287/3287 3288/3288/3288
f 3289/3289/3289 3285/3285/3285 3288/3288/3288
f 3285/3285/3285 3289/3289/3289 3282/3282/3282
f 3289/3289/3289 3288/3288/3288 3290/3290/3290
f 3291/3291/3291 3289/3289/3289 3290/3290/3290
f 3291/3291/3291 3290/3290/3290 3292/3292/3292
f 3293/3293/3293 3291/3291/3291 3292/3292/3292
f 3290/3290/3290 2520/2520/2520 3292/3292/3292
f 2520/2520/2520 2522/2522/2522 3292/3292/3292
f 2518/2518/2518 2520/2520/2520 3290/3290/3290
f 3288/3288/3288 2518/2518/2518 3290/3290/3290
f 2516/2516/2516 2518/2518/2518 3288/3288/3288
f 3287/3287/3287 2516/2516/2516 3288/3288/3288
f 3286/3286/3286 3294/3294/3294 3287/3287/3287
f 2514/2514/2514 2516/2516/2516 3287/3287/3287
f 3294/3294/3294 2514/2514/2514 3287/3287/3287
f 3286/3286/3286 3295/3295/3295 3294/3294/3294
f 3295/3295/3295 3296/3296/3296 3294/3294/3294
f 2512/2512/2512 2514/2514/2514 3294/3294/3294
f 3296/3296/3296 2512/2512/2512 3294/3294/3294
f 3295/3295/3295 3297/3297/3297 3296/3296/3296
f 3297/3297/3297 3298/3298/3298 3296/3296/3296
f 2510/2510/2510 2512/2512/2512 3296/3296/3296
f 3298/3298/3298 2510/2510/2510 3296/3296/3296
f 3297/3297/3297 3299/3299/3299 3298/3298/3298
f 3299/3299/3299 3300/3300/3300 3298/3298/3298
f 2508/2508/2508 2510/2510/2510 3298/3298/3298
f 3300/3300/3300 2508/2508/2508 3298/3298/3298
f 3299/3299/3299 2494/2494/2494 3300/3300/3300
f 2494/2494/2494 3301/3301/3301 3300/3300/3300
f 2506/2506/2506 2508/2508/2508 3300/3300/3300
f 3301/3301/3301 2506/2506/2506 3300/3300/3300
f 2494/2494/2494 2495/2495/2495 3301/3301/3301
f 2495/2495/2495 2497/2497/2497 3301/3301/3301
f 2504/2504/2504 2506/2506/2506 3301/3301/3301
f 2497/2497/2497 2504/2504/2504 3301/3301/3301
f 2492/2492/2492 2494/2494/2494 3299/3299/3299
f 2490/2490/2490 2492/2492/2492 3299/3299/3299
f 2488/2488/2488 2490/2490/2490 3299/3299/3299
f 3297/3297/3297 2488/2488/2488 3299/3299/3299
f 2487/2487/2487 2488/2488/2488 3297/3297/3297
f 3295/3295/3295 2487/2487/2487 3297/3297/3297
f 3284/3284/3284 2487/2487/2487 3295/3295/3295
f 3286/3286/3286 3284/3284/3284 3295/3295/3295
f 2485/2485/2485 2487/2487/2487 3284/3284/3284
f 2484/2484/2484 2485/2485/2485 3284/3284/3284
f 3281/3281/3281 2484/2484/2484 3284/3284/3284
f 2482/2482/2482 2484/2484/2484 3281/3281/3281
f 2481/2481/2481 2482/2482/2482 3281/3281/3281
f 3278/3278/3278 2481/2481/2481 3281/3281/3281
f 2479/2479/2479 2481/2481/2481 3278/3278/3278
f 2478/2478/2478 2479/2479/2479 3278/3278/3278
f 3275/3275/3275 2478/2478/2478 3278/3278/3278
f 2476/2476/2476 2478/2478/2478 3275/3275/3275
f 2475/2475/2475 2476/2476/2476 3275/3275/3275
f 2464/2464/2464 2475/2475/2475 3275/3275/3275
f 2635/2635/2635 2634/2634/2634 2772/2772/2772
f 2639/2639/2639 2635/2635/2635 2772/2772/2772
f 2770/2770/2770 2639/2639/2639 2772/2772/2772
f 2640/2640/2640 2639/2639/2639 2770/2770/2770
f 2644/2644/2644 2640/2640/2640 2770/2770/2770
f 2653/2653/2653 2644/2644/2644 2770/2770/2770
f 2768/2768/2768 2653/2653/2653 2770/2770/2770
f 2655/2655/2655 2653/2653/2653 2768/2768/2768
f 2766/2766/2766 2655/2655/2655 2768/2768/2768
f 2661/2661/2661 2655/2655/2655 2766/2766/2766
f 2764/2764/2764 2661/2661/2661 2766/2766/2766
f 2662/2662/2662 2661/2661/2661 2764/2764/2764
f 2763/2763/2763 2662/2662/2662 2764/2764/2764
f 2663/2663/2663 2662/2662/2662 2763/2763/2763
f 2671/2671/2671 2663/2663/2663 2763/2763/2763
f 2760/2760/2760 2671/2671/2671 2763/2763/2763
f 2672/2672/2672 2671/2671/2671 2760/2760/2760
f 2674/2674/2674 2672/2672/2672 2760/2760/2760
f 2758/2758/2758 2674/2674/2674 2760/2760/2760
f 2675/2675/2675 2674/2674/2674 2758/2758/2758
f 3302/3302/3302 2675/2675/2675 2758/2758/2758
f 3303/3303/3303 3302/3302/3302 2758/2758/2758
f 2752/2752/2752 3303/3303/3303 2758/2758/2758
f 3303/3303/3303 3304/3304/3304 3302/3302/3302
f 3304/3304/3304 3305/3305/3305 3302/3302/3302
f 2676/2676/2676 2675/2675/2675 3302/3302/3302
f 3305/3305/3305 2676/2676/2676 3302/3302/3302
f 3304/3304/3304 3306/3306/3306 3305/3305/3305
f 3306/3306/3306 3307/3307/3307 3305/3305/3305
f 2678/2678/2678 2676/2676/2676 3305/3305/3305
f 3307/3307/3307 2678/2678/2678 3305/3305/3305
f 3306/3306/3306 3308/3308/3308 3307/3307/3307
f 3308/3308/3308 3309/3309/3309 3307/3307/3307
f 3310/3310/3310 2678/2678/2678 3307/3307/3307
f 3309/3309/3309 3310/3310/3310 3307/3307/3307
f 2679/2679/2679 2678/2678/2678 3310/3310/3310
f 2682/2682/2682 2679/2679/2679 3310/3310/3310
f 3309/3309/3309 2690/2690/2690 3310/3310/3310
f 2690/2690/2690 2688/2688/2688 3310/3310/3310
f 2684/2684/2684 2682/2682/2682 3310/3310/3310
f 2688/2688/2688 2684/2684/2684 3310/3310/3310
f 2692/2692/2692 2690/2690/2690 3309/3309/3309
f 3308/3308/3308 2692/2692/2692 3309/3309/3309
f 3306/3306/3306 3311/3311/3311 3308/3308/3308
f 3306/3306/3306 3304/3304/3304 3311/3311/3311
f 3311/3311/3311 3312/3312/3312 3308/3308/3308
f 2694/2694/2694 2692/2692/2692 3308/3308/3308
f 3312/3312/3312 2694/2694/2694 3308/3308/3308
f 3311/3311/3311 2702/2702/2702 3312/3312/3312
f 2702/2702/2702 2699/2699/2699 3312/3312/3312
f 2696/2696/2696 2694/2694/2694 3312/3312/3312
f 2699/2699/2699 2696/2696/2696 3312/3312/3312
f 2711/2711/2711 2702/2702/2702 3311/3311/3311
f 3313/3313/3313 2711/2711/2711 3311/3311/3311
f 3304/3304/3304 3313/3313/3313 3311/3311/3311
f 3304/3304/3304 3303/3303/3303 3313/3313/3313
f 3303/3303/3303 3314/3314/3314 3313/3313/3313
f 2713/2713/2713 2711/2711/2711 3313/3313/3313
f 3314/3314/3314 2713/2713/2713 3313/3313/3313
f 3303/3303/3303 2752/2752/2752 3314/3314/3314
f 2752/2752/2752 2753/2753/2753 3314/3314/3314
f 2754/2754/2754 2713/2713/2713 3314/3314/3314
f 2753/2753/2753 2754/2754/2754 3314/3314/3314
f 2713/2713/2713 2754/2754/2754 2716/2716/2716
f 2716/2716/2716 2754/2754/2754 3315/3315/3315
f 2754/2754/2754 2755/2755/2755 3315/3315/3315
f 3315/3315/3315 2755/2755/2755 3316/3316/3316
f 3316/3316/3316 2755/2755/2755 3317/3317/3317
f 3318/3318/3318 3316/3316/3316 3317/3317/3317
f 3319/3319/3319 3318/3318/3318 3317/3317/3317
f 3319/3319/3319 3317/3317/3317 3320/3320/3320
f 3321/3321/3321 3319/3319/3319 3320/3320/3320
f 3322/3322/3322 3321/3321/3321 3320/3320/3320
f 3323/3323/3323 3322/3322/3322 3320/3320/3320
f 3323/3323/3323 3320/3320/3320 3324/3324/3324
f 2471/2471/2471 3323/3323/3323 3324/3324/3324
f 2470/2470/2470 2471/2471/2471 3324/3324/3324
f 2470/2470/2470 3324/3324/3324 3325/3325/3325
f 2469/2469/2469 2470/2470/2470 3325/3325/3325
f 3326/3326/3326 2469/2469/2469 3325/3325/3325
f 3327/3327/3327 3326/3326/3326 3325/3325/3325
f 3327/3327/3327 3325/3325/3325 2761/2761/2761
f 2765/2765/2765 3327/3327/3327 2761/2761/2761
f 3327/3327/3327 2765/2765/2765 3326/3326/3326
f 3325/3325/3325 2756/2756/2756 2761/2761/2761
f 2757/2757/2757 2756/2756/2756 3325/3325/3325
f 3324/3324/3324 2757/2757/2757 3325/3325/3325
f 3320/3320/3320 2757/2757/2757 3324/3324/3324
f 2750/2750/2750 2757/2757/2757 3320/3320/3320
f 3317/3317/3317 2750/2750/2750 3320/3320/3320
f 2755/2755/2755 2750/2750/2750 3317/3317/3317
f 3323/3323/3323 2471/2471/2471 3328/3328/3328
f 2471/2471/2471 2467/2467/2467 3328/3328/3328
f 2467/2467/2467 2466/2466/2466 3328/3328/3328
f 3328/3328/3328 2466/2466/2466 3269/3269/3269
f 3269/3269/3269 2466/2466/2466 3271/3271/3271
f 2466/2466/2466 2465/2465/2465 3271/3271/3271
f 3268/3268/3268 3328/3328/3328 3269/3269/3269
f 3268/3268/3268 3266/3266/3266 3328/3328/3328
f 3266/3266/3266 3322/3322/3322 3328/3328/3328
f 3322/3322/3322 3323/3323/3323 3328/3328/3328
f 3321/3321/3321 3322/3322/3322 3266/3266/3266
f 3329/3329/3329 3321/3321/3321 3266/3266/3266
f 3265/3265/3265 3329/3329/3329 3266/3266/3266
f 3265/3265/3265 3330/3330/3330 3329/3329/3329
f 3330/3330/3330 3331/3331/3331 3329/3329/3329
f 3319/3319/3319 3321/3321/3321 3329/3329/3329
f 3331/3331/3331 3319/3319/3319 3329/3329/3329
f 3330/3330/3330 3225/3225/3225 3331/3331/3331
f 3225/3225/3225 3332/3332/3332 3331/3331/3331
f 3318/3318/3318 3319/3319/3319 3331/3331/3331
f 3332/3332/3332 3318/3318/3318 3331/3331/3331
f 3225/3225/3225 3223/3223/3223 3332/3332/3332
f 3223/3223/3223 3222/3222/3222 3332/3332/3332
f 3333/3333/3333 3318/3318/3318 3332/3332/3332
f 3222/3222/3222 3333/3333/3333 3332/3332/3332
f 3318/3318/3318 3333/3333/3333 3316/3316/3316
f 3333/3333/3333 3334/3334/3334 3316/3316/3316
f 3334/3334/3334 3315/3315/3315 3316/3316/3316
f 3334/3334/3334 3335/3335/3335 3315/3315/3315
f 3335/3335/3335 3336/3336/3336 3315/3315/3315
f 3336/3336/3336 2717/2717/2717 3315/3315/3315
f 2717/2717/2717 2716/2716/2716 3315/3315/3315
f 3335/3335/3335 3337/3337/3337 3336/3336/3336
f 3337/3337/3337 3338/3338/3338 3336/3336/3336
f 2718/2718/2718 2717/2717/2717 3336/3336/3336
f 3338/3338/3338 2718/2718/2718 3336/3336/3336
f 3339/3339/3339 3333/3333/3333 3222/3222/3222
f 3334/3334/3334 3333/3333/3333 3339/3339/3339
f 3335/3335/3335 3334/3334/3334 3339/3339/3339
f 3337/3337/3337 3335/3335/3335 3339/3339/3339
f 3220/3220/3220 3339/3339/3339 3222/3222/3222
f 3220/3220/3220 3221/3221/3221 3339/3339/3339
f 3221/3221/3221 3340/3340/3340 3339/3339/3339
f 3340/3340/3340 3337/3337/3337 3339/3339/3339
f 3204/3204/3204 3207/3207/3207 3233/3233/3233
f 3203/3203/3203 3204/3204/3204 3233/3233/3233
f 3262/3262/3262 3228/3228/3228 3330/3330/3330
f 3265/3265/3265 3262/3262/3262 3330/3330/3330
f 3228/3228/3228 3226/3226/3226 3330/3330/3330
f 3226/3226/3226 3225/3225/3225 3330/3330/3330
f 3229/3229/3229 3228/3228/3228 3262/3262/3262
f 3260/3260/3260 3229/3229/3229 3262/3262/3262
f 3230/3230/3230 3229/3229/3229 3260/3260/3260
f 3342/3342/3342 3341/3341/3341 3261/3261/3261
f 3263/3263/3263 3342/3342/3342 3261/3261/3261
f 3341/3341/3341 3252/3252/3252 3261/3261/3261
f 3342/3342/3342 3343/3343/3343 3341/3341/3341
f 3343/3343/3343 3344/3344/3344 3341/3341/3341
f 3254/3254/3254 3252/3252/3252 3341/3341/3341
f 3344/3344/3344 3254/3254/3254 3341/3341/3341
f 3343/3343/3343 3345/3345/3345 3344/3344/3344
f 3345/3345/3345 3346/3346/3346 3344/3344/3344
f 3256/3256/3256 3254/3254/3254 3344/3344/3344
f 3346/3346/3346 3256/3256/3256 3344/3344/3344
f 3345/3345/3345 3347/3347/3347 3346/3346/3346
f 3347/3347/3347 3348/3348/3348 3346/3346/3346
f 3258/3258/3258 3256/3256/3256 3346/3346/3346
f 3348/3348/3348 3258/3258/3258 3346/3346/3346
f 3345/3345/3345 3272/3272/3272 3347/3347/3347
f 3272/3272/3272 3274/3274/3274 3347/3347/3347
f 3270/3270/3270 3272/3272/3272 3345/3345/3345
f 3343/3343/3343 3270/3270/3270 3345/3345/3345
f 3267/3267/3267 3270/3270/3270 3343/3343/3343
f 3342/3342/3342 3267/3267/3267 3343/3343/3343
f 3264/3264/3264 3267/3267/3267 3342/3342/3342
f 3263/3263/3263 3264/3264/3264 3342/3342/3342
f 3279/3279/3279 3350/3350/3350 3349/3349/3349
f 3351/3351/3351 3279/3279/3279 3349/3349/3349
f 3350/3350/3350 3291/3291/3291 3349/3349/3349
f 3291/3291/3291 3293/3293/3293 3349/3349/3349
f 3279/3279/3279 3280/3280/3280 3350/3350/3350
f 3280/3280/3280 3282/3282/3282 3350/3350/3350
f 3289/3289/3289 3291/3291/3291 3350/3350/3350
f 3282/3282/3282 3289/3289/3289 3350/3350/3350
f 3277/3277/3277 3279/3279/3279 3351/3351/3351
f 3276/3276/3276 3277/3277/3277 3351/3351/3351
f 2769/2769/2769 2462/2462/2462 3326/3326/3326
f 2767/2767/2767 2769/2769/2769 3326/3326/3326
f 2462/2462/2462 2463/2463/2463 3326/3326/3326
f 2463/2463/2463 2469/2469/2469 3326/3326/3326
f 2765/2765/2765 2767/2767/2767 3326/3326/3326
f 2461/2461/2461 2462/2462/2462 2769/2769/2769
f 2341/2341/2341 2343/2343/2343 2681/2681/2681
f 2340/2340/2340 2341/2341/2341 2681/2681/2681
f 2780/2780/2780 2783/2783/2783 2803/2803/2803
f 2802/2802/2802 2780/2780/2780 2803/2803/2803
f 2779/2779/2779 2780/2780/2780 2802/2802/2802
f 2374/2374/2374 2559/2559/2559 2804/2804/2804
f 2373/2373/2373 2374/2374/2374 2804/2804/2804
f 2624/2624/2624 2606/2606/2606 2614/2614/2614
f 2706/2706/2706 2707/2707/2707 2309/2309/2309
f 2311/2311/2311 2706/2706/2706 2309/2309/2309
f 2701/2701/2701 2706/2706/2706 2311/2311/2311
f 2312/2312/2312 2701/2701/2701 2311/2311/2311
f 3354/3354/3354 3353/3353/3353 3352/3352/3352
f 3355/3355/3355 3354/3354/3354 3352/3352/3352
f 3356/3356/3356 3355/3355/3355 3352/3352/3352
f 3357/3357/3357 3356/3356/3356 3352/3352/3352
f 3358/3358/3358 3357/3357/3357 3352/3352/3352
f 3353/3353/3353 3358/3358/3358 3352/3352/3352
f 3353/3353/3353 3354/3354/3354 2879/2879/2879
f 3359/3359/3359 3353/3353/3353 2879/2879/2879
f 3358/3358/3358 3353/3353/3353 3359/3359/3359
f 3359/3359/3359 2879/2879/2879 2882/2882/2882
f 3360/3360/3360 3359/3359/3359 2882/2882/2882
f 3360/3360/3360 3358/3358/3358 3359/3359/3359
f 3361/3361/3361 3360/3360/3360 2882/2882/2882
f 3360/3360/3360 3361/3361/3361 3362/3362/3362
f 3363/3363/3363 3360/3360/3360 3362/3362/3362
f 3364/3364/3364 3363/3363/3363 3362/3362/3362
f 3365/3365/3365 3364/3364/3364 3362/3362/3362
f 3364/3364/3364 3365/3365/3365 2891/2891/2891
f 3364/3364/3364 2891/2891/2891 2893/2893/2893
f 3366/3366/3366 3364/3364/3364 2893/2893/2893
f 3367/3367/3367 3366/3366/3366 2893/2893/2893
f 3368/3368/3368 3367/3367/3367 2893/2893/2893
f 3368/3368/3368 2893/2893/2893 2895/2895/2895
f 3369/3369/3369 3368/3368/3368 2895/2895/2895
f 3370/3370/3370 3369/3369/3369 2895/2895/2895
f 3370/3370/3370 2895/2895/2895 2898/2898/2898
f 3371/3371/3371 3370/3370/3370 2898/2898/2898
f 3372/3372/3372 3371/3371/3371 2898/2898/2898
f 3372/3372/3372 2898/2898/2898 2901/2901/2901
f 3373/3373/3373 3372/3372/3372 2901/2901/2901
f 3374/3374/3374 3373/3373/3373 2901/2901/2901
f 3374/3374/3374 2901/2901/2901 2904/2904/2904
f 3375/3375/3375 3374/3374/3374 2904/2904/2904
f 3376/3376/3376 3375/3375/3375 2904/2904/2904
f 3376/3376/3376 2904/2904/2904 2907/2907/2907
f 3377/3377/3377 3376/3376/3376 2907/2907/2907
f 3378/3378/3378 3377/3377/3377 2907/2907/2907
f 3378/3378/3378 2907/2907/2907 2910/2910/2910
f 3379/3379/3379 3378/3378/3378 2910/2910/2910
f 3380/3380/3380 3379/3379/3379 2910/2910/2910
f 3380/3380/3380 2910/2910/2910 2913/2913/2913
f 3381/3381/3381 3380/3380/3380 2913/2913/2913
f 3380/3380/3380 3381/3381/3381 3379/3379/3379
f 3382/3382/3382 3381/3381/3381 2913/2913/2913
f 3382/3382/3382 2913/2913/2913 3383/3383/3383
f 3384/3384/3384 3382/3382/3382 3383/3383/3383
f 2438/2438/2438 3384/3384/3384 3383/3383/3383
f 2438/2438/2438 3383/3383/3383 2558/2558/2558
f 2558/2558/2558 3383/3383/3383 2556/2556/2556
f 3383/3383/3383 2915/2915/2915 2556/2556/2556
f 2913/2913/2913 2915/2915/2915 3383/3383/3383
f 2556/2556/2556 2915/2915/2915 2554/2554/2554
f 2375/2375/2375 2438/2438/2438 2558/2558/2558
f 3378/3378/3378 3379/3379/3379 3385/3385/3385
f 3379/3379/3379 3386/3386/3386 3385/3385/3385
f 3381/3381/3381 3386/3386/3386 3379/3379/3379
f 3386/3386/3386 3387/3387/3387 3385/3385/3385
f 3387/3387/3387 3386/3386/3386 3388/3388/3388
f 3386/3386/3386 3389/3389/3389 3388/3388/3388
f 3390/3390/3390 3387/3387/3387 3388/3388/3388
f 3387/3387/3387 3390/3390/3390 3385/3385/3385
f 3391/3391/3391 3390/3390/3390 3388/3388/3388
f 3392/3392/3392 3391/3391/3391 3388/3388/3388
f 3389/3389/3389 3392/3392/3392 3388/3388/3388
f 3390/3390/3390 3393/3393/3393 3385/3385/3385
f 3385/3385/3385 3393/3393/3393 3394/3394/3394
f 3393/3393/3393 3395/3395/3395 3394/3394/3394
f 3395/3395/3395 3396/3396/3396 3394/3394/3394
f 3394/3394/3394 3396/3396/3396 3397/3397/3397
f 3396/3396/3396 3398/3398/3398 3397/3397/3397
f 3398/3398/3398 3396/3396/3396 3395/3395/3395
f 3398/3398/3398 3399/3399/3399 3397/3397/3397
f 3397/3397/3397 3399/3399/3399 3400/3400/3400
f 3399/3399/3399 3401/3401/3401 3400/3400/3400
f 3401/3401/3401 3402/3402/3402 3400/3400/3400
f 3402/3402/3402 3401/3401/3401 3403/3403/3403
f 3401/3401/3401 3404/3404/3404 3403/3403/3403
f 3404/3404/3404 3401/3401/3401 3399/3399/3399
f 3398/3398/3398 3404/3404/3404 3399/3399/3399
f 3404/3404/3404 3398/3398/3398 3405/3405/3405
f 3406/3406/3406 3404/3404/3404 3405/3405/3405
f 3404/3404/3404 3406/3406/3406 3403/3403/3403
f 3407/3407/3407 3406/3406/3406 3405/3405/3405
f 3398/3398/3398 3408/3408/3408 3405/3405/3405
f 3408/3408/3408 3398/3398/3398 3395/3395/3395
f 3409/3409/3409 3407/3407/3407 3405/3405/3405
f 3410/3410/3410 3409/3409/3409 3405/3405/3405
f 3403/3403/3403 3406/3406/3406 2868/2868/2868
f 3406/3406/3406 3407/3407/3407 2868/2868/2868
f 3411/3411/3411 3403/3403/3403 2868/2868/2868
f 3411/3411/3411 2868/2868/2868 2870/2870/2870
f 3412/3412/3412 3411/3411/3411 2870/2870/2870
f 3411/3411/3411 3412/3412/3412 3403/3403/3403
f 3413/3413/3413 3412/3412/3412 2870/2870/2870
f 3413/3413/3413 2870/2870/2870 2873/2873/2873
f 3414/3414/3414 3413/3413/3413 2873/2873/2873
f 3415/3415/3415 3414/3414/3414 2873/2873/2873
f 3415/3415/3415 2873/2873/2873 2876/2876/2876
f 3355/3355/3355 3415/3415/3415 2876/2876/2876
f 3415/3415/3415 3355/3355/3355 3414/3414/3414
f 3354/3354/3354 3355/3355/3355 2876/2876/2876
f 3354/3354/3354 2876/2876/2876 2879/2879/2879
f 3407/3407/3407 2866/2866/2866 2868/2868/2868
f 3407/3407/3407 3409/3409/3409 2866/2866/2866
f 3409/3409/3409 2863/2863/2863 2866/2866/2866
f 3409/3409/3409 2861/2861/2861 2863/2863/2863
f 3409/3409/3409 3410/3410/3410 2861/2861/2861
f 3410/3410/3410 2421/2421/2421 2861/2861/2861
f 2421/2421/2421 2420/2420/2420 2861/2861/2861
f 2420/2420/2420 2860/2860/2860 2861/2861/2861
f 2420/2420/2420 2417/2417/2417 2860/2860/2860
f 2417/2417/2417 2416/2416/2416 2860/2860/2860
f 2416/2416/2416 2856/2856/2856 2860/2860/2860
f 2416/2416/2416 2415/2415/2415 2856/2856/2856
f 2415/2415/2415 2855/2855/2855 2856/2856/2856
f 2415/2415/2415 2413/2413/2413 2855/2855/2855
f 2413/2413/2413 3416/3416/3416 2855/2855/2855
f 3416/3416/3416 2852/2852/2852 2855/2855/2855
f 3417/3417/3417 2852/2852/2852 3416/3416/3416
f 3418/3418/3418 3417/3417/3417 3416/3416/3416
f 3417/3417/3417 3418/3418/3418 3419/3419/3419
f 3420/3420/3420 3417/3417/3417 3419/3419/3419
f 2412/2412/2412 3418/3418/3418 3416/3416/3416
f 2413/2413/2413 2412/2412/2412 3416/3416/3416
f 3417/3417/3417 2848/2848/2848 2852/2852/2852
f 3417/3417/3417 3420/3420/3420 2848/2848/2848
f 3420/3420/3420 2845/2845/2845 2848/2848/2848
f 3420/3420/3420 2843/2843/2843 2845/2845/2845
f 3420/3420/3420 3419/3419/3419 2843/2843/2843
f 3419/3419/3419 3421/3421/3421 2843/2843/2843
f 3418/3418/3418 2412/2412/2412 3421/3421/3421
f 3419/3419/3419 3418/3418/3418 3421/3421/3421
f 3421/3421/3421 2409/2409/2409 2843/2843/2843
f 2409/2409/2409 2841/2841/2841 2843/2843/2843
f 2409/2409/2409 2408/2408/2408 2841/2841/2841
f 2408/2408/2408 2839/2839/2839 2841/2841/2841
f 2408/2408/2408 2406/2406/2406 2839/2839/2839
f 2406/2406/2406 2837/2837/2837 2839/2839/2839
f 2406/2406/2406 2405/2405/2405 2837/2837/2837
f 2410/2410/2410 2409/2409/2409 3421/3421/3421
f 2412/2412/2412 2410/2410/2410 3421/3421/3421
f 3424/3424/3424 3423/3423/3423 3422/3422/3422
f 3425/3425/3425 3424/3424/3424 3422/3422/3422
f 3426/3426/3426 3425/3425/3425 3422/3422/3422
f 3427/3427/3427 3426/3426/3426 3422/3422/3422
f 3428/3428/3428 3425/3425/3425 3426/3426/3426
f 3429/3429/3429 3428/3428/3428 3426/3426/3426
f 3430/3430/3430 3428/3428/3428 3429/3429/3429
f 3431/3431/3431 3430/3430/3430 3429/3429/3429
f 3432/3432/3432 3430/3430/3430 3431/3431/3431
f 3433/3433/3433 3432/3432/3432 3431/3431/3431
f 3434/3434/3434 3432/3432/3432 3433/3433/3433
f 3435/3435/3435 3434/3434/3434 3433/3433/3433
f 3436/3436/3436 3434/3434/3434 3435/3435/3435
f 3437/3437/3437 3436/3436/3436 3435/3435/3435
f 3438/3438/3438 3436/3436/3436 3437/3437/3437
f 3439/3439/3439 3438/3438/3438 3437/3437/3437
f 3440/3440/3440 3438/3438/3438 3439/3439/3439
f 3441/3441/3441 3440/3440/3440 3439/3439/3439
f 3442/3442/3442 3440/3440/3440 3441/3441/3441
f 3443/3443/3443 3442/3442/3442 3441/3441/3441
f 3444/3444/3444 3442/3442/3442 3443/3443/3443
f 3445/3445/3445 3444/3444/3444 3443/3443/3443
f 3430/3430/3430 3432/3432/3432 3446/3446/3446
f 3430/3430/3430 3446/3446/3446 3447/3447/3447
f 3446/3446/3446 3448/3448/3448 3447/3447/3447
f 3448/3448/3448 3449/3449/3449 3447/3447/3447
f 3447/3447/3447 3449/3449/3449 3450/3450/3450
f 3450/3450/3450 3449/3449/3449 3451/3451/3451
f 3449/3449/3449 3452/3452/3452 3451/3451/3451
f 3451/3451/3451 3452/3452/3452 3453/3453/3453
f 3452/3452/3452 3454/3454/3454 3453/3453/3453
f 3454/3454/3454 3455/3455/3455 3453/3453/3453
f 3455/3455/3455 3456/3456/3456 3453/3453/3453
f 3453/3453/3453 3456/3456/3456 3457/3457/3457
f 3456/3456/3456 3458/3458/3458 3457/3457/3457
f 3458/3458/3458 3459/3459/3459 3457/3457/3457
f 3460/3460/3460 3453/3453/3453 3457/3457/3457
f 3461/3461/3461 3451/3451/3451 3453/3453/3453
f 3460/3460/3460 3461/3461/3461 3453/3453/3453
f 3462/3462/3462 3450/3450/3450 3451/3451/3451
f 3461/3461/3461 3462/3462/3462 3451/3451/3451
f 3424/3424/3424 3447/3447/3447 3450/3450/3450
f 3423/3423/3423 3424/3424/3424 3450/3450/3450
f 3462/3462/3462 3423/3423/3423 3450/3450/3450
f 3459/3459/3459 3458/3458/3458 3463/3463/3463
f 3458/3458/3458 3464/3464/3464 3463/3463/3463
f 3464/3464/3464 3465/3465/3465 3463/3463/3463
f 3465/3465/3465 3466/3466/3466 3463/3463/3463
f 3467/3467/3467 3465/3465/3465 3464/3464/3464
f 3468/3468/3468 3467/3467/3467 3464/3464/3464
f 3469/3469/3469 3468/3468/3468 3464/3464/3464
f 3458/3458/3458 3469/3469/3469 3464/3464/3464
f 3458/3458/3458 3456/3456/3456 3469/3469/3469
f 3470/3470/3470 3468/3468/3468 3469/3469/3469
f 3471/3471/3471 3470/3470/3470 3469/3469/3469
f 3472/3472/3472 3471/3471/3471 3469/3469/3469
f 3455/3455/3455 3472/3472/3472 3469/3469/3469
f 3456/3456/3456 3455/3455/3455 3469/3469/3469
f 3473/3473/3473 3471/3471/3471 3472/3472/3472
f 3474/3474/3474 3473/3473/3473 3472/3472/3472
f 3475/3475/3475 3474/3474/3474 3472/3472/3472
f 3476/3476/3476 3475/3475/3475 3472/3472/3472
f 3454/3454/3454 3476/3476/3476 3472/3472/3472
f 3455/3455/3455 3454/3454/3454 3472/3472/3472
f 3477/3477/3477 3475/3475/3475 3476/3476/3476
f 3478/3478/3478 3477/3477/3477 3476/3476/3476
f 3452/3452/3452 3478/3478/3478 3476/3476/3476
f 3454/3454/3454 3452/3452/3452 3476/3476/3476
f 3479/3479/3479 3477/3477/3477 3478/3478/3478
f 3448/3448/3448 3479/3479/3479 3478/3478/3478
f 3479/3479/3479 3448/3448/3448 3446/3446/3446
f 3480/3480/3480 3479/3479/3479 3446/3446/3446
f 3432/3432/3432 3480/3480/3480 3446/3446/3446
f 3481/3481/3481 3479/3479/3479 3480/3480/3480
f 3479/3479/3479 3481/3481/3481 3477/3477/3477
f 3482/3482/3482 3481/3481/3481 3480/3480/3480
f 3434/3434/3434 3482/3482/3482 3480/3480/3480
f 3432/3432/3432 3434/3434/3434 3480/3480/3480
f 3483/3483/3483 3481/3481/3481 3482/3482/3482
f 3484/3484/3484 3483/3483/3483 3482/3482/3482
f 3436/3436/3436 3484/3484/3484 3482/3482/3482
f 3434/3434/3434 3436/3436/3436 3482/3482/3482
f 3485/3485/3485 3483/3483/3483 3484/3484/3484
f 3486/3486/3486 3485/3485/3485 3484/3484/3484
f 3438/3438/3438 3486/3486/3486 3484/3484/3484
f 3436/3436/3436 3438/3438/3438 3484/3484/3484
f 3487/3487/3487 3485/3485/3485 3486/3486/3486
f 3488/3488/3488 3487/3487/3487 3486/3486/3486
f 3440/3440/3440 3488/3488/3488 3486/3486/3486
f 3438/3438/3438 3440/3440/3440 3486/3486/3486
f 3489/3489/3489 3487/3487/3487 3488/3488/3488
f 3490/3490/3490 3489/3489/3489 3488/3488/3488
f 3442/3442/3442 3490/3490/3490 3488/3488/3488
f 3440/3440/3440 3442/3442/3442 3488/3488/3488
f 3491/3491/3491 3489/3489/3489 3490/3490/3490
f 3492/3492/3492 3491/3491/3491 3490/3490/3490
f 3444/3444/3444 3492/3492/3492 3490/3490/3490
f 3442/3442/3442 3444/3444/3444 3490/3490/3490
f 3483/3483/3483 3485/3485/3485 3493/3493/3493
f 3483/3483/3483 3493/3493/3493 3494/3494/3494
f 3493/3493/3493 3495/3495/3495 3494/3494/3494
f 3495/3495/3495 3496/3496/3496 3494/3494/3494
f 3494/3494/3494 3496/3496/3496 3477/3477/3477
f 3496/3496/3496 3475/3475/3475 3477/3477/3477
f 3481/3481/3481 3494/3494/3494 3477/3477/3477
f 3481/3481/3481 3483/3483/3483 3494/3494/3494
f 3497/3497/3497 3495/3495/3495 3493/3493/3493
f 3498/3498/3498 3497/3497/3497 3493/3493/3493
f 3485/3485/3485 3498/3498/3498 3493/3493/3493
f 3499/3499/3499 3497/3497/3497 3498/3498/3498
f 3500/3500/3500 3499/3499/3499 3498/3498/3498
f 3487/3487/3487 3500/3500/3500 3498/3498/3498
f 3485/3485/3485 3487/3487/3487 3498/3498/3498
f 3501/3501/3501 3499/3499/3499 3500/3500/3500
f 3502/3502/3502 3501/3501/3501 3500/3500/3500
f 3489/3489/3489 3502/3502/3502 3500/3500/3500
f 3487/3487/3487 3489/3489/3489 3500/3500/3500
f 3503/3503/3503 3501/3501/3501 3502/3502/3502
f 3504/3504/3504 3503/3503/3503 3502/3502/3502
f 3491/3491/3491 3504/3504/3504 3502/3502/3502
f 3489/3489/3489 3491/3491/3491 3502/3502/3502
f 3475/3475/3475 3496/3496/3496 3505/3505/3505
f 3496/3496/3496 3495/3495/3495 3505/3505/3505
f 3495/3495/3495 3506/3506/3506 3505/3505/3505
f 3495/3495/3495 3497/3497/3497 3506/3506/3506
f 3505/3505/3505 3506/3506/3506 3507/3507/3507
f 3506/3506/3506 3508/3508/3508 3507/3507/3507
f 3508/3508/3508 3509/3509/3509 3507/3507/3507
f 3509/3509/3509 3510/3510/3510 3507/3507/3507
f 3510/3510/3510 3509/3509/3509 3511/3511/3511
f 3509/3509/3509 3512/3512/3512 3511/3511/3511
f 3512/3512/3512 3513/3513/3513 3511/3511/3511
f 3513/3513/3513 3512/3512/3512 3144/3144/3144
f 3512/3512/3512 3146/3146/3146 3144/3144/3144
f 3143/3143/3143 3513/3513/3513 3144/3144/3144
f 3511/3511/3511 3513/3513/3513 3143/3143/3143
f 3137/3137/3137 3511/3511/3511 3143/3143/3143
f 3514/3514/3514 3510/3510/3510 3511/3511/3511
f 3136/3136/3136 3514/3514/3514 3511/3511/3511
f 3137/3137/3137 3136/3136/3136 3511/3511/3511
f 3515/3515/3515 3510/3510/3510 3514/3514/3514
f 3507/3507/3507 3510/3510/3510 3515/3515/3515
f 3516/3516/3516 3515/3515/3515 3514/3514/3514
f 3134/3134/3134 3516/3516/3516 3514/3514/3514
f 3136/3136/3136 3134/3134/3134 3514/3514/3514
f 3470/3470/3470 3515/3515/3515 3516/3516/3516
f 3517/3517/3517 3470/3470/3470 3516/3516/3516
f 3133/3133/3133 3517/3517/3517 3516/3516/3516
f 3134/3134/3134 3133/3133/3133 3516/3516/3516
f 3468/3468/3468 3470/3470/3470 3517/3517/3517
f 3467/3467/3467 3468/3468/3468 3517/3517/3517
f 3518/3518/3518 3467/3467/3467 3517/3517/3517
f 3133/3133/3133 3518/3518/3518 3517/3517/3517
f 3518/3518/3518 3133/3133/3133 3131/3131/3131
f 3519/3519/3519 3518/3518/3518 3131/3131/3131
f 3130/3130/3130 3519/3519/3519 3131/3131/3131
f 3520/3520/3520 3519/3519/3519 3130/3130/3130
f 3521/3521/3521 3520/3520/3520 3130/3130/3130
f 3123/3123/3123 3521/3521/3521 3130/3130/3130
f 3122/3122/3122 3123/3123/3123 3130/3130/3130
f 3522/3522/3522 3520/3520/3520 3521/3521/3521
f 3523/3523/3523 3522/3522/3522 3521/3521/3521
f 3124/3124/3124 3523/3523/3523 3521/3521/3521
f 3123/3123/3123 3124/3124/3124 3521/3521/3521
f 3518/3518/3518 3524/3524/3524 3467/3467/3467
f 3519/3519/3519 3520/3520/3520 3524/3524/3524
f 3518/3518/3518 3519/3519/3519 3524/3524/3524
f 3520/3520/3520 3522/3522/3522 3524/3524/3524
f 3524/3524/3524 3465/3465/3465 3467/3467/3467
f 3466/3466/3466 3465/3465/3465 3524/3524/3524
f 3525/3525/3525 3466/3466/3466 3524/3524/3524
f 3522/3522/3522 3525/3525/3525 3524/3524/3524
f 3365/3365/3365 2888/2888/2888 2891/2891/2891
f 3365/3365/3365 2885/2885/2885 2888/2888/2888
f 3365/3365/3365 3362/3362/3362 2885/2885/2885
f 3362/3362/3362 3361/3361/3361 2885/2885/2885
f 3361/3361/3361 2882/2882/2882 2885/2885/2885
f 3050/3050/3050 3099/3099/3099 3102/3102/3102
f 3048/3048/3048 3050/3050/3050 3102/3102/3102
f 3105/3105/3105 3048/3048/3048 3102/3102/3102
f 3050/3050/3050 3051/3051/3051 3099/3099/3099
f 3051/3051/3051 3053/3053/3053 3099/3099/3099
f 3053/3053/3053 3097/3097/3097 3099/3099/3099
f 3053/3053/3053 3054/3054/3054 3097/3097/3097
f 3054/3054/3054 3055/3055/3055 3097/3097/3097
f 3055/3055/3055 3056/3056/3056 3097/3097/3097
f 3056/3056/3056 3095/3095/3095 3097/3097/3097
f 3056/3056/3056 3057/3057/3057 3095/3095/3095
f 3057/3057/3057 3093/3093/3093 3095/3095/3095
f 3057/3057/3057 3058/3058/3058 3093/3093/3093
f 3058/3058/3058 3091/3091/3091 3093/3093/3093
f 3058/3058/3058 3059/3059/3059 3091/3091/3091
f 3059/3059/3059 3088/3088/3088 3091/3091/3091
f 3059/3059/3059 3060/3060/3060 3088/3088/3088
f 3105/3105/3105 3108/3108/3108 3048/3048/3048
f 3108/3108/3108 3047/3047/3047 3048/3048/3048
f 3108/3108/3108 3109/3109/3109 3047/3047/3047
f 3109/3109/3109 3046/3046/3046 3047/3047/3047
f 3526/3526/3526 3090/3090/3090 3089/3089/3089
f 3527/3527/3527 3526/3526/3526 3089/3089/3089
f 3528/3528/3528 3527/3527/3527 3089/3089/3089
f 3082/3082/3082 3528/3528/3528 3089/3089/3089
f 3529/3529/3529 3527/3527/3527 3528/3528/3528
f 3530/3530/3530 3529/3529/3529 3528/3528/3528
f 3079/3079/3079 3530/3530/3530 3528/3528/3528
f 3078/3078/3078 3079/3079/3079 3528/3528/3528
f 3076/3076/3076 3078/3078/3078 3528/3528/3528
f 3082/3082/3082 3076/3076/3076 3528/3528/3528
f 3090/3090/3090 3526/3526/3526 3531/3531/3531
f 3526/3526/3526 3532/3532/3532 3531/3531/3531
f 3527/3527/3527 3529/3529/3529 3532/3532/3532
f 3526/3526/3526 3527/3527/3527 3532/3532/3532
f 3532/3532/3532 3533/3533/3533 3531/3531/3531
f 3531/3531/3531 3533/3533/3533 3534/3534/3534
f 3533/3533/3533 3535/3535/3535 3534/3534/3534
f 3534/3534/3534 3535/3535/3535 3536/3536/3536
f 3535/3535/3535 3537/3537/3537 3536/3536/3536
f 3536/3536/3536 3537/3537/3537 3538/3538/3538
f 3100/3100/3100 3536/3536/3536 3538/3538/3538
f 3101/3101/3101 3100/3100/3100 3538/3538/3538
f 3104/3104/3104 3101/3101/3101 3538/3538/3538
f 3094/3094/3094 3534/3534/3534 3536/3536/3536
f 3096/3096/3096 3094/3094/3094 3536/3536/3536
f 3098/3098/3098 3096/3096/3096 3536/3536/3536
f 3100/3100/3100 3098/3098/3098 3536/3536/3536
f 3092/3092/3092 3531/3531/3531 3534/3534/3534
f 3094/3094/3094 3092/3092/3092 3534/3534/3534
f 3092/3092/3092 3090/3090/3090 3531/3531/3531
f 3428/3428/3428 3430/3430/3430 3447/3447/3447
f 3425/3425/3425 3428/3428/3428 3447/3447/3447
f 3424/3424/3424 3425/3425/3425 3447/3447/3447
f 3449/3449/3449 3448/3448/3448 3478/3478/3478
f 3452/3452/3452 3449/3449/3449 3478/3478/3478
f 3473/3473/3473 3507/3507/3507 3515/3515/3515
f 3471/3471/3471 3473/3473/3473 3515/3515/3515
f 3470/3470/3470 3471/3471/3471 3515/3515/3515
f 3473/3473/3473 3474/3474/3474 3507/3507/3507
f 3474/3474/3474 3505/3505/3505 3507/3507/3507
f 3474/3474/3474 3475/3475/3475 3505/3505/3505
f 3539/3539/3539 3508/3508/3508 3506/3506/3506
f 3540/3540/3540 3539/3539/3539 3506/3506/3506
f 3497/3497/3497 3540/3540/3540 3506/3506/3506
f 3541/3541/3541 3539/3539/3539 3540/3540/3540
f 3542/3542/3542 3541/3541/3541 3540/3540/3540
f 3499/3499/3499 3542/3542/3542 3540/3540/3540
f 3497/3497/3497 3499/3499/3499 3540/3540/3540
f 3543/3543/3543 3541/3541/3541 3542/3542/3542
f 3544/3544/3544 3543/3543/3543 3542/3542/3542
f 3501/3501/3501 3544/3544/3544 3542/3542/3542
f 3499/3499/3499 3501/3501/3501 3542/3542/3542
f 3545/3545/3545 3543/3543/3543 3544/3544/3544
f 3546/3546/3546 3545/3545/3545 3544/3544/3544
f 3503/3503/3503 3546/3546/3546 3544/3544/3544
f 3501/3501/3501 3503/3503/3503 3544/3544/3544
f 3147/3147/3147 3543/3543/3543 3545/3545/3545
f 3149/3149/3149 3147/3147/3147 3545/3545/3545
f 3146/3146/3146 3541/3541/3541 3543/3543/3543
f 3147/3147/3147 3146/3146/3146 3543/3543/3543
f 3512/3512/3512 3539/3539/3539 3541/3541/3541
f 3146/3146/3146 3512/3512/3512 3541/3541/3541
f 3512/3512/3512 3509/3509/3509 3539/3539/3539
f 3509/3509/3509 3508/3508/3508 3539/3539/3539
f 3154/3154/3154 3548/3548/3548 3547/3547/3547
f 3549/3549/3549 3154/3154/3154 3547/3547/3547
f 3166/3166/3166 3549/3549/3549 3547/3547/3547
f 3168/3168/3168 3166/3166/3166 3547/3547/3547
f 3155/3155/3155 3154/3154/3154 3549/3549/3549
f 3157/3157/3157 3155/3155/3155 3549/3549/3549
f 3164/3164/3164 3157/3157/3157 3549/3549/3549
f 3166/3166/3166 3164/3164/3164 3549/3549/3549
f 3154/3154/3154 3152/3152/3152 3548/3548/3548
f 3152/3152/3152 3151/3151/3151 3548/3548/3548
f 3003/3003/3003 3005/3005/3005 3141/3141/3141
f 2990/2990/2990 3003/3003/3003 3141/3141/3141
f 2991/2991/2991 2990/2990/2990 3141/3141/3141
f 2997/2997/2997 2991/2991/2991 3141/3141/3141
f 3005/3005/3005 3007/3007/3007 3141/3141/3141
f 2990/2990/2990 2989/2989/2989 3003/3003/3003
f 2989/2989/2989 3001/3001/3001 3003/3003/3003
f 2949/2949/2949 2951/2951/2951 2961/2961/2961
f 3550/3550/3550 3402/3402/3402 3403/3403/3403
f 3412/3412/3412 3550/3550/3550 3403/3403/3403
f 3551/3551/3551 3402/3402/3402 3550/3550/3550
f 3552/3552/3552 3551/3551/3551 3550/3550/3550
f 3553/3553/3553 3552/3552/3552 3550/3550/3550
f 3412/3412/3412 3553/3553/3553 3550/3550/3550
f 3412/3412/3412 3413/3413/3413 3553/3553/3553
f 3413/3413/3413 3414/3414/3414 3553/3553/3553
f 3554/3554/3554 3552/3552/3552 3553/3553/3553
f 3551/3551/3551 3552/3552/3552 3554/3554/3554
f 3555/3555/3555 3554/3554/3554 3553/3553/3553
f 3356/3356/3356 3555/3555/3555 3553/3553/3553
f 3414/3414/3414 3356/3356/3356 3553/3553/3553
f 3367/3367/3367 3554/3554/3554 3555/3555/3555
f 3556/3556/3556 3367/3367/3367 3555/3555/3555
f 3357/3357/3357 3556/3556/3556 3555/3555/3555
f 3356/3356/3356 3357/3357/3357 3555/3555/3555
f 3366/3366/3366 3367/3367/3367 3556/3556/3556
f 3557/3557/3557 3366/3366/3366 3556/3556/3556
f 3358/3358/3358 3557/3557/3557 3556/3556/3556
f 3357/3357/3357 3358/3358/3358 3556/3556/3556
f 3364/3364/3364 3366/3366/3366 3557/3557/3557
f 3363/3363/3363 3364/3364/3364 3557/3557/3557
f 3360/3360/3360 3363/3363/3363 3557/3557/3557
f 3358/3358/3358 3360/3360/3360 3557/3557/3557
f 3367/3367/3367 3368/3368/3368 3554/3554/3554
f 3368/3368/3368 3369/3369/3369 3554/3554/3554
f 3369/3369/3369 3551/3551/3551 3554/3554/3554
f 3369/3369/3369 3370/3370/3370 3551/3551/3551
f 3370/3370/3370 3371/3371/3371 3551/3551/3551
f 3371/3371/3371 3400/3400/3400 3551/3551/3551
f 3400/3400/3400 3402/3402/3402 3551/3551/3551
f 3371/3371/3371 3372/3372/3372 3400/3400/3400
f 3372/3372/3372 3373/3373/3373 3400/3400/3400
f 3373/3373/3373 3397/3397/3397 3400/3400/3400
f 3373/3373/3373 3374/3374/3374 3397/3397/3397
f 3374/3374/3374 3375/3375/3375 3397/3397/3397
f 3375/3375/3375 3394/3394/3394 3397/3397/3397
f 3375/3375/3375 3376/3376/3376 3394/3394/3394
f 3376/3376/3376 3377/3377/3377 3394/3394/3394
f 3377/3377/3377 3385/3385/3385 3394/3394/3394
f 3377/3377/3377 3378/3378/3378 3385/3385/3385
f 3558/3558/3558 3395/3395/3395 3393/3393/3393
f 3390/3390/3390 3558/3558/3558 3393/3393/3393
f 3390/3390/3390 3391/3391/3391 3558/3558/3558
f 3391/3391/3391 3559/3559/3559 3558/3558/3558
f 3559/3559/3559 3560/3560/3560 3558/3558/3558
f 3560/3560/3560 3561/3561/3561 3558/3558/3558
f 3408/3408/3408 3395/3395/3395 3558/3558/3558
f 3561/3561/3561 3408/3408/3408 3558/3558/3558
f 3391/3391/3391 3392/3392/3392 3559/3559/3559
f 3392/3392/3392 3562/3562/3562 3559/3559/3559
f 3563/3563/3563 3560/3560/3560 3559/3559/3559
f 3562/3562/3562 3563/3563/3563 3559/3559/3559
f 3562/3562/3562 3564/3564/3564 3563/3563/3563
f 3564/3564/3564 3565/3565/3565 3563/3563/3563
f 3566/3566/3566 3560/3560/3560 3563/3563/3563
f 3561/3561/3561 3560/3560/3560 3566/3566/3566
f 3567/3567/3567 3566/3566/3566 3563/3563/3563
f 3568/3568/3568 3567/3567/3567 3563/3563/3563
f 3565/3565/3565 3568/3568/3568 3563/3563/3563
f 3565/3565/3565 3569/3569/3569 3568/3568/3568
f 3565/3565/3565 3564/3564/3564 3569/3569/3569
f 3569/3569/3569 3570/3570/3570 3568/3568/3568
f 2427/2427/2427 3567/3567/3567 3568/3568/3568
f 2429/2429/2429 2427/2427/2427 3568/3568/3568
f 2430/2430/2430 2429/2429/2429 3568/3568/3568
f 3570/3570/3570 2430/2430/2430 3568/3568/3568
f 3564/3564/3564 3571/3571/3571 3569/3569/3569
f 3571/3571/3571 2436/2436/2436 3569/3569/3569
f 2436/2436/2436 2435/2435/2435 3569/3569/3569
f 2434/2434/2434 3570/3570/3570 3569/3569/3569
f 2435/2435/2435 2434/2434/2434 3569/3569/3569
f 2437/2437/2437 2436/2436/2436 3571/3571/3571
f 3572/3572/3572 2437/2437/2437 3571/3571/3571
f 3573/3573/3573 3572/3572/3572 3571/3571/3571
f 3564/3564/3564 3573/3573/3573 3571/3571/3571
f 3384/3384/3384 3572/3572/3572 3573/3573/3573
f 3574/3574/3574 3384/3384/3384 3573/3573/3573
f 3389/3389/3389 3574/3574/3574 3573/3573/3573
f 3392/3392/3392 3389/3389/3389 3573/3573/3573
f 3562/3562/3562 3392/3392/3392 3573/3573/3573
f 3564/3564/3564 3562/3562/3562 3573/3573/3573
f 3382/3382/3382 3384/3384/3384 3574/3574/3574
f 3381/3381/3381 3382/3382/3382 3574/3574/3574
f 3386/3386/3386 3381/3381/3381 3574/3574/3574
f 3389/3389/3389 3386/3386/3386 3574/3574/3574
f 2438/2438/2438 2437/2437/2437 3572/3572/3572
f 3384/3384/3384 2438/2438/2438 3572/3572/3572
f 2434/2434/2434 2433/2433/2433 3570/3570/3570
f 2433/2433/2433 2430/2430/2430 3570/3570/3570
f 2425/2425/2425 3566/3566/3566 3567/3567/3567
f 2427/2427/2427 2425/2425/2425 3567/3567/3567
f 2425/2425/2425 2424/2424/2424 3566/3566/3566
f 2424/2424/2424 3575/3575/3575 3566/3566/3566
f 3575/3575/3575 3561/3561/3561 3566/3566/3566
f 3408/3408/3408 3561/3561/3561 3575/3575/3575
f 3405/3405/3405 3408/3408/3408 3575/3575/3575
f 3410/3410/3410 3405/3405/3405 3575/3575/3575
f 2424/2424/2424 3410/3410/3410 3575/3575/3575
f 3410/3410/3410 2424/2424/2424 2421/2421/2421
f 3355/3355/3355 3356/3356/3356 3414/3414/3414

